market,result,status,settlement_ts,close_time,watch_close_time,watch_status,first_seen_ts,last_seen_ts,heartbeat_count,source
KXBTC15M-26APR250045-45,no,finalized,2026-04-25T04:45:09.932509Z,2026-04-25T04:45:00Z,2026-04-25T04:45:00Z,active,2026-04-25 00:32:18,2026-04-25 00:45:20,61,kalshi_api
KXBTC15M-26APR250100-00,yes,finalized,2026-04-25T05:00:09.864613Z,2026-04-25T05:00:00Z,2026-04-25T05:00:00Z,active,2026-04-25 00:45:29,2026-04-25 01:00:22,120,kalshi_api
KXBTC15M-26APR250115-15,no,finalized,2026-04-25T05:15:09.929772Z,2026-04-25T05:15:00Z,2026-04-25T05:15:00Z,active,2026-04-25 01:00:29,2026-04-25 01:15:10,118,kalshi_api
KXBTC15M-26APR250130-30,yes,finalized,2026-04-25T05:30:09.96576Z,2026-04-25T05:30:00Z,2026-04-25T05:30:00Z,active,2026-04-25 01:15:14,2026-04-25 01:30:11,120,kalshi_api
KXBTC15M-26APR250145-45,yes,finalized,2026-04-25T05:45:09.940245Z,2026-04-25T05:45:00Z,2026-04-25T05:45:00Z,active,2026-04-25 01:30:14,2026-04-25 01:45:13,120,kalshi_api
KXBTC15M-26APR250200-00,no,finalized,2026-04-25T06:00:09.864042Z,2026-04-25T06:00:00Z,2026-04-25T06:00:00Z,active,2026-04-25 01:45:14,2026-04-25 09:58:32,36,kalshi_api
KXBTC15M-26APR251000-00,yes,finalized,2026-04-25T14:00:09.864699Z,2026-04-25T14:00:00Z,2026-04-25T14:00:00Z,active,2026-04-25 09:58:36,2026-04-25 10:00:01,12,kalshi_api
KXBTC15M-26APR251015-15,no,finalized,2026-04-25T14:15:09.863081Z,2026-04-25T14:15:00Z,2026-04-25T14:15:00Z,active,2026-04-25 10:00:14,2026-04-25 10:15:18,122,kalshi_api
KXBTC15M-26APR251030-30,yes,finalized,2026-04-25T14:30:09.870225Z,2026-04-25T14:30:00Z,2026-04-25T14:30:00Z,active,2026-04-25 10:15:29,2026-04-25 10:30:35,122,kalshi_api
KXBTC15M-26APR251045-45,no,finalized,2026-04-25T14:45:09.86732Z,2026-04-25T14:45:00Z,2026-04-25T14:45:00Z,active,2026-04-25 10:30:44,2026-04-25 10:45:07,116,kalshi_api
KXBTC15M-26APR251100-00,no,finalized,2026-04-25T15:00:09.867042Z,2026-04-25T15:00:00Z,2026-04-25T15:00:00Z,active,2026-04-25 10:45:14,2026-04-25 11:00:24,122,kalshi_api
KXBTC15M-26APR251115-15,yes,finalized,2026-04-25T15:15:09.867609Z,2026-04-25T15:15:00Z,2026-04-25T15:15:00Z,active,2026-04-25 11:00:29,2026-04-25 11:15:26,120,kalshi_api
KXBTC15M-26APR251130-30,yes,finalized,2026-04-25T15:30:09.867517Z,2026-04-25T15:30:00Z,2026-04-25T15:30:00Z,active,2026-04-25 11:15:29,2026-04-25 11:30:27,120,kalshi_api
KXBTC15M-26APR251145-45,no,finalized,2026-04-25T15:45:09.867825Z,2026-04-25T15:45:00Z,2026-04-25T15:45:00Z,active,2026-04-25 11:30:29,2026-04-25 11:45:00,116,kalshi_api
KXBTC15M-26APR251200-00,no,finalized,2026-04-25T16:00:09.862638Z,2026-04-25T16:00:00Z,2026-04-25T16:00:00Z,active,2026-04-25 11:45:14,2026-04-25 12:00:02,120,kalshi_api
KXBTC15M-26APR251215-15,yes,finalized,2026-04-25T16:15:11.417921Z,2026-04-25T16:15:00Z,2026-04-25T16:15:00Z,active,2026-04-25 12:00:14,2026-04-25 12:15:04,120,kalshi_api
KXBTC15M-26APR251230-30,no,finalized,2026-04-25T16:30:09.868518Z,2026-04-25T16:30:00Z,2026-04-25T16:30:00Z,active,2026-04-25 12:15:14,2026-04-25 12:30:20,122,kalshi_api
KXBTC15M-26APR251245-45,no,finalized,2026-04-25T16:45:09.869422Z,2026-04-25T16:45:00Z,2026-04-25T16:45:00Z,active,2026-04-25 12:30:29,2026-04-25 12:45:38,122,kalshi_api
KXBTC15M-26APR251300-00,yes,finalized,2026-04-25T17:00:09.868691Z,2026-04-25T17:00:00Z,2026-04-25T17:00:00Z,active,2026-04-25 12:45:44,2026-04-25 13:00:09,116,kalshi_api
KXBTC15M-26APR251315-15,no,finalized,2026-04-25T17:15:09.866475Z,2026-04-25T17:15:00Z,2026-04-25T17:15:00Z,active,2026-04-25 13:00:14,2026-04-25 13:15:11,120,kalshi_api
KXBTC15M-26APR251330-30,no,finalized,2026-04-25T17:30:09.867253Z,2026-04-25T17:30:00Z,2026-04-25T17:30:00Z,active,2026-04-25 13:15:14,2026-04-25 13:30:28,122,kalshi_api
KXBTC15M-26APR251345-45,no,finalized,2026-04-25T17:45:09.869086Z,2026-04-25T17:45:00Z,2026-04-25T17:45:00Z,active,2026-04-25 13:30:29,2026-04-25 13:45:15,118,kalshi_api
KXBTC15M-26APR251400-00,no,finalized,2026-04-25T18:00:09.869426Z,2026-04-25T18:00:00Z,2026-04-25T18:00:00Z,active,2026-04-25 13:45:29,2026-04-25 14:00:17,120,kalshi_api
KXBTC15M-26APR251415-15,yes,finalized,2026-04-25T18:15:09.873127Z,2026-04-25T18:15:00Z,2026-04-25T18:15:00Z,active,2026-04-25 14:00:29,2026-04-25 14:15:05,118,kalshi_api
KXBTC15M-26APR251430-30,yes,finalized,2026-04-25T18:30:09.872095Z,2026-04-25T18:30:00Z,2026-04-25T18:30:00Z,active,2026-04-25 14:15:14,2026-04-25 14:30:06,120,kalshi_api
KXBTC15M-26APR251445-45,yes,finalized,2026-04-25T18:45:09.86842Z,2026-04-25T18:45:00Z,2026-04-25T18:45:00Z,active,2026-04-25 14:30:14,2026-04-25 14:45:07,120,kalshi_api
KXBTC15M-26APR251500-00,no,finalized,2026-04-25T19:00:09.870113Z,2026-04-25T19:00:00Z,2026-04-25T19:00:00Z,active,2026-04-25 14:45:13,2026-04-25 15:00:24,122,kalshi_api
KXBTC15M-26APR251515-15,yes,finalized,2026-04-25T19:15:09.868465Z,2026-04-25T19:15:00Z,2026-04-25T19:15:00Z,active,2026-04-25 15:00:29,2026-04-25 15:15:26,120,kalshi_api
KXBTC15M-26APR251530-30,no,finalized,2026-04-25T19:30:09.867023Z,2026-04-25T19:30:00Z,2026-04-25T19:30:00Z,active,2026-04-25 15:15:29,2026-04-25 15:30:13,118,kalshi_api
KXBTC15M-26APR251545-45,no,finalized,2026-04-25T19:45:09.877337Z,2026-04-25T19:45:00Z,2026-04-25T19:45:00Z,active,2026-04-25 15:30:14,2026-04-25 15:45:00,118,kalshi_api
KXBTC15M-26APR251600-00,yes,finalized,2026-04-25T20:00:09.866521Z,2026-04-25T20:00:00Z,2026-04-25T20:00:00Z,active,2026-04-25 15:45:14,2026-04-25 16:00:17,122,kalshi_api
KXBTC15M-26APR251615-15,yes,finalized,2026-04-25T20:15:09.870413Z,2026-04-25T20:15:00Z,2026-04-25T20:15:00Z,active,2026-04-25 16:00:29,2026-04-25 16:15:19,120,kalshi_api
KXBTC15M-26APR251630-30,yes,finalized,2026-04-25T20:30:09.865227Z,2026-04-25T20:30:00Z,2026-04-25T20:30:00Z,active,2026-04-25 16:15:29,2026-04-25 16:30:22,120,kalshi_api
KXBTC15M-26APR251645-45,no,finalized,2026-04-25T20:45:09.971282Z,2026-04-25T20:45:00Z,2026-04-25T20:45:00Z,active,2026-04-25 16:30:29,2026-04-25 16:45:09,118,kalshi_api
KXBTC15M-26APR251700-00,yes,finalized,2026-04-25T21:00:09.92927Z,2026-04-25T21:00:00Z,2026-04-25T21:00:00Z,active,2026-04-25 16:45:14,2026-04-25 17:00:26,122,kalshi_api
KXBTC15M-26APR251715-15,yes,finalized,2026-04-25T21:15:09.866553Z,2026-04-25T21:15:00Z,2026-04-25T21:15:00Z,active,2026-04-25 17:00:29,2026-04-25 17:15:28,120,kalshi_api
KXBTC15M-26APR251730-30,no,finalized,2026-04-25T21:30:09.871246Z,2026-04-25T21:30:00Z,2026-04-25T21:30:00Z,active,2026-04-25 17:15:29,2026-04-25 17:30:30,120,kalshi_api
KXBTC15M-26APR251745-45,no,finalized,2026-04-25T21:45:09.868033Z,2026-04-25T21:45:00Z,2026-04-25T21:45:00Z,active,2026-04-25 17:30:44,2026-04-25 17:45:02,116,kalshi_api
KXBTC15M-26APR251800-00,yes,finalized,2026-04-25T22:00:09.869214Z,2026-04-25T22:00:00Z,2026-04-25T22:00:00Z,active,2026-04-25 17:45:13,2026-04-25 18:00:04,120,kalshi_api
KXBTC15M-26APR251815-15,yes,finalized,2026-04-25T22:15:09.958597Z,2026-04-25T22:15:00Z,2026-04-25T22:15:00Z,active,2026-04-25 18:00:14,2026-04-25 18:15:21,122,kalshi_api
KXBTC15M-26APR251830-30,yes,finalized,2026-04-25T22:30:09.86825Z,2026-04-25T22:30:00Z,2026-04-25T22:30:00Z,active,2026-04-25 18:15:29,2026-04-25 18:30:38,122,kalshi_api
KXBTC15M-26APR251845-45,yes,finalized,2026-04-25T22:45:09.923079Z,2026-04-25T22:45:00Z,2026-04-25T22:45:00Z,active,2026-04-25 18:30:44,2026-04-25 18:45:10,116,kalshi_api
KXBTC15M-26APR251900-00,no,finalized,2026-04-25T23:00:09.871516Z,2026-04-25T23:00:00Z,2026-04-25T23:00:00Z,active,2026-04-25 18:45:14,2026-04-25 19:00:12,120,kalshi_api
KXBTC15M-26APR251915-15,yes,finalized,2026-04-25T23:15:09.866369Z,2026-04-25T23:15:00Z,2026-04-25T23:15:00Z,active,2026-04-25 19:00:13,2026-04-25 19:15:15,120,kalshi_api
KXBTC15M-26APR251930-30,yes,finalized,2026-04-25T23:30:09.86915Z,2026-04-25T23:30:00Z,2026-04-25T23:30:00Z,active,2026-04-25 19:15:29,2026-04-25 19:30:16,120,kalshi_api
KXBTC15M-26APR251945-45,yes,finalized,2026-04-25T23:45:09.919915Z,2026-04-25T23:45:00Z,2026-04-25T23:45:00Z,active,2026-04-25 19:30:29,2026-04-25 19:45:03,118,kalshi_api
KXBTC15M-26APR252000-00,no,finalized,2026-04-26T00:00:19.921752Z,2026-04-26T00:00:00Z,2026-04-26T00:00:00Z,active,2026-04-25 19:45:14,2026-04-25 20:00:05,120,kalshi_api
KXBTC15M-26APR252015-15,no,finalized,2026-04-26T00:15:09.919179Z,2026-04-26T00:15:00Z,2026-04-26T00:15:00Z,active,2026-04-25 20:00:14,2026-04-25 20:15:22,122,kalshi_api
KXBTC15M-26APR252030-30,no,finalized,2026-04-26T00:30:09.864636Z,2026-04-26T00:30:00Z,2026-04-26T00:30:00Z,active,2026-04-25 20:15:29,2026-04-25 20:30:24,120,kalshi_api
KXBTC15M-26APR252045-45,yes,finalized,2026-04-26T00:45:09.870935Z,2026-04-26T00:45:00Z,2026-04-26T00:45:00Z,active,2026-04-25 20:30:29,2026-04-25 20:45:11,118,kalshi_api
KXBTC15M-26APR252100-00,no,finalized,2026-04-26T01:00:19.915731Z,2026-04-26T01:00:00Z,2026-04-26T01:00:00Z,active,2026-04-25 20:45:14,2026-04-25 21:00:28,122,kalshi_api
KXBTC15M-26APR252115-15,no,finalized,2026-04-26T01:15:09.926449Z,2026-04-26T01:15:00Z,2026-04-26T01:15:00Z,active,2026-04-25 21:00:29,2026-04-25 21:15:15,118,kalshi_api
KXBTC15M-26APR252130-30,yes,finalized,2026-04-26T01:30:09.918754Z,2026-04-26T01:30:00Z,2026-04-26T01:30:00Z,active,2026-04-25 21:15:29,2026-04-25 21:30:17,120,kalshi_api
KXBTC15M-26APR252145-45,yes,finalized,2026-04-26T01:45:09.973148Z,2026-04-26T01:45:00Z,2026-04-26T01:45:00Z,active,2026-04-25 21:30:29,2026-04-25 21:45:04,118,kalshi_api
KXBTC15M-26APR252200-00,no,finalized,2026-04-26T02:00:09.931293Z,2026-04-26T02:00:00Z,2026-04-26T02:00:00Z,active,2026-04-25 21:45:14,2026-04-25 22:00:10,120,kalshi_api
KXBTC15M-26APR252215-15,yes,finalized,2026-04-26T02:15:09.920139Z,2026-04-26T02:15:00Z,2026-04-26T02:15:00Z,active,2026-04-25 22:00:13,2026-04-25 22:15:16,120,kalshi_api
KXBTC15M-26APR252230-30,no,finalized,2026-04-26T02:30:09.86974Z,2026-04-26T02:30:00Z,2026-04-26T02:30:00Z,active,2026-04-25 22:15:29,2026-04-25 22:30:14,118,kalshi_api
KXBTC15M-26APR252245-45,no,finalized,2026-04-26T02:45:09.918503Z,2026-04-26T02:45:00Z,2026-04-26T02:45:00Z,active,2026-04-25 22:30:29,2026-04-25 22:45:06,118,kalshi_api
KXBTC15M-26APR252300-00,no,finalized,2026-04-26T03:00:09.870117Z,2026-04-26T03:00:00Z,2026-04-26T03:00:00Z,active,2026-04-25 22:45:14,2026-04-25 23:00:08,120,kalshi_api
KXBTC15M-26APR252315-15,yes,finalized,2026-04-26T03:15:09.865107Z,2026-04-26T03:15:00Z,2026-04-26T03:15:00Z,active,2026-04-25 23:00:14,2026-04-25 23:15:10,120,kalshi_api
KXBTC15M-26APR252330-30,no,finalized,2026-04-26T03:30:09.867816Z,2026-04-26T03:30:00Z,2026-04-26T03:30:00Z,active,2026-04-25 23:15:14,2026-04-25 23:30:27,122,kalshi_api
KXBTC15M-26APR252345-45,no,finalized,2026-04-26T03:45:09.922202Z,2026-04-26T03:45:00Z,2026-04-26T03:45:00Z,active,2026-04-25 23:30:29,2026-04-25 23:45:28,120,kalshi_api
KXBTC15M-26APR260000-00,yes,finalized,2026-04-26T04:00:15.023752Z,2026-04-26T04:00:00Z,2026-04-26T04:00:00Z,active,2026-04-25 23:45:29,2026-04-26 00:00:00,116,kalshi_api
KXBTC15M-26APR260015-15,yes,finalized,2026-04-26T04:15:09.920041Z,2026-04-26T04:15:00Z,2026-04-26T04:15:00Z,active,2026-04-26 00:00:14,2026-04-26 00:15:02,120,kalshi_api
KXBTC15M-26APR260030-30,yes,finalized,2026-04-26T04:30:09.921737Z,2026-04-26T04:30:00Z,2026-04-26T04:30:00Z,active,2026-04-26 00:15:14,2026-04-26 00:30:19,122,kalshi_api
KXBTC15M-26APR260045-45,yes,finalized,2026-04-26T04:45:09.917529Z,2026-04-26T04:45:00Z,2026-04-26T04:45:00Z,active,2026-04-26 00:30:29,2026-04-26 00:45:21,120,kalshi_api
KXBTC15M-26APR260100-00,yes,finalized,2026-04-26T05:00:09.916769Z,2026-04-26T05:00:00Z,2026-04-26T05:00:00Z,active,2026-04-26 00:45:29,2026-04-26 01:00:08,118,kalshi_api
KXBTC15M-26APR260115-15,yes,finalized,2026-04-26T05:15:09.918681Z,2026-04-26T05:15:00Z,2026-04-26T05:15:00Z,active,2026-04-26 01:00:14,2026-04-26 01:14:59,118,kalshi_api
KXBTC15M-26APR260130-30,no,finalized,2026-04-26T05:30:09.919548Z,2026-04-26T05:30:00Z,2026-04-26T05:30:00Z,active,2026-04-26 01:15:14,2026-04-26 01:30:16,122,kalshi_api
KXBTC15M-26APR260145-45,no,finalized,2026-04-26T05:45:09.927654Z,2026-04-26T05:45:00Z,2026-04-26T05:45:00Z,active,2026-04-26 01:30:29,2026-04-26 01:45:23,120,kalshi_api
KXBTC15M-26APR260200-00,no,finalized,2026-04-26T06:00:09.866185Z,2026-04-26T06:00:00Z,2026-04-26T06:00:00Z,active,2026-04-26 01:45:29,2026-04-26 02:00:29,120,kalshi_api
KXBTC15M-26APR260215-15,,,,2026-04-26T06:15:00Z,2026-04-26T06:15:00Z,active,2026-04-26 02:00:39,2026-04-26 02:15:05,116,api_error: 429 Client Error: Too Many Requests for url: https://api.elections.kalshi.com/trade-api/v2/markets/KXBTC15M-26APR260215-15
KXBTC15M-26APR260230-30,no,finalized,2026-04-26T06:30:09.863565Z,2026-04-26T06:30:00Z,2026-04-26T06:30:00Z,active,2026-04-26 02:15:09,2026-04-26 02:30:11,120,kalshi_api
KXBTC15M-26APR260245-45,yes,finalized,2026-04-26T06:45:09.871149Z,2026-04-26T06:45:00Z,2026-04-26T06:45:00Z,active,2026-04-26 02:30:24,2026-04-26 02:45:13,120,kalshi_api
KXBTC15M-26APR260300-00,no,finalized,2026-04-26T07:07:40.671554Z,2026-04-26T07:00:00Z,2026-04-26T07:00:00Z,active,2026-04-26 02:45:24,2026-04-26 03:00:30,122,kalshi_api
KXBTC15M-26APR260315-15,yes,finalized,2026-04-26T07:15:09.866284Z,2026-04-26T07:15:00Z,2026-04-26T07:15:00Z,active,2026-04-26 03:00:39,2026-04-26 03:15:03,116,kalshi_api
KXBTC15M-26APR260330-30,no,finalized,2026-04-26T07:30:09.865754Z,2026-04-26T07:30:00Z,2026-04-26T07:30:00Z,active,2026-04-26 03:15:09,2026-04-26 03:30:19,122,kalshi_api
KXBTC15M-26APR260345-45,no,finalized,2026-04-26T07:45:09.863247Z,2026-04-26T07:45:00Z,2026-04-26T07:45:00Z,active,2026-04-26 03:30:24,2026-04-26 03:45:21,120,kalshi_api
KXBTC15M-26APR260400-00,yes,finalized,2026-04-26T08:00:09.861616Z,2026-04-26T08:00:00Z,2026-04-26T08:00:00Z,active,2026-04-26 03:45:24,2026-04-26 04:00:38,122,kalshi_api
KXBTC15M-26APR260415-15,no,finalized,2026-04-26T08:15:09.865203Z,2026-04-26T08:15:00Z,2026-04-26T08:15:00Z,active,2026-04-26 04:00:39,2026-04-26 04:14:55,114,kalshi_api
KXBTC15M-26APR260430-30,yes,finalized,2026-04-26T08:30:09.867319Z,2026-04-26T08:30:00Z,2026-04-26T08:30:00Z,active,2026-04-26 04:15:09,2026-04-26 04:30:12,122,kalshi_api
KXBTC15M-26APR260445-45,,,,2026-04-26T08:45:00Z,2026-04-26T08:45:00Z,active,2026-04-26 04:30:24,2026-04-26 04:45:14,120,api_error: 429 Client Error: Too Many Requests for url: https://api.elections.kalshi.com/trade-api/v2/markets/KXBTC15M-26APR260445-45
KXBTC15M-26APR260500-00,no,finalized,2026-04-26T09:00:09.866132Z,2026-04-26T09:00:00Z,2026-04-26T09:00:00Z,active,2026-04-26 04:45:24,2026-04-26 05:00:31,122,kalshi_api
KXBTC15M-26APR260515-15,no,finalized,2026-04-26T09:15:09.868004Z,2026-04-26T09:15:00Z,2026-04-26T09:15:00Z,active,2026-04-26 05:00:39,2026-04-26 05:15:08,116,kalshi_api
KXBTC15M-26APR260530-30,yes,finalized,2026-04-26T09:30:09.868123Z,2026-04-26T09:30:00Z,2026-04-26T09:30:00Z,active,2026-04-26 05:15:09,2026-04-26 05:30:11,120,kalshi_api
KXBTC15M-26APR260545-45,no,finalized,2026-04-26T09:45:09.863532Z,2026-04-26T09:45:00Z,2026-04-26T09:45:00Z,active,2026-04-26 05:30:24,2026-04-26 05:45:13,120,kalshi_api
KXBTC15M-26APR260600-00,,,,2026-04-26T10:00:00Z,2026-04-26T10:00:00Z,active,2026-04-26 05:45:24,2026-04-26 06:00:30,122,api_error: 429 Client Error: Too Many Requests for url: https://api.elections.kalshi.com/trade-api/v2/markets/KXBTC15M-26APR260600-00
KXBTC15M-26APR260615-15,yes,finalized,2026-04-26T10:15:09.867164Z,2026-04-26T10:15:00Z,2026-04-26T10:15:00Z,active,2026-04-26 06:00:39,2026-04-26 06:15:02,116,kalshi_api
KXBTC15M-26APR260630-30,no,finalized,2026-04-26T10:30:09.863709Z,2026-04-26T10:30:00Z,2026-04-26T10:30:00Z,active,2026-04-26 06:15:09,2026-04-26 06:30:21,122,kalshi_api
KXBTC15M-26APR260645-45,no,finalized,2026-04-26T10:45:09.866475Z,2026-04-26T10:45:00Z,2026-04-26T10:45:00Z,active,2026-04-26 06:30:24,2026-04-26 06:45:24,120,kalshi_api
KXBTC15M-26APR260700-00,no,finalized,2026-04-26T11:00:09.861944Z,2026-04-26T11:00:00Z,2026-04-26T11:00:00Z,active,2026-04-26 06:45:24,2026-04-26 06:59:58,112,kalshi_api
KXBTC15M-26APR260715-15,yes,finalized,2026-04-26T11:15:09.865279Z,2026-04-26T11:15:00Z,2026-04-26T11:15:00Z,active,2026-04-26 07:00:09,2026-04-26 07:15:00,120,kalshi_api
KXBTC15M-26APR260730-30,yes,finalized,2026-04-26T11:30:10.164808Z,2026-04-26T11:30:00Z,2026-04-26T11:30:00Z,active,2026-04-26 07:15:09,2026-04-26 07:30:10,120,kalshi_api
KXBTC15M-26APR260745-45,no,finalized,2026-04-26T11:45:09.866528Z,2026-04-26T11:45:00Z,2026-04-26T11:45:00Z,active,2026-04-26 07:30:24,2026-04-26 07:45:28,122,kalshi_api
KXBTC15M-26APR260800-00,yes,finalized,2026-04-26T12:00:09.864545Z,2026-04-26T12:00:00Z,2026-04-26T12:00:00Z,active,2026-04-26 07:45:39,2026-04-26 07:59:54,114,kalshi_api
KXBTC15M-26APR260815-15,no,finalized,2026-04-26T12:15:09.863671Z,2026-04-26T12:15:00Z,2026-04-26T12:15:00Z,active,2026-04-26 08:00:09,2026-04-26 08:15:02,120,kalshi_api
KXBTC15M-26APR260830-30,no,finalized,2026-04-26T12:30:09.862714Z,2026-04-26T12:30:00Z,2026-04-26T12:30:00Z,active,2026-04-26 08:15:09,2026-04-26 08:30:16,120,kalshi_api
KXBTC15M-26APR260845-45,,,,2026-04-26T12:45:00Z,2026-04-26T12:45:00Z,active,2026-04-26 08:30:24,2026-04-26 08:45:35,120,api_error: 429 Client Error: Too Many Requests for url: https://api.elections.kalshi.com/trade-api/v2/markets/KXBTC15M-26APR260845-45
KXBTC15M-26APR260900-00,no,finalized,2026-04-26T13:00:09.862815Z,2026-04-26T13:00:00Z,2026-04-26T13:00:00Z,active,2026-04-26 08:45:39,2026-04-26 08:59:54,114,kalshi_api
KXBTC15M-26APR260915-15,yes,finalized,2026-04-26T13:15:09.865049Z,2026-04-26T13:15:00Z,2026-04-26T13:15:00Z,active,2026-04-26 09:00:09,2026-04-26 09:14:59,118,kalshi_api
KXBTC15M-26APR260930-30,no,finalized,2026-04-26T13:30:09.867813Z,2026-04-26T13:30:00Z,2026-04-26T13:30:00Z,active,2026-04-26 09:15:09,2026-04-26 09:30:10,120,kalshi_api
KXBTC15M-26APR260945-45,yes,finalized,2026-04-26T13:45:09.860864Z,2026-04-26T13:45:00Z,2026-04-26T13:45:00Z,active,2026-04-26 09:30:24,2026-04-26 09:45:23,120,kalshi_api
KXBTC15M-26APR261000-00,,,,2026-04-26T14:00:00Z,2026-04-26T14:00:00Z,active,2026-04-26 09:45:24,2026-04-26 10:00:24,114,api_error: 429 Client Error: Too Many Requests for url: https://api.elections.kalshi.com/trade-api/v2/markets/KXBTC15M-26APR261000-00
KXBTC15M-26APR261015-15,no,finalized,2026-04-26T14:15:09.870883Z,2026-04-26T14:15:00Z,2026-04-26T14:15:00Z,active,2026-04-26 10:00:39,2026-04-26 10:15:03,112,kalshi_api
KXBTC15M-26APR261030-30,yes,finalized,2026-04-26T14:30:09.869827Z,2026-04-26T14:30:00Z,2026-04-26T14:30:00Z,active,2026-04-26 10:15:09,2026-04-26 10:30:20,122,kalshi_api
KXBTC15M-26APR261045-45,no,finalized,2026-04-26T14:45:09.866028Z,2026-04-26T14:45:00Z,2026-04-26T14:45:00Z,active,2026-04-26 10:30:24,2026-04-26 10:45:21,120,kalshi_api
KXBTC15M-26APR261100-00,yes,finalized,2026-04-26T15:00:09.865304Z,2026-04-26T15:00:00Z,2026-04-26T15:00:00Z,active,2026-04-26 10:45:24,2026-04-26 11:00:38,122,kalshi_api
KXBTC15M-26APR261115-15,no,finalized,2026-04-26T15:15:09.871203Z,2026-04-26T15:15:00Z,2026-04-26T15:15:00Z,active,2026-04-26 11:00:39,2026-04-26 11:14:55,114,kalshi_api
KXBTC15M-26APR261130-30,no,finalized,2026-04-26T15:30:09.871091Z,2026-04-26T15:30:00Z,2026-04-26T15:30:00Z,active,2026-04-26 11:15:09,2026-04-26 11:30:12,122,kalshi_api
KXBTC15M-26APR261145-45,,,,2026-04-26T15:45:00Z,2026-04-26T15:45:00Z,active,2026-04-26 11:30:24,2026-04-26 11:45:14,120,api_error: 429 Client Error: Too Many Requests for url: https://api.elections.kalshi.com/trade-api/v2/markets/KXBTC15M-26APR261145-45
KXBTC15M-26APR261200-00,no,finalized,2026-04-26T16:00:09.870889Z,2026-04-26T16:00:00Z,2026-04-26T16:00:00Z,active,2026-04-26 11:45:24,2026-04-26 12:00:15,120,kalshi_api
KXBTC15M-26APR261215-15,no,finalized,2026-04-26T16:15:09.872996Z,2026-04-26T16:15:00Z,2026-04-26T16:15:00Z,active,2026-04-26 12:00:24,2026-04-26 12:15:32,122,kalshi_api
KXBTC15M-26APR261230-30,yes,finalized,2026-04-26T16:30:09.871588Z,2026-04-26T16:30:00Z,2026-04-26T16:30:00Z,active,2026-04-26 12:15:39,2026-04-26 12:30:04,116,kalshi_api
KXBTC15M-26APR261245-45,no,finalized,2026-04-26T16:45:09.870251Z,2026-04-26T16:45:00Z,2026-04-26T16:45:00Z,active,2026-04-26 12:30:09,2026-04-26 12:45:21,122,kalshi_api
KXBTC15M-26APR261300-00,,,,2026-04-26T17:00:00Z,2026-04-26T17:00:00Z,active,2026-04-26 12:45:23,2026-04-26 13:00:23,120,api_error: 429 Client Error: Too Many Requests for url: https://api.elections.kalshi.com/trade-api/v2/markets/KXBTC15M-26APR261300-00
KXBTC15M-26APR261315-15,yes,finalized,2026-04-26T17:15:09.866328Z,2026-04-26T17:15:00Z,2026-04-26T17:15:00Z,active,2026-04-26 13:00:24,2026-04-26 13:15:10,118,kalshi_api
KXBTC15M-26APR261330-30,yes,finalized,2026-04-26T17:30:09.868166Z,2026-04-26T17:30:00Z,2026-04-26T17:30:00Z,active,2026-04-26 13:15:24,2026-04-26 13:30:27,122,kalshi_api
KXBTC15M-26APR261345-45,no,finalized,2026-04-26T17:45:09.86906Z,2026-04-26T17:45:00Z,2026-04-26T17:45:00Z,active,2026-04-26 13:30:39,2026-04-26 13:44:59,116,kalshi_api
KXBTC15M-26APR261400-00,,active,,2026-04-26T18:00:00Z,2026-04-26T18:00:00Z,active,2026-04-26 13:45:09,2026-04-26 13:59:00,112,kalshi_api
