entry_ts,exit_ts,market,side,entry_price_cents,exit_price_cents,entry_fee_cents,exit_fee_cents,net_pnl_cents,net_pnl_dollars,exit_reason,settlement_exit,hold_seconds,pt_cents,sl_cents,max_hold_seconds,sim_expected_net_cents,sim_sharpe_like,entry_fair_side_cents,entry_z_cents,entry_seconds_to_close
2026-05-01T23:11:14.302037+00:00,2026-05-01T23:12:03.642875+00:00,KXBTC15M-26MAY011915-15,no,14.0,24.0,1.0,2.0,7.0,0.07,take_profit,False,49.341,8.0,35.0,60.0,5.785,1.906789,45.4709,26.9709,225.71
2026-05-02T00:10:02.878965+00:00,2026-05-02T00:12:17.692978+00:00,KXBTC15M-26MAY012015-15,no,18.0,23.0,2.0,2.0,1.0,0.01,max_hold,False,134.814,8.0,35.0,120.0,3.7044,1.042251,40.2125,22.2125,297.124
2026-05-02T01:36:03.286998+00:00,2026-05-02T01:38:50.465007+00:00,KXBTC15M-26MAY012145-45,no,15.0,14.0,1.0,1.0,-3.0,-0.03,max_hold,False,167.178,8.0,35.0,120.0,5.0431,1.143538,45.1012,19.6012,536.724
2026-05-02T03:35:15.115827+00:00,2026-05-02T03:38:19.400922+00:00,KXBTC15M-26MAY012345-45,no,13.0,12.0,1.0,1.0,-3.0,-0.03,max_hold,False,184.285,8.0,35.0,120.0,4.0862,0.658727,26.9794,14.4794,584.917
2026-05-03T11:51:12.272650+00:00,2026-05-03T11:52:05.342158+00:00,KXBTC15M-26MAY030800-00,no,14.0,26.0,1.0,2.0,9.0,0.09,take_profit,False,53.07,8.0,35.0,120.0,5.4356,1.110362,49.8419,16.3419,527.74
2026-05-04T08:08:26.022413+00:00,2026-05-04T08:10:23.649075+00:00,KXBTC15M-26MAY040415-15,no,67.0,81.0,2.0,2.0,10.0,0.1,take_profit,False,117.627,8.0,35.0,60.0,3.8388,1.460111,99.5,30.5,393.978
2026-05-04T09:10:35.985278+00:00,2026-05-04T09:12:36.307416+00:00,KXBTC15M-26MAY040515-15,no,15.0,25.0,1.0,2.0,7.0,0.07,take_profit,False,120.322,8.0,35.0,120.0,5.4356,1.110362,46.411,19.911,264.017
2026-05-04T09:26:34.100786+00:00,2026-05-04T09:28:05.768584+00:00,KXBTC15M-26MAY040530-30,no,19.0,18.0,2.0,2.0,-5.0,-0.05,max_hold,False,91.668,8.0,35.0,60.0,3.2044,0.901573,47.9309,24.4309,205.899
2026-05-04T09:39:45.023865+00:00,2026-05-04T09:40:47.922309+00:00,KXBTC15M-26MAY040545-45,no,12.0,11.0,1.0,1.0,-3.0,-0.03,max_hold,False,62.898,8.0,35.0,60.0,4.9463,3.254531,45.4495,33.9495,315.01
2026-05-04T13:37:25.879201+00:00,2026-05-04T13:38:27.664853+00:00,KXBTC15M-26MAY040945-45,no,22.0,28.0,2.0,2.0,2.0,0.02,max_hold,False,61.786,8.0,35.0,60.0,3.6775,0.990952,47.3934,22.8934,454.121
2026-05-04T15:52:32.689995+00:00,2026-05-04T15:55:06.436504+00:00,KXBTC15M-26MAY041200-00,no,86.0,87.0,1.0,1.0,-1.0,-0.01,max_hold,False,153.747,8.0,35.0,120.0,4.8712,0.70835,98.9383,12.4383,447.392
2026-05-04T22:51:01.817718+00:00,2026-05-04T22:54:46.071901+00:00,KXBTC15M-26MAY041900-00,no,21.0,21.0,2.0,2.0,-4.0,-0.04,max_hold,False,224.254,8.0,35.0,60.0,3.5969,0.867722,47.7165,21.2165,538.182
2026-05-05T02:08:51.989576+00:00,2026-05-05T02:13:16.047401+00:00,KXBTC15M-26MAY042215-15,no,10.0,21.0,1.0,2.0,8.0,0.08,take_profit,False,264.058,8.0,35.0,120.0,5.0325,0.788914,25.1678,9.1678,368.023
2026-05-05T19:35:09.435744+00:00,2026-05-05T19:35:29.422237+00:00,KXBTC15M-26MAY051545-45,no,17.0,59.0,1.0,2.0,39.0,0.39,take_profit,False,19.986,8.0,35.0,120.0,4.8444,0.696426,41.5213,22.0213,590.568
2026-05-05T20:06:48.362723+00:00,2026-05-05T20:07:02.552607+00:00,KXBTC15M-26MAY051615-15,no,27.0,76.0,2.0,2.0,45.0,0.45,take_profit,False,14.19,8.0,35.0,240.0,3.6315,0.995658,40.6031,8.6031,491.637
2026-05-05T20:35:04.697301+00:00,2026-05-05T20:35:11.152977+00:00,KXBTC15M-26MAY051645-45,no,13.0,51.0,1.0,2.0,35.0,0.35,take_profit,False,6.456,8.0,35.0,240.0,4.0875,0.551969,46.3779,14.3779,595.303
2026-05-05T21:06:07.729755+00:00,2026-05-05T21:10:15.188816+00:00,KXBTC15M-26MAY051715-15,no,17.0,17.0,1.0,1.0,-2.0,-0.02,max_hold,False,247.459,8.0,35.0,240.0,4.5996,0.721321,34.0433,9.5433,532.272
2026-05-05T21:50:14.914356+00:00,2026-05-05T21:54:24.123087+00:00,KXBTC15M-26MAY051800-00,no,17.0,20.0,1.0,2.0,0.0,0.0,max_hold,False,249.209,8.0,35.0,240.0,5.635,1.532996,46.3884,19.3884,585.087
2026-05-05T22:06:13.492507+00:00,2026-05-05T22:06:24.886371+00:00,KXBTC15M-26MAY051815-15,no,8.0,16.0,1.0,1.0,6.0,0.06,take_profit,False,11.394,8.0,35.0,240.0,5.65,1.54943,45.5083,37.0083,526.507
2026-05-05T22:27:04.548362+00:00,2026-05-05T22:27:23.844261+00:00,KXBTC15M-26MAY051830-30,no,4.0,79.0,1.0,2.0,72.0,0.72,take_profit,False,19.296,8.0,35.0,240.0,5.2437,0.978694,47.1941,28.1941,175.452
2026-05-05T23:44:10.008712+00:00,2026-05-05T23:44:30.024697+00:00,KXBTC15M-26MAY051945-45,no,2.0,26.0,1.0,2.0,21.0,0.21,take_profit,False,20.016,8.0,35.0,240.0,5.4596,1.409298,35.499,28.999,49.991
2026-05-06T00:05:32.001742+00:00,2026-05-06T00:09:37.704942+00:00,KXBTC15M-26MAY052015-15,no,16.0,15.0,1.0,1.0,-3.0,-0.03,max_hold,False,245.703,8.0,35.0,240.0,4.6592,0.829361,33.1268,16.6268,568.0
2026-05-06T00:54:30.237609+00:00,2026-05-06T00:56:30.621493+00:00,KXBTC15M-26MAY052100-00,no,16.0,79.0,1.0,2.0,60.0,0.6,take_profit,False,120.384,8.0,35.0,240.0,5.9463,3.912511,45.5379,27.0379,329.762
2026-05-06T01:07:17.355767+00:00,2026-05-06T01:09:10.417202+00:00,KXBTC15M-26MAY052115-15,no,15.0,24.0,1.0,2.0,6.0,0.06,take_profit,False,113.061,8.0,35.0,240.0,5.8905,2.912344,46.0576,28.0576,462.654
2026-05-06T01:20:27.280709+00:00,2026-05-06T01:24:36.104950+00:00,KXBTC15M-26MAY052130-30,no,10.0,10.0,1.0,1.0,-2.0,-0.02,max_hold,False,248.824,8.0,35.0,240.0,5.6049,1.375483,45.8425,35.8425,572.724
2026-05-06T01:42:09.290626+00:00,2026-05-06T01:42:22.107289+00:00,KXBTC15M-26MAY052145-45,no,4.0,21.0,1.0,2.0,14.0,0.14,take_profit,False,12.817,8.0,35.0,240.0,3.809,0.413751,28.8712,22.8712,170.709
2026-05-06T01:51:06.346914+00:00,2026-05-06T01:51:26.369505+00:00,KXBTC15M-26MAY052200-00,no,13.0,22.0,1.0,2.0,6.0,0.06,take_profit,False,20.023,8.0,35.0,240.0,5.0564,0.817263,45.0233,32.0233,533.657
2026-05-06T02:42:36.432448+00:00,2026-05-06T02:42:48.621665+00:00,KXBTC15M-26MAY052245-45,no,1.0,79.0,1.0,2.0,75.0,0.75,take_profit,False,12.189,8.0,35.0,240.0,3.0519,0.291471,39.7888,25.2888,143.568
2026-05-06T02:54:25.470192+00:00,2026-05-06T02:54:45.493038+00:00,KXBTC15M-26MAY052300-00,no,16.0,39.0,1.0,2.0,20.0,0.2,take_profit,False,20.023,8.0,35.0,240.0,3.2296,0.338012,47.0069,25.5069,334.531
2026-05-06T03:05:30.801300+00:00,2026-05-06T03:09:35.397623+00:00,KXBTC15M-26MAY052315-15,no,14.0,18.0,1.0,2.0,1.0,0.01,max_hold,False,244.596,8.0,35.0,240.0,3.2673,0.345632,45.5725,23.5725,569.201
2026-05-06T03:53:02.435495+00:00,2026-05-06T03:53:15.697518+00:00,KXBTC15M-26MAY060000-00,no,31.0,40.0,2.0,2.0,5.0,0.05,take_profit,False,13.262,8.0,35.0,240.0,3.3266,0.69932,58.9266,23.9266,417.565
2026-05-06T04:50:14.206442+00:00,2026-05-06T04:50:21.173047+00:00,KXBTC15M-26MAY060100-00,no,17.0,66.0,1.0,2.0,46.0,0.46,take_profit,False,6.967,8.0,35.0,240.0,5.9463,3.912511,41.9642,17.9642,585.794
2026-05-06T05:51:30.498183+00:00,2026-05-06T05:55:33.055879+00:00,KXBTC15M-26MAY060200-00,no,20.0,20.0,2.0,2.0,-4.0,-0.04,max_hold,False,242.558,8.0,35.0,240.0,3.5848,0.859264,46.0184,26.0184,509.503
2026-05-06T06:05:50.082011+00:00,2026-05-06T06:06:07.295683+00:00,KXBTC15M-26MAY060215-15,no,16.0,24.0,1.0,2.0,5.0,0.05,take_profit,False,17.214,8.0,35.0,240.0,4.6207,0.619016,47.1005,23.1005,549.92
2026-05-06T06:25:19.497221+00:00,2026-05-06T06:29:30.026135+00:00,KXBTC15M-26MAY060230-30,no,17.0,21.0,1.0,2.0,1.0,0.01,max_hold,False,250.529,8.0,35.0,240.0,3.7835,0.403127,47.4311,21.4311,280.503
2026-05-06T06:39:59.253263+00:00,2026-05-06T06:44:10.070837+00:00,KXBTC15M-26MAY060245-45,no,17.0,20.0,1.0,2.0,0.0,0.0,max_hold,False,250.818,8.0,35.0,240.0,3.5715,0.364889,43.6061,21.1061,300.747
2026-05-06T06:55:02.673819+00:00,2026-05-06T06:59:10.050662+00:00,KXBTC15M-26MAY060300-00,no,16.0,19.0,1.0,2.0,0.0,0.0,max_hold,False,247.377,8.0,35.0,240.0,3.3222,0.329567,48.0194,24.0194,297.327
2026-05-06T07:13:48.256848+00:00,2026-05-06T07:14:10.038981+00:00,KXBTC15M-26MAY060315-15,no,1.0,21.0,1.0,2.0,17.0,0.17,take_profit,False,21.782,8.0,35.0,240.0,5.6041,1.380257,46.5087,45.5087,71.743
2026-05-06T08:41:55.210991+00:00,2026-05-06T08:42:07.798360+00:00,KXBTC15M-26MAY060445-45,no,1.0,24.0,1.0,2.0,20.0,0.2,take_profit,False,12.587,8.0,35.0,240.0,3.4264,0.361825,23.3807,21.8807,184.789
2026-05-06T08:50:36.104322+00:00,2026-05-06T08:51:07.110394+00:00,KXBTC15M-26MAY060500-00,no,5.0,81.0,1.0,2.0,73.0,0.73,take_profit,False,31.006,8.0,35.0,240.0,5.1555,0.904779,63.6237,43.1237,563.896
2026-05-06T09:35:03.631574+00:00,2026-05-06T09:39:05.646443+00:00,KXBTC15M-26MAY060545-45,no,12.0,19.0,1.0,2.0,4.0,0.04,max_hold,False,242.015,8.0,35.0,240.0,3.2913,0.613306,46.5908,36.5908,596.368
2026-05-06T10:10:06.113228+00:00,2026-05-06T10:10:16.956816+00:00,KXBTC15M-26MAY060615-15,no,17.0,43.0,1.0,2.0,23.0,0.23,take_profit,False,10.844,8.0,35.0,240.0,4.0084,0.445852,46.4111,17.9111,293.888
2026-05-06T10:55:05.287544+00:00,2026-05-06T10:55:19.193492+00:00,KXBTC15M-26MAY060700-00,no,16.0,77.0,1.0,2.0,58.0,0.58,take_profit,False,13.906,8.0,35.0,240.0,3.9716,0.437635,47.4163,29.9163,294.714
2026-05-06T11:05:12.622721+00:00,2026-05-06T11:05:20.921823+00:00,KXBTC15M-26MAY060715-15,no,8.0,21.0,1.0,2.0,10.0,0.1,take_profit,False,8.299,8.0,35.0,240.0,4.5749,0.597347,47.5948,38.5948,587.377
2026-05-06T14:21:53.057229+00:00,2026-05-06T14:26:02.259170+00:00,KXBTC15M-26MAY061030-30,no,23.0,23.0,2.0,2.0,-4.0,-0.04,max_hold,False,249.202,8.0,35.0,240.0,3.8334,1.453423,46.569,19.069,486.943
2026-05-06T14:36:46.067590+00:00,2026-05-06T14:40:48.622467+00:00,KXBTC15M-26MAY061045-45,no,19.0,18.0,2.0,2.0,-5.0,-0.05,max_hold,False,242.555,8.0,35.0,240.0,3.4194,1.837593,43.8396,21.3396,493.932
2026-05-06T15:05:04.958319+00:00,2026-05-06T15:05:17.949620+00:00,KXBTC15M-26MAY061115-15,no,31.0,48.0,2.0,2.0,13.0,0.13,take_profit,False,12.991,8.0,35.0,240.0,3.0456,0.503064,48.9799,9.9799,595.042
2026-05-06T15:51:23.447737+00:00,2026-05-06T15:51:37.270433+00:00,KXBTC15M-26MAY061200-00,no,10.0,18.0,1.0,2.0,5.0,0.05,take_profit,False,13.823,8.0,35.0,240.0,3.4063,0.399813,25.8439,15.8439,516.552
2026-05-06T18:20:57.424125+00:00,2026-05-06T18:24:57.578304+00:00,KXBTC15M-26MAY061430-30,no,23.0,26.0,2.0,2.0,-1.0,-0.01,max_hold,False,240.154,8.0,35.0,240.0,3.355,0.641689,48.2833,25.2833,542.576
2026-05-06T19:40:04.293699+00:00,2026-05-06T19:40:16.492648+00:00,KXBTC15M-26MAY061545-45,no,5.0,17.0,1.0,1.0,10.0,0.1,take_profit,False,12.199,8.0,35.0,240.0,5.6825,1.554422,41.1241,35.6241,295.707
2026-05-06T19:56:17.709535+00:00,2026-05-06T19:56:37.699753+00:00,KXBTC15M-26MAY061600-00,no,12.0,59.0,1.0,2.0,44.0,0.44,take_profit,False,19.99,8.0,35.0,240.0,3.9234,0.461953,45.58,9.58,222.29
2026-05-06T20:07:30.518510+00:00,2026-05-06T20:11:36.803467+00:00,KXBTC15M-26MAY061615-15,no,5.0,10.0,1.0,1.0,3.0,0.03,max_hold,False,246.285,8.0,35.0,240.0,5.2059,0.959468,42.719,37.719,449.481
2026-05-06T20:26:32.309736+00:00,2026-05-06T20:26:52.308411+00:00,KXBTC15M-26MAY061630-30,no,17.0,32.0,1.0,2.0,12.0,0.12,take_profit,False,19.999,8.0,35.0,240.0,4.2451,0.587648,45.9117,25.9117,207.691
2026-05-06T21:24:04.528678+00:00,2026-05-06T21:24:12.094040+00:00,KXBTC15M-26MAY061730-30,no,16.0,38.0,1.0,2.0,19.0,0.19,take_profit,False,7.565,8.0,35.0,240.0,3.2517,0.315056,39.5116,13.0116,355.472
2026-05-06T22:35:07.013824+00:00,2026-05-06T22:35:29.069963+00:00,KXBTC15M-26MAY061845-45,no,17.0,26.0,1.0,2.0,6.0,0.06,take_profit,False,22.056,8.0,35.0,240.0,5.785,1.906789,43.6812,20.6812,592.987
2026-05-06T22:50:55.380646+00:00,2026-05-06T22:54:57.007069+00:00,KXBTC15M-26MAY061900-00,no,38.0,45.0,2.0,2.0,3.0,0.03,max_hold,False,241.626,8.0,35.0,240.0,3.7581,1.168236,57.8967,17.8967,544.619
2026-05-06T23:20:50.388557+00:00,2026-05-06T23:24:53.380466+00:00,KXBTC15M-26MAY061930-30,no,31.0,38.0,2.0,2.0,3.0,0.03,max_hold,False,242.992,8.0,35.0,240.0,3.6153,0.929246,43.0209,10.0209,549.612
2026-05-06T23:53:17.594961+00:00,2026-05-06T23:57:32.565927+00:00,KXBTC15M-26MAY062000-00,no,15.0,17.0,1.0,1.0,0.0,0.0,max_hold,False,254.971,8.0,35.0,240.0,3.8388,1.460111,37.1484,24.1484,402.406
2026-05-07T00:12:22.185975+00:00,2026-05-07T00:12:30.633673+00:00,KXBTC15M-26MAY062015-15,no,15.0,81.0,1.0,2.0,63.0,0.63,take_profit,False,8.448,8.0,35.0,240.0,5.2586,1.667793,45.7822,31.2822,157.814
2026-05-07T00:50:02.692411+00:00,2026-05-07T00:50:42.881361+00:00,KXBTC15M-26MAY062100-00,no,15.0,28.0,1.0,2.0,10.0,0.1,take_profit,False,40.189,8.0,35.0,240.0,5.3923,1.071974,48.9956,30.4956,597.308
2026-05-07T01:10:20.599213+00:00,2026-05-07T01:10:40.592344+00:00,KXBTC15M-26MAY062115-15,no,9.0,33.0,1.0,2.0,21.0,0.21,take_profit,False,19.993,8.0,35.0,240.0,3.6778,0.381145,46.8663,14.8663,279.402
2026-05-07T01:28:38.620267+00:00,2026-05-07T01:28:50.014473+00:00,KXBTC15M-26MAY062130-30,no,16.0,69.0,1.0,2.0,50.0,0.5,take_profit,False,11.394,8.0,35.0,240.0,3.7228,0.388702,49.2279,17.7279,81.381
2026-05-07T01:40:17.459366+00:00,2026-05-07T01:40:37.452392+00:00,KXBTC15M-26MAY062145-45,no,12.0,41.0,1.0,2.0,26.0,0.26,take_profit,False,19.993,8.0,35.0,240.0,4.259,0.505802,47.9322,21.9322,282.541
2026-05-07T02:35:18.323613+00:00,2026-05-07T02:39:20.612661+00:00,KXBTC15M-26MAY062245-45,no,15.0,14.0,1.0,1.0,-3.0,-0.03,max_hold,False,242.289,8.0,35.0,240.0,3.7531,0.441975,41.9636,20.4636,581.676
2026-05-07T02:50:13.795501+00:00,2026-05-07T02:54:24.799400+00:00,KXBTC15M-26MAY062300-00,no,14.0,14.0,1.0,1.0,-2.0,-0.02,max_hold,False,251.004,8.0,35.0,240.0,4.5338,0.582957,45.079,28.079,586.204
2026-05-07T03:44:10.003574+00:00,2026-05-07T03:44:30.009489+00:00,KXBTC15M-26MAY062345-45,no,8.0,70.0,1.0,2.0,59.0,0.59,take_profit,False,20.006,8.0,35.0,240.0,3.3152,0.320685,48.8428,19.8428,49.997
2026-05-07T04:26:03.167216+00:00,2026-05-07T04:26:12.567318+00:00,KXBTC15M-26MAY070030-30,no,4.0,20.0,1.0,2.0,13.0,0.13,take_profit,False,9.4,8.0,35.0,240.0,3.776,0.396859,31.6772,27.1772,236.833
2026-05-07T04:51:46.915631+00:00,2026-05-07T04:51:56.785884+00:00,KXBTC15M-26MAY070100-00,no,9.0,33.0,1.0,2.0,21.0,0.21,take_profit,False,9.87,8.0,35.0,240.0,4.3338,0.522042,45.0436,23.0436,493.085
2026-05-07T05:07:14.490359+00:00,2026-05-07T05:07:22.028658+00:00,KXBTC15M-26MAY070115-15,no,14.0,23.0,1.0,2.0,6.0,0.06,take_profit,False,7.538,8.0,35.0,240.0,3.3134,0.319164,37.6261,20.6261,465.51
2026-05-07T09:56:30.686693+00:00,2026-05-07T09:56:40.718449+00:00,KXBTC15M-26MAY070600-00,no,8.0,20.0,1.0,2.0,9.0,0.09,take_profit,False,10.032,8.0,35.0,240.0,5.0579,0.857814,43.4155,32.9155,209.314
2026-05-07T10:08:59.281015+00:00,2026-05-07T10:09:04.298703+00:00,KXBTC15M-26MAY070615-15,no,15.0,23.0,1.0,2.0,5.0,0.05,take_profit,False,5.018,8.0,35.0,240.0,4.295,0.53025,45.1624,26.1624,360.72
2026-05-07T11:08:52.453619+00:00,2026-05-07T11:09:12.454763+00:00,KXBTC15M-26MAY070715-15,no,9.0,20.0,1.0,2.0,8.0,0.08,take_profit,False,20.001,8.0,35.0,240.0,4.335,0.533607,27.5368,12.5368,367.546
2026-05-07T11:25:18.602071+00:00,2026-05-07T11:25:38.596431+00:00,KXBTC15M-26MAY070730-30,no,21.0,77.0,2.0,2.0,52.0,0.52,take_profit,False,19.994,8.0,35.0,240.0,3.5272,0.791884,43.8059,17.3059,281.399
2026-05-07T11:35:02.922093+00:00,2026-05-07T11:39:05.636277+00:00,KXBTC15M-26MAY070745-45,no,21.0,28.0,2.0,2.0,3.0,0.03,max_hold,False,242.714,8.0,35.0,240.0,3.4983,0.766698,43.5232,17.5232,597.079
2026-05-07T12:06:59.817909+00:00,2026-05-07T12:07:05.369035+00:00,KXBTC15M-26MAY070815-15,no,11.0,23.0,1.0,2.0,9.0,0.09,take_profit,False,5.551,8.0,35.0,240.0,5.8925,2.743272,42.4611,22.9611,480.183
2026-05-07T13:25:20.891709+00:00,2026-05-07T13:25:26.155868+00:00,KXBTC15M-26MAY070930-30,no,3.0,62.0,1.0,2.0,56.0,0.56,take_profit,False,5.264,8.0,35.0,240.0,5.029,1.303173,41.0117,38.5117,279.109
2026-05-07T14:12:38.824168+00:00,2026-05-07T14:12:45.145528+00:00,KXBTC15M-26MAY071015-15,no,7.0,76.0,1.0,2.0,66.0,0.66,take_profit,False,6.321,8.0,35.0,240.0,3.3388,1.26993,44.9923,40.4923,141.176
2026-05-07T14:52:55.150519+00:00,2026-05-07T14:57:02.508242+00:00,KXBTC15M-26MAY071100-00,no,15.0,20.0,1.0,2.0,2.0,0.02,max_hold,False,247.358,8.0,35.0,240.0,5.08,0.845588,45.8177,27.8177,424.85
2026-05-07T15:10:16.969995+00:00,2026-05-07T15:10:28.513829+00:00,KXBTC15M-26MAY071115-15,no,8.0,20.0,1.0,2.0,9.0,0.09,take_profit,False,11.544,8.0,35.0,240.0,5.068,0.838769,40.6726,32.6726,283.031
2026-05-07T15:42:34.081376+00:00,2026-05-07T15:42:44.431395+00:00,KXBTC15M-26MAY071145-45,no,1.0,23.0,1.0,2.0,19.0,0.19,take_profit,False,10.35,8.0,35.0,240.0,3.9444,0.459686,28.7928,27.7928,145.92
2026-05-07T16:24:01.224952+00:00,2026-05-07T16:28:04.918852+00:00,KXBTC15M-26MAY071230-30,no,16.0,23.0,1.0,2.0,4.0,0.04,max_hold,False,243.694,8.0,35.0,240.0,4.2518,0.561052,47.0201,25.5201,358.837
2026-05-07T17:12:32.169907+00:00,2026-05-07T17:12:37.290173+00:00,KXBTC15M-26MAY071315-15,no,4.0,20.0,1.0,2.0,13.0,0.13,take_profit,False,5.12,8.0,35.0,240.0,5.4951,1.561297,25.4748,20.4748,147.836
2026-05-07T17:55:06.017781+00:00,2026-05-07T17:55:14.424993+00:00,KXBTC15M-26MAY071400-00,no,27.0,43.0,2.0,2.0,12.0,0.12,take_profit,False,8.407,8.0,35.0,240.0,3.2847,0.745721,45.2035,17.7035,293.983
2026-05-07T18:07:53.278023+00:00,2026-05-07T18:12:02.319347+00:00,KXBTC15M-26MAY071415-15,no,13.0,11.0,1.0,1.0,-4.0,-0.04,max_hold,False,249.041,8.0,35.0,240.0,3.2816,0.497119,29.3499,15.8499,426.724
2026-05-07T18:24:55.408005+00:00,2026-05-07T18:25:04.022631+00:00,KXBTC15M-26MAY071430-30,no,17.0,47.0,1.0,2.0,27.0,0.27,take_profit,False,8.615,8.0,35.0,240.0,3.198,0.435396,43.0417,9.5417,304.594
2026-05-07T18:37:19.784258+00:00,2026-05-07T18:37:31.694208+00:00,KXBTC15M-26MAY071445-45,no,12.0,43.0,1.0,2.0,28.0,0.28,take_profit,False,11.91,8.0,35.0,240.0,4.5361,0.905687,39.9546,12.4546,460.218
2026-05-07T19:50:12.680680+00:00,2026-05-07T19:50:32.677860+00:00,KXBTC15M-26MAY071600-00,no,49.0,58.0,2.0,2.0,5.0,0.05,take_profit,False,19.997,8.0,35.0,240.0,3.842,1.711494,64.0246,14.0246,587.319
2026-05-07T20:23:47.271636+00:00,2026-05-07T20:27:50.268673+00:00,KXBTC15M-26MAY071630-30,no,40.0,42.0,2.0,2.0,-2.0,-0.02,max_hold,False,242.997,8.0,35.0,240.0,3.9906,10.559473,55.3284,15.3284,372.728
2026-05-08T00:25:10.105627+00:00,2026-05-08T00:25:16.105832+00:00,KXBTC15M-26MAY072030-30,no,8.0,43.0,1.0,2.0,32.0,0.32,take_profit,False,6.0,8.0,35.0,240.0,6.0,999.0,38.1681,11.1681,289.894
2026-05-08T01:20:13.100624+00:00,2026-05-08T01:20:33.135188+00:00,KXBTC15M-26MAY072130-30,no,31.0,73.0,2.0,2.0,38.0,0.38,take_profit,False,20.035,8.0,35.0,240.0,4.0,999.0,78.2586,27.2586,586.9
2026-05-08T01:35:04.802326+00:00,2026-05-08T01:35:10.395910+00:00,KXBTC15M-26MAY072145-45,no,26.0,51.0,2.0,2.0,21.0,0.21,take_profit,False,5.594,8.0,35.0,240.0,3.9194,2.106296,98.559,60.059,595.2
2026-05-08T04:20:18.034202+00:00,2026-05-08T04:20:28.622367+00:00,KXBTC15M-26MAY080030-30,no,48.0,61.0,2.0,2.0,9.0,0.09,take_profit,False,10.588,8.0,35.0,240.0,3.1899,0.546604,60.3761,9.3761,581.966
2026-05-08T05:05:37.463698+00:00,2026-05-08T05:09:44.967752+00:00,KXBTC15M-26MAY080115-15,no,51.0,50.0,2.0,2.0,-5.0,-0.05,max_hold,False,247.504,8.0,35.0,240.0,3.2313,0.953208,98.1947,46.1947,562.539
2026-05-08T19:50:54.654444+00:00,2026-05-08T19:55:09.754125+00:00,KXBTC15M-26MAY081600-00,no,43.0,48.0,2.0,2.0,1.0,0.01,max_hold,False,255.1,8.0,35.0,240.0,4.0,999.0,85.7446,40.7446,545.347
2026-05-08T20:05:12.395831+00:00,2026-05-08T20:09:12.566864+00:00,KXBTC15M-26MAY081615-15,no,30.0,36.0,2.0,2.0,2.0,0.02,max_hold,False,240.171,8.0,35.0,240.0,3.7976,1.311839,48.9179,13.4179,587.605
2026-05-08T20:24:50.228450+00:00,2026-05-08T20:25:02.719519+00:00,KXBTC15M-26MAY081630-30,no,17.0,61.0,1.0,2.0,41.0,0.41,take_profit,False,12.491,8.0,35.0,240.0,5.2556,0.990936,48.1233,10.1233,309.773
2026-05-08T20:50:14.104586+00:00,2026-05-08T20:50:19.338263+00:00,KXBTC15M-26MAY081700-00,no,26.0,34.0,2.0,2.0,4.0,0.04,take_profit,False,5.234,8.0,35.0,240.0,3.2271,0.569254,46.9745,16.9745,585.896
2026-05-08T21:06:04.098227+00:00,2026-05-08T21:06:17.126202+00:00,KXBTC15M-26MAY081715-15,no,17.0,46.0,1.0,2.0,26.0,0.26,take_profit,False,13.028,8.0,35.0,240.0,4.3988,0.548224,45.1033,13.1033,535.903
2026-05-08T21:20:08.209430+00:00,2026-05-08T21:20:19.530630+00:00,KXBTC15M-26MAY081730-30,no,16.0,40.0,1.0,2.0,21.0,0.21,take_profit,False,11.321,8.0,35.0,240.0,4.978,0.778987,42.6746,15.1746,591.791
2026-05-09T17:24:17.141445+00:00,2026-05-09T17:24:37.296373+00:00,KXBTC15M-26MAY091330-30,no,26.0,51.0,2.0,2.0,21.0,0.21,take_profit,False,20.155,8.0,35.0,240.0,3.3705,0.684741,47.0309,17.5309,342.882
2026-05-09T17:41:44.814492+00:00,2026-05-09T17:42:04.870719+00:00,KXBTC15M-26MAY091345-45,no,5.0,44.0,1.0,2.0,36.0,0.36,take_profit,False,20.056,8.0,35.0,240.0,5.3736,2.419023,42.6774,38.1774,195.222
2026-05-09T18:07:56.430579+00:00,2026-05-09T18:08:02.492256+00:00,KXBTC15M-26MAY091415-15,no,16.0,42.0,1.0,2.0,23.0,0.23,take_profit,False,6.062,8.0,35.0,240.0,4.1432,0.490805,44.4021,17.9021,423.61
2026-05-09T18:23:39.155146+00:00,2026-05-09T18:23:54.900517+00:00,KXBTC15M-26MAY091430-30,no,16.0,33.0,1.0,2.0,14.0,0.14,take_profit,False,15.745,8.0,35.0,240.0,5.3598,1.091739,44.7992,23.7992,380.954
2026-05-09T19:40:41.500113+00:00,2026-05-09T19:40:47.090555+00:00,KXBTC15M-26MAY091545-45,no,26.0,45.0,2.0,2.0,15.0,0.15,take_profit,False,5.59,8.0,35.0,240.0,3.7081,1.44278,42.2515,9.2515,258.573
2026-05-10T03:36:46.022152+00:00,2026-05-10T03:36:56.786625+00:00,KXBTC15M-26MAY092345-45,no,9.0,61.0,1.0,2.0,49.0,0.49,take_profit,False,10.764,8.0,35.0,240.0,5.8552,2.403751,43.2104,25.7104,493.978
2026-05-10T03:53:17.918812+00:00,2026-05-10T03:53:33.484149+00:00,KXBTC15M-26MAY100000-00,no,25.0,42.0,2.0,2.0,13.0,0.13,take_profit,False,15.565,8.0,35.0,240.0,3.091,0.539324,47.564,14.564,402.084
2026-05-10T04:25:35.514157+00:00,2026-05-10T04:25:41.270914+00:00,KXBTC15M-26MAY100030-30,no,14.0,49.0,1.0,2.0,32.0,0.32,take_profit,False,5.757,8.0,35.0,240.0,5.1259,0.877696,42.4687,21.9687,264.486
2026-05-10T04:35:14.423219+00:00,2026-05-10T04:35:25.242093+00:00,KXBTC15M-26MAY100045-45,no,23.0,40.0,2.0,2.0,13.0,0.13,take_profit,False,10.819,8.0,35.0,240.0,3.0936,0.565264,42.197,18.697,585.577
2026-05-10T05:20:49.925535+00:00,2026-05-10T05:21:03.641118+00:00,KXBTC15M-26MAY100130-30,no,34.0,42.0,2.0,2.0,4.0,0.04,take_profit,False,13.716,8.0,35.0,240.0,3.0524,0.575849,47.4516,11.9516,550.083
2026-05-10T06:08:42.951957+00:00,2026-05-10T06:08:53.434069+00:00,KXBTC15M-26MAY100215-15,no,17.0,55.0,1.0,2.0,35.0,0.35,take_profit,False,10.482,8.0,35.0,240.0,3.9842,0.529566,44.8068,9.8068,377.05
2026-05-10T06:39:06.269334+00:00,2026-05-10T06:39:13.937879+00:00,KXBTC15M-26MAY100245-45,no,18.0,58.0,2.0,2.0,36.0,0.36,take_profit,False,7.669,8.0,35.0,240.0,3.1332,0.585302,43.4675,24.4675,353.756
2026-05-10T06:53:03.558468+00:00,2026-05-10T06:53:09.070967+00:00,KXBTC15M-26MAY100300-00,no,14.0,47.0,1.0,2.0,30.0,0.3,take_profit,False,5.512,8.0,35.0,240.0,4.8018,0.768803,46.1762,28.6762,416.478
2026-05-10T13:22:30.890650+00:00,2026-05-10T13:22:40.879884+00:00,KXBTC15M-26MAY100930-30,no,16.0,51.0,1.0,2.0,32.0,0.32,take_profit,False,9.989,8.0,35.0,240.0,3.4994,0.389853,39.0146,9.0146,449.12
2026-05-10T13:54:47.790659+00:00,2026-05-10T13:54:54.359635+00:00,KXBTC15M-26MAY101000-00,no,19.0,46.0,2.0,2.0,23.0,0.23,take_profit,False,6.569,8.0,35.0,240.0,3.556,0.918715,46.703,14.703,312.216
2026-05-10T14:52:15.748791+00:00,2026-05-10T14:52:35.823052+00:00,KXBTC15M-26MAY101100-00,no,27.0,47.0,2.0,2.0,16.0,0.16,take_profit,False,20.074,8.0,35.0,240.0,3.4764,0.828267,48.3059,14.8059,464.279
2026-05-10T15:08:27.497260+00:00,2026-05-10T15:08:38.849481+00:00,KXBTC15M-26MAY101115-15,no,16.0,39.0,1.0,2.0,20.0,0.2,take_profit,False,11.352,8.0,35.0,240.0,5.7073,1.830675,46.9402,24.9402,392.511
2026-05-10T15:35:57.712828+00:00,2026-05-10T15:36:04.860831+00:00,KXBTC15M-26MAY101145-45,no,30.0,46.0,2.0,2.0,12.0,0.12,take_profit,False,7.148,8.0,35.0,240.0,3.142,0.550935,48.7682,12.7682,542.289
2026-05-10T16:10:38.557551+00:00,2026-05-10T16:10:52.877868+00:00,KXBTC15M-26MAY101215-15,no,10.0,48.0,1.0,2.0,35.0,0.35,take_profit,False,14.32,8.0,35.0,240.0,4.1288,0.486485,43.2626,12.7626,261.447
2026-05-10T16:41:05.684191+00:00,2026-05-10T16:41:11.432878+00:00,KXBTC15M-26MAY101245-45,no,11.0,46.0,1.0,2.0,32.0,0.32,take_profit,False,5.749,8.0,35.0,240.0,5.2215,0.924905,46.3411,28.3411,234.318
2026-05-10T16:52:25.492229+00:00,2026-05-10T16:52:33.507536+00:00,KXBTC15M-26MAY101300-00,no,17.0,66.0,1.0,2.0,46.0,0.46,take_profit,False,8.015,8.0,35.0,240.0,3.2257,0.580541,44.3031,29.3031,454.508
2026-05-10T17:05:53.778553+00:00,2026-05-10T17:06:02.793390+00:00,KXBTC15M-26MAY101315-15,no,17.0,43.0,1.0,2.0,23.0,0.23,take_profit,False,9.015,8.0,35.0,240.0,3.7869,0.421755,43.5608,14.5608,546.221
2026-05-10T17:22:14.867791+00:00,2026-05-10T17:24:07.573924+00:00,KXBTC15M-26MAY101330-30,no,12.0,30.0,1.0,2.0,15.0,0.15,take_profit,False,112.706,8.0,35.0,240.0,4.0942,0.474231,47.759,22.259,472.54
2026-05-10T17:57:56.941952+00:00,2026-05-10T17:58:20.057907+00:00,KXBTC15M-26MAY101400-00,no,2.0,40.0,1.0,2.0,35.0,0.35,take_profit,False,23.116,8.0,35.0,240.0,3.8981,0.573531,36.329,35.329,123.062
2026-05-10T18:55:46.615274+00:00,2026-05-10T18:56:06.644303+00:00,KXBTC15M-26MAY101500-00,no,17.0,44.0,1.0,2.0,24.0,0.24,take_profit,False,20.029,8.0,35.0,240.0,4.2983,0.521238,49.4244,15.4244,253.389
2026-05-10T19:11:26.324543+00:00,2026-05-10T19:11:46.330811+00:00,KXBTC15M-26MAY101515-15,no,7.0,58.0,1.0,2.0,48.0,0.48,take_profit,False,20.006,8.0,35.0,240.0,3.8146,1.362651,45.5994,40.5994,213.675
2026-05-10T19:21:19.185348+00:00,2026-05-10T19:21:39.203240+00:00,KXBTC15M-26MAY101530-30,no,9.0,45.0,1.0,2.0,33.0,0.33,take_profit,False,20.018,8.0,35.0,240.0,5.7044,1.604965,47.3071,33.8071,520.823
2026-05-10T20:09:57.686931+00:00,2026-05-10T20:10:07.498750+00:00,KXBTC15M-26MAY101615-15,no,15.0,35.0,1.0,2.0,17.0,0.17,take_profit,False,9.812,8.0,35.0,240.0,4.4037,0.562904,42.7613,17.2613,302.313
2026-05-10T21:06:13.807764+00:00,2026-05-10T21:06:19.112015+00:00,KXBTC15M-26MAY101715-15,no,16.0,44.0,1.0,2.0,25.0,0.25,take_profit,False,5.304,8.0,35.0,240.0,4.5241,0.583035,42.9899,21.4899,526.21
2026-05-10T22:27:50.067710+00:00,2026-05-10T22:28:00.017489+00:00,KXBTC15M-26MAY101830-30,no,2.0,62.0,1.0,2.0,57.0,0.57,take_profit,False,9.95,8.0,35.0,240.0,3.3534,0.410509,15.0426,14.0426,129.932
2026-05-10T22:53:20.994643+00:00,2026-05-10T22:53:29.623684+00:00,KXBTC15M-26MAY101900-00,no,14.0,41.0,1.0,2.0,24.0,0.24,take_profit,False,8.629,8.0,35.0,240.0,4.5157,0.579145,40.8393,12.8393,399.019
2026-05-10T23:37:11.973225+00:00,2026-05-10T23:37:31.983227+00:00,KXBTC15M-26MAY101945-45,no,17.0,40.0,1.0,2.0,20.0,0.2,take_profit,False,20.01,8.0,35.0,240.0,4.5563,0.599376,40.6323,11.1323,468.03
2026-05-11T00:36:12.722133+00:00,2026-05-11T00:36:18.882450+00:00,KXBTC15M-26MAY102045-45,no,18.0,50.0,2.0,2.0,28.0,0.28,take_profit,False,6.16,8.0,35.0,240.0,3.5198,0.806717,47.497,29.497,527.278
2026-05-11T01:20:01.572988+00:00,2026-05-11T01:20:15.666401+00:00,KXBTC15M-26MAY102130-30,no,14.0,53.0,1.0,2.0,36.0,0.36,take_profit,False,14.093,8.0,35.0,240.0,5.0728,0.846159,43.5608,10.0608,598.429
2026-05-11T05:55:37.141400+00:00,2026-05-11T05:55:57.215112+00:00,KXBTC15M-26MAY110200-00,no,27.0,67.0,2.0,2.0,36.0,0.36,take_profit,False,20.074,8.0,20.0,120.0,4.0,999.0,45.8809,17.8809,262.874
2026-05-11T06:12:04.625086+00:00,2026-05-11T06:12:48.648785+00:00,KXBTC15M-26MAY110215-15,no,2.0,56.0,1.0,2.0,51.0,0.51,take_profit,False,44.024,8.0,35.0,120.0,4.0,999.0,30.3017,30.3017,175.375
2026-05-11T06:56:00.054698+00:00,2026-05-11T06:56:13.553528+00:00,KXBTC15M-26MAY110300-00,no,26.0,50.0,2.0,2.0,20.0,0.2,take_profit,False,13.499,8.0,35.0,240.0,3.9597,3.482439,42.3606,9.3606,239.945
2026-05-11T07:23:26.938041+00:00,2026-05-11T07:27:34.511873+00:00,KXBTC15M-26MAY110330-30,no,48.0,49.0,2.0,2.0,-3.0,-0.03,max_hold,False,247.574,8.0,35.0,240.0,3.9238,2.761011,59.5014,11.5014,393.062
2026-05-11T07:50:21.221259+00:00,2026-05-11T07:50:33.022045+00:00,KXBTC15M-26MAY110400-00,no,27.0,42.0,2.0,2.0,11.0,0.11,take_profit,False,11.801,8.0,35.0,240.0,4.0,999.0,42.7741,10.2741,578.779
2026-05-11T08:20:02.523719+00:00,2026-05-11T08:20:15.117064+00:00,KXBTC15M-26MAY110430-30,no,30.0,40.0,2.0,2.0,6.0,0.06,take_profit,False,12.593,8.0,35.0,240.0,4.0,999.0,48.7098,13.7098,597.492
2026-05-11T09:27:44.960353+00:00,2026-05-11T09:27:51.223339+00:00,KXBTC15M-26MAY110530-30,no,30.0,50.0,2.0,2.0,16.0,0.16,take_profit,False,6.263,8.0,35.0,240.0,3.9668,6.324853,48.0141,8.0141,135.041
2026-05-11T09:43:00.021292+00:00,2026-05-11T09:43:20.014626+00:00,KXBTC15M-26MAY110545-45,no,28.0,51.0,2.0,2.0,19.0,0.19,take_profit,False,19.993,8.0,35.0,240.0,4.0,999.0,46.0509,18.0509,119.979
2026-05-11T09:50:05.607925+00:00,2026-05-11T09:50:36.427429+00:00,KXBTC15M-26MAY110600-00,no,28.0,60.0,2.0,2.0,28.0,0.28,take_profit,False,30.82,8.0,35.0,240.0,3.0,999.0,46.8914,19.8914,594.408
2026-05-11T10:07:46.224848+00:00,2026-05-11T10:08:00.092962+00:00,KXBTC15M-26MAY110615-15,no,25.0,49.0,2.0,2.0,20.0,0.2,take_profit,False,13.868,8.0,35.0,240.0,3.7334,1.306108,46.9456,10.4456,433.775
2026-05-11T11:05:54.701042+00:00,2026-05-11T11:06:13.278087+00:00,KXBTC15M-26MAY110715-15,no,23.0,42.0,2.0,2.0,15.0,0.15,take_profit,False,18.577,8.0,35.0,240.0,3.7695,1.254315,46.4194,21.9194,545.301
2026-05-11T11:38:37.033937+00:00,2026-05-11T11:38:57.215763+00:00,KXBTC15M-26MAY110745-45,no,17.0,39.0,1.0,2.0,19.0,0.19,take_profit,False,20.182,8.0,35.0,240.0,5.6238,1.403868,47.908,27.908,382.99
2026-05-11T12:23:08.069453+00:00,2026-05-11T12:23:35.982918+00:00,KXBTC15M-26MAY110830-30,no,13.0,41.0,1.0,2.0,25.0,0.25,take_profit,False,27.913,8.0,35.0,240.0,4.5749,1.127999,38.9779,26.4779,411.931
2026-05-11T15:53:15.751416+00:00,2026-05-11T15:53:21.265127+00:00,KXBTC15M-26MAY111200-00,no,13.0,55.0,1.0,2.0,39.0,0.39,take_profit,False,5.514,8.0,8.0,60.0,5.0,999.0,22.1953,9.6953,404.249
2026-05-11T16:27:33.944143+00:00,2026-05-11T16:27:39.937843+00:00,KXBTC15M-26MAY111230-30,no,8.0,38.0,1.0,2.0,27.0,0.27,take_profit,False,5.994,8.0,35.0,120.0,5.0,999.0,16.1338,9.1338,146.078
2026-05-11T18:12:35.328048+00:00,2026-05-11T18:14:42.316720+00:00,KXBTC15M-26MAY111415-15,no,10.0,0.0,1.0,1.0,-12.0,-0.12,max_hold,False,126.989,8.0,35.0,120.0,4.0,999.0,18.4895,9.4895,144.672
2026-05-11T18:29:12.449665+00:00,2026-05-11T18:29:47.454499+00:00,KXBTC15M-26MAY111430-30,no,2.0,0.0,1.0,1.0,-4.0,-0.04,max_hold,False,35.005,8.0,12.0,30.0,4.0,999.0,12.6046,11.6046,47.55
2026-05-11T18:51:18.646125+00:00,2026-05-11T18:51:40.590441+00:00,KXBTC15M-26MAY111500-00,no,18.0,28.0,2.0,2.0,6.0,0.06,take_profit,False,21.944,8.0,35.0,120.0,3.0,999.0,25.8454,8.3454,521.354
2026-05-11T19:10:32.041708+00:00,2026-05-11T19:10:42.487555+00:00,KXBTC15M-26MAY111515-15,no,24.0,50.0,2.0,2.0,22.0,0.22,take_profit,False,10.446,8.0,35.0,120.0,3.0,999.0,32.5834,9.0834,267.958
2026-05-11T19:27:02.791873+00:00,2026-05-11T19:27:12.799739+00:00,KXBTC15M-26MAY111530-30,no,22.0,30.0,2.0,2.0,4.0,0.04,take_profit,False,10.008,8.0,20.0,120.0,3.0,999.0,30.8689,9.3689,177.208
2026-05-11T19:39:40.322065+00:00,2026-05-11T19:40:24.694826+00:00,KXBTC15M-26MAY111545-45,no,19.0,41.0,2.0,2.0,18.0,0.18,take_profit,False,44.373,8.0,20.0,240.0,3.0,999.0,26.5675,8.0675,319.678
2026-05-11T20:05:17.192267+00:00,2026-05-11T20:06:41.182356+00:00,KXBTC15M-26MAY111615-15,no,26.0,44.0,2.0,2.0,14.0,0.14,take_profit,False,83.99,8.0,35.0,240.0,3.0,999.0,34.671,9.171,582.808
2026-05-11T20:57:50.484457+00:00,2026-05-11T20:58:00.014523+00:00,KXBTC15M-26MAY111700-00,no,39.0,49.0,2.0,2.0,6.0,0.06,take_profit,False,9.53,8.0,35.0,240.0,3.8955,2.468331,50.5129,10.0129,129.516
2026-05-11T21:40:02.442659+00:00,2026-05-11T21:40:47.487478+00:00,KXBTC15M-26MAY111745-45,no,9.0,50.0,1.0,2.0,38.0,0.38,take_profit,False,45.045,8.0,35.0,240.0,4.9394,5.767549,17.3228,8.8228,297.557
2026-05-11T22:09:50.009048+00:00,2026-05-11T22:10:16.290852+00:00,KXBTC15M-26MAY111815-15,no,20.0,51.0,2.0,2.0,27.0,0.27,take_profit,False,26.282,8.0,35.0,120.0,3.0,999.0,28.1591,8.6591,309.991
2026-05-11T22:23:01.458466+00:00,2026-05-11T22:23:22.493291+00:00,KXBTC15M-26MAY111830-30,no,42.0,50.0,2.0,2.0,4.0,0.04,take_profit,False,21.035,8.0,35.0,240.0,3.0,999.0,50.3341,8.8341,418.542
2026-05-12T00:36:34.608977+00:00,2026-05-12T00:36:45.372112+00:00,KXBTC15M-26MAY112045-45,no,62.0,33.0,2.0,2.0,-33.0,-0.33,stop_loss,False,10.763,8.0,20.0,120.0,3.0,999.0,70.7251,9.2251,505.391
2026-05-12T01:05:04.232090+00:00,2026-05-12T01:06:17.006924+00:00,KXBTC15M-26MAY112115-15,no,77.0,41.0,2.0,2.0,-40.0,-0.4,stop_loss,False,72.775,8.0,20.0,120.0,3.0,999.0,85.9852,9.4852,595.768
2026-05-12T05:27:00.553198+00:00,2026-05-12T05:27:20.583082+00:00,KXBTC15M-26MAY120130-30,no,2.0,31.0,1.0,2.0,26.0,0.26,take_profit,False,20.03,8.0,35.0,240.0,5.4508,7.14068,21.9543,20.4543,179.462
2026-05-12T06:24:00.086064+00:00,2026-05-12T06:28:20.015648+00:00,KXBTC15M-26MAY120230-30,no,47.0,48.0,2.0,2.0,-3.0,-0.03,max_hold,False,259.93,8.0,35.0,240.0,3.7622,1.862532,56.6864,9.6864,359.914
2026-05-12T06:50:39.672741+00:00,2026-05-12T06:54:50.806020+00:00,KXBTC15M-26MAY120300-00,no,46.0,45.0,2.0,2.0,-5.0,-0.05,max_hold,False,251.133,8.0,35.0,240.0,3.0732,1.252052,57.0978,8.0978,560.327
2026-05-12T10:21:27.077723+00:00,2026-05-12T10:25:29.927300+00:00,KXBTC15M-26MAY120630-30,no,49.0,54.0,2.0,2.0,1.0,0.01,max_hold,False,242.85,8.0,35.0,240.0,3.2541,0.808723,59.8856,8.8856,512.922
2026-05-12T11:10:20.087077+00:00,2026-05-12T11:14:20.120476+00:00,KXBTC15M-26MAY120715-15,no,31.0,37.0,2.0,2.0,2.0,0.02,max_hold,False,240.033,8.0,35.0,240.0,3.319,1.039205,47.6028,8.6028,279.929
2026-05-12T11:36:12.362522+00:00,2026-05-12T11:36:20.356435+00:00,KXBTC15M-26MAY120745-45,no,26.0,45.0,2.0,2.0,15.0,0.15,take_profit,False,7.994,8.0,35.0,240.0,3.6776,1.679492,44.1884,8.1884,527.653
2026-05-12T17:43:40.039826+00:00,2026-05-12T17:44:00.043447+00:00,KXBTC15M-26MAY121345-45,no,23.0,45.0,2.0,2.0,18.0,0.18,take_profit,False,20.004,8.0,35.0,240.0,3.3484,0.814651,41.3341,11.3341,79.96
2026-05-12T17:58:20.051533+00:00,2026-05-12T17:58:40.040001+00:00,KXBTC15M-26MAY121400-00,no,16.0,43.0,1.0,2.0,24.0,0.24,take_profit,False,19.988,8.0,35.0,240.0,5.3258,1.364293,43.6651,11.1651,99.948
2026-05-12T18:21:11.727157+00:00,2026-05-12T18:25:17.011837+00:00,KXBTC15M-26MAY121430-30,no,35.0,35.0,2.0,2.0,-4.0,-0.04,max_hold,False,245.285,8.0,35.0,240.0,3.1471,0.668249,45.5001,9.5001,528.273
2026-05-12T20:08:56.222751+00:00,2026-05-12T20:12:58.144127+00:00,KXBTC15M-26MAY121615-15,no,44.0,49.0,2.0,2.0,1.0,0.01,max_hold,False,241.921,8.0,35.0,240.0,3.0,999.0,51.4206,8.4206,363.777
2026-05-12T21:13:20.017465+00:00,2026-05-12T21:13:40.016597+00:00,KXBTC15M-26MAY121715-15,no,19.0,44.0,2.0,2.0,21.0,0.21,take_profit,False,19.999,8.0,35.0,240.0,3.9467,5.513784,60.0909,20.0909,99.983
2026-05-12T21:20:00.110188+00:00,2026-05-12T21:24:00.228388+00:00,KXBTC15M-26MAY121730-30,no,51.0,52.0,2.0,2.0,-3.0,-0.03,max_hold,False,240.118,8.0,35.0,240.0,3.5727,1.188054,63.5674,11.0674,599.906
2026-05-12T22:29:00.075163+00:00,2026-05-12T22:29:20.114748+00:00,KXBTC15M-26MAY121830-30,no,8.0,60.0,1.0,2.0,49.0,0.49,take_profit,False,20.04,8.0,35.0,240.0,3.6902,0.450873,40.6412,9.6412,59.925
2026-05-12T22:59:00.029795+00:00,2026-05-12T22:59:20.043352+00:00,KXBTC15M-26MAY121900-00,no,17.0,42.0,1.0,2.0,22.0,0.22,take_profit,False,20.014,8.0,35.0,240.0,6.0,999.0,40.4832,16.9832,59.97
2026-05-12T23:09:24.823164+00:00,2026-05-12T23:13:40.042657+00:00,KXBTC15M-26MAY121915-15,no,45.0,50.0,2.0,2.0,1.0,0.01,max_hold,False,255.219,8.0,35.0,240.0,3.9883,9.59425,55.8636,8.3636,335.177
2026-05-13T01:42:28.039507+00:00,2026-05-13T01:42:41.490853+00:00,KXBTC15M-26MAY122145-45,no,22.0,43.0,2.0,2.0,17.0,0.17,take_profit,False,13.451,8.0,35.0,240.0,3.9578,4.921521,42.5528,8.0528,151.963
2026-05-13T01:52:20.404321+00:00,2026-05-13T01:56:20.557968+00:00,KXBTC15M-26MAY122200-00,no,40.0,40.0,2.0,2.0,-4.0,-0.04,max_hold,False,240.154,8.0,35.0,240.0,3.8598,2.19004,55.8978,8.3978,459.598
2026-05-13T03:10:51.091614+00:00,2026-05-13T03:10:57.548988+00:00,KXBTC15M-26MAY122315-15,no,20.0,50.0,2.0,2.0,26.0,0.26,take_profit,False,6.457,8.0,35.0,240.0,3.7218,1.845972,40.9057,8.9057,248.91
2026-05-13T03:25:35.167510+00:00,2026-05-13T03:25:41.070761+00:00,KXBTC15M-26MAY122330-30,no,17.0,49.0,1.0,2.0,29.0,0.29,take_profit,False,5.903,8.0,20.0,240.0,5.9711,10.670063,43.2924,8.2924,264.832
2026-05-13T03:56:55.658310+00:00,2026-05-13T03:57:03.961339+00:00,KXBTC15M-26MAY130000-00,no,20.0,46.0,2.0,2.0,22.0,0.22,take_profit,False,8.303,8.0,20.0,240.0,4.0,999.0,43.8843,10.8843,184.342
2026-05-13T04:24:13.635220+00:00,2026-05-13T04:28:20.014185+00:00,KXBTC15M-26MAY130030-30,no,37.0,38.0,2.0,2.0,-3.0,-0.03,max_hold,False,246.379,8.0,20.0,240.0,3.966,6.328007,46.067,9.067,346.381
2026-05-13T04:41:42.569802+00:00,2026-05-13T04:42:02.824792+00:00,KXBTC15M-26MAY130045-45,no,22.0,35.0,2.0,2.0,9.0,0.09,take_profit,False,20.255,8.0,20.0,240.0,3.9695,6.880578,43.9932,10.4932,197.434
2026-05-13T10:55:30.494934+00:00,2026-05-13T10:56:25.408206+00:00,KXBTC15M-26MAY130700-00,no,72.0,80.0,2.0,2.0,4.0,0.04,take_profit,False,54.913,8.0,35.0,240.0,3.0,999.0,87.8287,16.3287,269.505
2026-05-13T12:21:00.283914+00:00,2026-05-13T12:21:16.290486+00:00,KXBTC15M-26MAY130830-30,no,64.0,72.0,2.0,2.0,4.0,0.04,take_profit,False,16.007,8.0,20.0,120.0,3.0,999.0,95.7201,32.2201,539.716
2026-05-13T13:06:37.702519+00:00,2026-05-13T13:10:37.719608+00:00,KXBTC15M-26MAY130915-15,no,25.0,5.0,2.0,1.0,-23.0,-0.23,max_hold,False,240.017,8.0,35.0,240.0,3.0,999.0,37.622,13.122,502.297
2026-05-13T13:36:21.779051+00:00,2026-05-13T13:38:02.779544+00:00,KXBTC15M-26MAY130945-45,no,84.0,92.0,1.0,1.0,6.0,0.06,take_profit,False,101.0,8.0,20.0,240.0,3.8276,1.317943,94.0824,10.5824,518.221
2026-05-13T14:10:39.466978+00:00,2026-05-13T14:14:47.467480+00:00,KXBTC15M-26MAY131015-15,no,15.0,0.0,1.0,1.0,-17.0,-0.17,max_hold,False,248.001,8.0,20.0,240.0,3.9199,5.12874,30.7138,16.7138,260.533
2026-05-13T14:23:50.835585+00:00,2026-05-13T14:24:54.785427+00:00,KXBTC15M-26MAY131030-30,no,17.0,26.0,1.0,2.0,6.0,0.06,take_profit,False,63.95,8.0,20.0,240.0,3.6633,1.010618,26.5715,10.0715,369.164
2026-05-13T15:43:11.542097+00:00,2026-05-13T15:43:29.541294+00:00,KXBTC15M-26MAY131145-45,no,30.0,16.0,2.0,1.0,-17.0,-0.17,stop_loss,False,17.999,8.0,12.0,240.0,3.0,999.0,47.5857,18.0857,108.458
2026-05-13T16:40:39.253514+00:00,2026-05-13T16:44:42.232044+00:00,KXBTC15M-26MAY131245-45,no,3.0,0.0,1.0,1.0,-5.0,-0.05,max_hold,False,242.979,8.0,35.0,240.0,3.8588,1.076739,10.578,8.078,260.746
2026-05-13T17:22:47.697357+00:00,2026-05-13T17:26:51.696745+00:00,KXBTC15M-26MAY131330-30,no,11.0,1.0,1.0,1.0,-12.0,-0.12,max_hold,False,243.999,8.0,20.0,240.0,3.3884,0.995713,18.5217,8.0217,432.303
2026-05-13T17:53:25.257244+00:00,2026-05-13T17:57:26.293931+00:00,KXBTC15M-26MAY131400-00,no,15.0,4.0,1.0,1.0,-13.0,-0.13,max_hold,False,241.037,8.0,35.0,240.0,3.1567,0.808111,27.4507,12.9507,394.743
2026-05-13T18:08:36.064385+00:00,2026-05-13T18:12:42.147691+00:00,KXBTC15M-26MAY131415-15,no,16.0,1.0,1.0,1.0,-17.0,-0.17,max_hold,False,246.083,8.0,20.0,240.0,3.4277,0.903093,30.4887,14.9887,383.936
2026-05-13T20:23:44.490012+00:00,2026-05-13T20:23:54.504476+00:00,KXBTC15M-26MAY131630-30,no,47.0,39.0,2.0,2.0,-12.0,-0.12,stop_loss,False,10.014,8.0,8.0,240.0,3.0,999.0,60.2025,13.7025,375.51
2026-05-13T21:56:07.583267+00:00,2026-05-13T21:56:24.581640+00:00,KXBTC15M-26MAY131800-00,no,87.0,95.0,1.0,1.0,6.0,0.06,take_profit,False,16.998,8.0,20.0,240.0,3.9258,4.974092,94.2547,8.2547,232.417
2026-05-13T23:50:11.435015+00:00,2026-05-13T23:51:14.434499+00:00,KXBTC15M-26MAY132000-00,no,67.0,77.0,2.0,2.0,6.0,0.06,take_profit,False,62.999,8.0,12.0,240.0,3.0,999.0,76.5947,10.0947,588.565
2026-05-14T01:09:03.325821+00:00,2026-05-14T01:09:09.212644+00:00,KXBTC15M-26MAY132115-15,no,51.0,37.0,2.0,2.0,-18.0,-0.18,stop_loss,False,5.887,8.0,12.0,240.0,3.0,999.0,73.2062,22.7062,356.674
2026-05-14T01:20:59.011220+00:00,2026-05-14T01:22:33.009342+00:00,KXBTC15M-26MAY132130-30,no,49.0,59.0,2.0,2.0,6.0,0.06,take_profit,False,93.998,8.0,35.0,240.0,3.0,999.0,56.5833,8.0833,540.989
2026-05-14T02:12:13.185608+00:00,2026-05-14T02:12:30.175937+00:00,KXBTC15M-26MAY132215-15,no,16.0,35.0,1.0,2.0,16.0,0.16,take_profit,False,16.99,8.0,20.0,120.0,5.0,999.0,24.087,8.587,166.814
2026-05-14T03:28:26.881004+00:00,2026-05-14T03:28:37.911264+00:00,KXBTC15M-26MAY132330-30,no,15.0,3.0,1.0,1.0,-14.0,-0.14,stop_loss,False,11.03,8.0,12.0,240.0,4.9475,9.011103,32.4449,17.9449,93.119
2026-05-14T13:05:10.395155+00:00,2026-05-14T13:05:48.394207+00:00,KXBTC15M-26MAY140915-15,no,20.0,12.0,2.0,1.0,-11.0,-0.11,stop_loss,False,37.999,8.0,8.0,240.0,3.0,999.0,33.8057,14.3057,589.605
2026-05-01T22:36:28.749947+00:00,2026-05-01T22:36:28.749947+00:00,KXBTC15M-26MAY011845-45,no,85.0,100.0,1.0,0.0,14.0,0.14,settlement_after_tape,True,0.0,8.0,35.0,120.0,4.71,0.641904,99.5,14.0,511.267
2026-05-02T14:36:39.330609+00:00,2026-05-02T14:36:39.330609+00:00,KXBTC15M-26MAY021045-45,no,28.0,100.0,2.0,0.0,70.0,0.7,settlement_after_tape,True,0.0,8.0,35.0,120.0,3.7044,1.042251,48.9108,20.9108,500.669
2026-05-02T14:53:35.461641+00:00,2026-05-02T14:53:35.461641+00:00,KXBTC15M-26MAY021100-00,no,11.0,0.0,1.0,0.0,-12.0,-0.12,settlement_after_tape,True,0.0,8.0,35.0,60.0,4.9731,4.626163,47.7906,37.2906,384.617
2026-05-02T21:35:01.952850+00:00,2026-05-02T21:36:20.620325+00:00,KXBTC15M-26MAY021745-45,no,14.0,0.0,1.0,0.0,-15.0,-0.15,settlement_after_tape,True,78.667,8.0,35.0,120.0,4.5163,0.99553,32.9442,19.4442,598.072
2026-05-02T22:21:59.626796+00:00,2026-05-02T22:21:59.626796+00:00,KXBTC15M-26MAY021830-30,no,76.0,100.0,2.0,0.0,22.0,0.22,settlement_after_tape,True,0.0,8.0,35.0,120.0,3.2744,0.591014,99.3627,16.8627,480.373
2026-05-03T02:39:32.397171+00:00,2026-05-03T02:40:32.038717+00:00,KXBTC15M-26MAY022245-45,no,16.0,0.0,1.0,0.0,-17.0,-0.17,settlement_after_tape,True,59.642,8.0,35.0,120.0,4.64,0.770523,40.4737,14.4737,327.613
2026-05-04T04:58:17.100768+00:00,2026-05-04T04:58:17.100768+00:00,KXBTC15M-26MAY040100-00,no,83.0,100.0,1.0,0.0,16.0,0.16,settlement_after_tape,True,0.0,8.0,35.0,120.0,3.0381,0.338486,90.5281,8.0281,102.941
2026-05-04T16:52:47.225086+00:00,2026-05-04T16:52:47.225086+00:00,KXBTC15M-26MAY041300-00,no,87.0,100.0,1.0,0.0,12.0,0.12,settlement_after_tape,True,0.0,8.0,35.0,120.0,3.495,0.442125,96.0442,9.5442,432.84
2026-05-04T23:53:53.373447+00:00,2026-05-04T23:53:53.373447+00:00,KXBTC15M-26MAY042000-00,no,12.0,0.0,1.0,0.0,-13.0,-0.13,settlement_after_tape,True,0.0,8.0,35.0,60.0,5.785,1.906789,42.1005,19.1005,366.63
2026-05-05T01:38:38.376050+00:00,2026-05-05T01:38:38.376050+00:00,KXBTC15M-26MAY042145-45,no,17.0,0.0,1.0,0.0,-18.0,-0.18,settlement_after_tape,True,0.0,8.0,35.0,120.0,4.8175,0.684867,39.3115,8.3115,381.624
2026-05-05T18:13:09.074446+00:00,2026-05-05T18:14:50.083986+00:00,KXBTC15M-26MAY051415-15,no,0.0,0.0,1.0,0.0,-1.0,-0.01,settlement_after_tape,True,101.01,8.0,35.0,120.0,3.4737,0.34343,32.6114,32.1114,110.926
2026-05-06T00:42:19.014408+00:00,2026-05-06T00:44:50.068322+00:00,KXBTC15M-26MAY052045-45,no,18.0,100.0,2.0,0.0,80.0,0.8,settlement_after_tape,True,151.054,8.0,35.0,240.0,3.7867,1.337592,44.0707,23.5707,160.987
2026-05-06T10:26:16.338563+00:00,2026-05-06T10:29:50.066323+00:00,KXBTC15M-26MAY060630-30,no,16.0,0.0,1.0,0.0,-17.0,-0.17,settlement_after_tape,True,213.728,8.0,35.0,240.0,4.3561,0.639764,44.7969,29.2969,223.661
2026-05-06T10:42:15.617626+00:00,2026-05-06T10:44:50.134822+00:00,KXBTC15M-26MAY060645-45,no,5.0,0.0,1.0,0.0,-6.0,-0.06,settlement_after_tape,True,154.517,8.0,35.0,240.0,4.7952,0.685503,45.7848,40.7848,164.383
2026-05-06T21:12:30.957531+00:00,2026-05-06T21:14:50.160157+00:00,KXBTC15M-26MAY061715-15,no,30.0,100.0,2.0,0.0,68.0,0.68,settlement_after_tape,True,139.203,8.0,35.0,240.0,3.5085,0.793407,81.5732,51.0732,149.084
2026-05-11T01:12:43.156524+00:00,2026-05-11T01:12:43.156524+00:00,KXBTC15M-26MAY102115-15,no,5.0,0.0,1.0,0.0,-6.0,-0.06,settlement_after_tape,True,0.0,8.0,35.0,240.0,4.6258,0.632349,42.1055,10.6055,136.847
2026-05-11T17:25:46.574272+00:00,2026-05-11T17:25:46.574272+00:00,KXBTC15M-26MAY111330-30,no,6.0,0.0,1.0,0.0,-7.0,-0.07,settlement_after_tape,True,0.0,8.0,35.0,240.0,4.1593,1.545474,15.54,11.04,253.431
2026-05-12T05:56:47.336226+00:00,2026-05-12T05:59:40.026023+00:00,KXBTC15M-26MAY120200-00,no,48.0,100.0,2.0,0.0,50.0,0.5,settlement_after_tape,True,172.69,8.0,35.0,240.0,3.3461,0.869369,56.1782,8.1782,192.664
2026-05-12T18:11:00.352925+00:00,2026-05-12T18:14:40.051292+00:00,KXBTC15M-26MAY121415-15,no,31.0,100.0,2.0,0.0,67.0,0.67,settlement_after_tape,True,219.698,8.0,35.0,240.0,3.2973,0.800239,45.0826,9.0826,239.647
2026-05-13T05:52:18.321756+00:00,2026-05-13T05:52:51.313486+00:00,KXBTC15M-26MAY130200-00,no,13.0,100.0,1.0,0.0,86.0,0.86,settlement_after_tape,True,32.992,8.0,35.0,240.0,4.9961,32.257938,28.0735,15.5735,461.678
2026-05-13T16:12:58.281330+00:00,2026-05-13T16:14:58.246238+00:00,KXBTC15M-26MAY131215-15,no,14.0,0.0,1.0,1.0,-16.0,-0.16,last_bid_after_tape,False,119.965,8.0,20.0,240.0,5.0,999.0,30.6534,17.1534,121.719
2026-05-13T16:26:30.534651+00:00,2026-05-13T16:29:56.540515+00:00,KXBTC15M-26MAY131230-30,no,3.0,0.0,1.0,1.0,-5.0,-0.05,last_bid_after_tape,False,206.006,8.0,35.0,240.0,5.319,1.885139,11.8733,8.8733,209.465
2026-05-13T17:42:02.059323+00:00,2026-05-13T17:44:58.057399+00:00,KXBTC15M-26MAY131345-45,no,7.0,0.0,1.0,1.0,-9.0,-0.09,last_bid_after_tape,False,175.998,8.0,20.0,240.0,5.4026,2.57446,26.7521,19.7521,177.941
2026-05-13T19:56:30.314486+00:00,2026-05-13T19:59:57.320389+00:00,KXBTC15M-26MAY131600-00,no,8.0,0.0,1.0,1.0,-10.0,-0.1,last_bid_after_tape,False,207.006,8.0,35.0,240.0,3.0186,0.628346,16.3088,8.3088,209.686
2026-05-14T04:57:31.065535+00:00,2026-05-14T04:59:54.065386+00:00,KXBTC15M-26MAY140100-00,no,3.0,0.0,1.0,1.0,-5.0,-0.05,last_bid_after_tape,False,143.0,8.0,12.0,240.0,4.8875,5.501475,12.5824,10.0824,148.934
