entry_ts,market,side,qty,entry_trigger_cents,entry_fill_event_ts_list,entry_fill_cents_assumed,entry_fill_cents_actual,entry_fill_cents_used,entry_accounting_source,entry_fee_cents,entry_notional_dollars,entry_exchange_qty,entry_exchange_fill_ids,entry_api_fill_ids,exit_ts,exit_trigger_cents,exit_fill_event_ts_list,exit_fill_cents_assumed,exit_fill_cents_actual,exit_fill_cents_used,exit_accounting_source,exit_fee_cents,exit_notional_dollars,exit_exchange_qty,exit_exchange_fill_ids,exit_api_fill_ids,total_fees_dollars,outcome,resolution_source,accounting_source,result,gross_pnl_dollars,net_pnl_dollars,net_pnl_percent,gross_pnl_percent,market_status,market_result,settlement_ts
2026-05-10 13:47:39,KXBTC15M-26MAY101400-00,yes,3.0,76,2026-05-10 13:47:39|2026-05-10 13:48:01,78,78.3333,78.3333,kalshi_api,4.0,2.35,3.0,51211fd8-e0f8-625f-2eaf-377efa37d6fd|6c399574-cc9a-677d-d7f1-cab4243ea20e,51211fd8-e0f8-625f-2eaf-377efa37d6fd|6c399574-cc9a-677d-d7f1-cab4243ea20e,2026-05-10 13:49:47,71,2026-05-10 13:49:47,71.0,71.3333,71.3333,kalshi_api,5.0,2.14,3.0,fd0418ab-ece3-52c4-925b-acd87d56f29c|6d91081a-1090-5066-63c7-ca03e3405aca,fd0418ab-ece3-52c4-925b-acd87d56f29c|6d91081a-1090-5066-63c7-ca03e3405aca,0.09,exited_before_settlement,bot_exit_signal,kalshi_api,,-0.21,-0.3,-12.766,-8.9362,,,
2026-05-10 13:51:00,KXBTC15M-26MAY101400-00,yes,3.0,85,2026-05-10 13:51:00,85,85.0,85.0,kalshi_api,3.0,2.55,3.0,ce266720-00b1-652d-99f8-50aa8eab760c|6f69b1e2-177d-7e8d-9a7e-c5591f35e424,ce266720-00b1-652d-99f8-50aa8eab760c|6f69b1e2-177d-7e8d-9a7e-c5591f35e424,2026-05-10 13:57:36,99,2026-05-10 13:57:36,99.0,99.1,99.1,kalshi_api,0.3,2.973,3.0,bc24b4c3-1cf5-73d6-c957-17d6fffca3b0,bc24b4c3-1cf5-73d6-c957-17d6fffca3b0,0.033,exited_before_settlement,bot_exit_signal,kalshi_api,,0.423,0.39,15.2941,16.5882,,,
2026-05-10 14:07:36,KXBTC15M-26MAY101415-15,no,3.0,76,2026-05-10 14:07:36|2026-05-10 14:07:54,77,77.3333,77.3333,kalshi_api,5.0,2.32,3.0,e2b6b16e-b010-4580-38db-580a06a4a6d8|ef93f498-0559-5b88-84c1-6f9d9563ba85,e2b6b16e-b010-4580-38db-580a06a4a6d8|ef93f498-0559-5b88-84c1-6f9d9563ba85,2026-05-10 14:08:57,90,2026-05-10 14:08:57,89.0,89.3333,89.3333,kalshi_api,3.0,2.68,3.0,fa422f67-a80d-635f-a78e-8d11cd757132|1d7296b1-8b8a-6cc7-83d5-d788f0fea1b8,fa422f67-a80d-635f-a78e-8d11cd757132|1d7296b1-8b8a-6cc7-83d5-d788f0fea1b8,0.08,exited_before_settlement,bot_exit_signal,kalshi_api,,0.36,0.28,12.069,15.5172,,,
2026-05-10 14:10:04,KXBTC15M-26MAY101415-15,yes,3.0,10,2026-05-10 14:10:04,10,8.7403,8.7403,kalshi_api,3.35,0.3365,3.85,718bdbdf-7343-53d5-7d05-85384e2b3b3d|25bb1bac-a8f3-4484-411f-7d4e9a18e38f|9e06feb5-de61-405d-9a68-3f037eb9fd2b,718bdbdf-7343-53d5-7d05-85384e2b3b3d|25bb1bac-a8f3-4484-411f-7d4e9a18e38f|9e06feb5-de61-405d-9a68-3f037eb9fd2b,2026-05-10 14:10:34,11,2026-05-10 14:10:34,11.0,11.0,11.0,kalshi_api,3.0,0.33,3.0,c03cf556-3c08-4f8e-eeaf-9e33e3ca29a1,c03cf556-3c08-4f8e-eeaf-9e33e3ca29a1,0.0635,exited_before_settlement,bot_exit_signal,kalshi_api,,-0.0065,-0.07,-20.8024,-1.9316,,,
2026-05-10 14:18:45,KXBTC15M-26MAY101430-30,no,3.0,80,2026-05-10 14:18:45,80,80.0,80.0,kalshi_api,5.0,2.4,3.0,254a4962-d8b4-76f5-e623-faa9ca00885f|3a12143b-1868-6cad-e718-163941ecf32b,254a4962-d8b4-76f5-e623-faa9ca00885f|3a12143b-1868-6cad-e718-163941ecf32b,2026-05-10 14:21:10,75,2026-05-10 14:21:10,75.0,75.0,75.0,kalshi_api,5.0,2.25,3.0,8f51bd2e-fbc0-602f-f332-fc5fa9da85ba|0d8dfaa8-b76c-436b-6e48-3c65eb73721a,8f51bd2e-fbc0-602f-f332-fc5fa9da85ba|0d8dfaa8-b76c-436b-6e48-3c65eb73721a,0.1,exited_before_settlement,bot_exit_signal,kalshi_api,,-0.15,-0.25,-10.4167,-6.25,,,
2026-05-10 14:21:27,KXBTC15M-26MAY101430-30,no,2.0,72,2026-05-10 14:21:27,72.0,72.0,72.0,kalshi_api,3.0,1.44,2.0,930add24-edeb-75fc-fcd8-8479cbb7af15,930add24-edeb-75fc-fcd8-8479cbb7af15,2026-05-10 14:21:57,62,2026-05-10 14:21:57,62.0,62.0,62.0,kalshi_api,4.0,1.24,2.0,686de09b-7fb3-4caa-646f-31d6d72c5e72,686de09b-7fb3-4caa-646f-31d6d72c5e72,0.07,exited_before_settlement,bot_exit_signal,kalshi_api,,-0.2,-0.27,-18.75,-13.8889,,,
2026-05-10 14:23:24,KXBTC15M-26MAY101430-30,no,3.0,85,2026-05-10 14:23:24|2026-05-10 14:24:37,85,84.0,84.0,kalshi_api,3.0,2.52,3.0,777bb46b-3359-661d-5a75-51549cc7a906|789381d2-1ae6-6953-cac0-ce6423a891c1,777bb46b-3359-661d-5a75-51549cc7a906|789381d2-1ae6-6953-cac0-ce6423a891c1,2026-05-10 14:25:08,75,2026-05-10 14:25:08,75.0,75.0,75.0,kalshi_api,5.0,2.25,3.0,c981e2d8-3712-458b-9e36-a4025994a85f|304d134a-38e6-748b-e1bf-7b65a82b9a6b,c981e2d8-3712-458b-9e36-a4025994a85f|304d134a-38e6-748b-e1bf-7b65a82b9a6b,0.08,exited_before_settlement,bot_exit_signal,kalshi_api,,-0.27,-0.35,-13.8889,-10.7143,,,
2026-05-10 14:25:23,KXBTC15M-26MAY101430-30,no,2.0,78,2026-05-10 14:25:23,78.0,78.0,78.0,kalshi_api,3.0,1.56,2.0,e37a24fa-6adb-7729-3fa2-9ad68552da85,e37a24fa-6adb-7729-3fa2-9ad68552da85,2026-05-10 14:25:57,87,2026-05-10 14:25:57,87.0,87.0,87.0,kalshi_api,2.0,1.74,2.0,b6e70f91-eb0e-78bf-c0d1-b0cdac10365b,b6e70f91-eb0e-78bf-c0d1-b0cdac10365b,0.05,exited_before_settlement,bot_exit_signal,kalshi_api,,0.18,0.13,8.3333,11.5385,,,
2026-05-10 14:26:07,KXBTC15M-26MAY101430-30,no,3.0,83,2026-05-10 14:26:07|2026-05-10 14:26:08,83,83.0,83.0,kalshi_api,3.0,2.49,3.0,02d2e065-116e-70ec-8ebf-c377b39910ef|fdb9cd16-48aa-77ac-5cf8-12f1708eff57,02d2e065-116e-70ec-8ebf-c377b39910ef|fdb9cd16-48aa-77ac-5cf8-12f1708eff57,2026-05-10 14:27:07,89,2026-05-10 14:27:07,89.0,89.0,89.0,kalshi_api,3.0,2.67,3.0,c7b73091-a3d3-43c6-bdad-c0959756597c,c7b73091-a3d3-43c6-bdad-c0959756597c,0.06,exited_before_settlement,bot_exit_signal,kalshi_api,,0.18,0.12,4.8193,7.2289,,,
2026-05-10 14:27:08,KXBTC15M-26MAY101430-30,yes,3.0,11,2026-05-10 14:27:08,11,11.0,11.0,kalshi_api,3.0,0.33,3.0,9a889b1f-d0a7-6782-89b9-6f95e43d4144|78c2a980-c18f-5d8a-a1c8-0ea5e4ddab4c,9a889b1f-d0a7-6782-89b9-6f95e43d4144|78c2a980-c18f-5d8a-a1c8-0ea5e4ddab4c,2026-05-10 14:27:38,1,2026-05-10 14:27:38,1.0,1.0,1.0,kalshi_api,1.0,0.03,3.0,40a63a60-3c54-702c-8d45-e98ce67b2a21,40a63a60-3c54-702c-8d45-e98ce67b2a21,0.04,exited_before_settlement,bot_exit_signal,kalshi_api,,-0.3,-0.34,-103.0303,-90.9091,,,
2026-05-10 14:36:54,KXBTC15M-26MAY101445-45,no,3.0,60,2026-05-10 14:36:54,60,60.0,60.0,kalshi_api,6.0,1.8,3.0,81beeedb-1655-7d84-dcce-72b4bbe35ddb|abc568a0-d96d-5084-6a26-7509c9fa011f,81beeedb-1655-7d84-dcce-72b4bbe35ddb|abc568a0-d96d-5084-6a26-7509c9fa011f,2026-05-10 14:37:25,60,2026-05-10 14:37:25,60.0,60.0,60.0,kalshi_api,6.0,1.8,3.0,0c38de7c-9ff5-771f-fa13-bf9bc6f55d83|dc640256-578d-6ddb-cf7b-cc353c6197eb,0c38de7c-9ff5-771f-fa13-bf9bc6f55d83|dc640256-578d-6ddb-cf7b-cc353c6197eb,0.12,exited_before_settlement,bot_exit_signal,kalshi_api,,0.0,-0.12,-6.6667,0.0,,,
2026-05-10 14:37:29,KXBTC15M-26MAY101445-45,no,3.0,67,2026-05-10 14:37:29|2026-05-10 14:37:30,67,67.0,67.0,kalshi_api,6.0,2.01,3.0,b0269187-1f83-5937-4549-92bcff5ae834|b65b2cae-fb05-6fd6-6623-2c448350dc12,b0269187-1f83-5937-4549-92bcff5ae834|b65b2cae-fb05-6fd6-6623-2c448350dc12,2026-05-10 14:38:00,66,2026-05-10 14:38:00,66.0,66.0,66.0,kalshi_api,6.0,1.98,3.0,3415e0d8-e8b4-4c26-ff33-d6b77f0c9a57|df81ae35-aa14-4ebe-a720-ca87654b4e03,3415e0d8-e8b4-4c26-ff33-d6b77f0c9a57|df81ae35-aa14-4ebe-a720-ca87654b4e03,0.12,exited_before_settlement,bot_exit_signal,kalshi_api,,-0.03,-0.15,-7.4627,-1.4925,,,
2026-05-10 14:38:02,KXBTC15M-26MAY101445-45,no,3.0,67,2026-05-10 14:38:02,67,67.0,67.0,kalshi_api,6.0,2.01,3.0,51f57191-68f7-6317-6184-7c39246d2386|ec3853e7-8b98-683e-c307-40c5621f34ca,51f57191-68f7-6317-6184-7c39246d2386|ec3853e7-8b98-683e-c307-40c5621f34ca,2026-05-10 14:38:32,62,2026-05-10 14:38:32,62.0,62.0,62.0,kalshi_api,5.0,1.86,3.0,15396150-c20e-4a26-8ac7-e198e8a69ab7,15396150-c20e-4a26-8ac7-e198e8a69ab7,0.11,exited_before_settlement,bot_exit_signal,kalshi_api,,-0.15,-0.26,-12.9353,-7.4627,,,
2026-05-10 14:39:12,KXBTC15M-26MAY101445-45,yes,3.0,14,2026-05-10 14:39:12,14,14.0,14.0,kalshi_api,3.0,0.42,3.0,c6f92ba0-f94b-4250-7aee-587993dc434f|2512d00c-747b-5878-14bb-578e5b1cd11f,c6f92ba0-f94b-4250-7aee-587993dc434f|2512d00c-747b-5878-14bb-578e5b1cd11f,2026-05-10 14:39:43,11,2026-05-10 14:39:43,11.0,12.0,12.0,kalshi_api,3.0,0.36,3.0,595b302a-4182-774e-c637-ca446f1db92e,595b302a-4182-774e-c637-ca446f1db92e,0.06,exited_before_settlement,bot_exit_signal,kalshi_api,,-0.06,-0.12,-28.5714,-14.2857,,,
2026-05-10 14:39:52,KXBTC15M-26MAY101445-45,no,3.0,84,2026-05-10 14:39:53,84,84.0,84.0,kalshi_api,3.0,2.52,3.0,10c838ba-ed49-76d5-4b88-47c410a5c0fe|8ba403f6-3539-5505-e3eb-9c7778393802,10c838ba-ed49-76d5-4b88-47c410a5c0fe|8ba403f6-3539-5505-e3eb-9c7778393802,2026-05-10 14:40:56,94,2026-05-10 14:40:56,94.0,94.2,94.2,kalshi_api,1.6,2.826,3.0,cfcda9f5-2680-5a13-da45-8c1b9be7a024,cfcda9f5-2680-5a13-da45-8c1b9be7a024,0.046,exited_before_settlement,bot_exit_signal,kalshi_api,,0.306,0.26,10.3175,12.1429,,,
2026-05-10 14:41:08,KXBTC15M-26MAY101445-45,yes,2.0,5,2026-05-10 14:41:08,5.0,4.8,4.8,kalshi_api,1.4,0.096,2.0,59dbb10f-26b1-7345-1009-c4767f312434,59dbb10f-26b1-7345-1009-c4767f312434,2026-05-10 14:41:41,5,2026-05-10 14:41:41,5.0,5.0,5.0,kalshi_api,1.0,0.1,2.0,34df81ab-85af-76f1-f053-d613d6520b27,34df81ab-85af-76f1-f053-d613d6520b27,0.024,exited_before_settlement,bot_exit_signal,kalshi_api,,0.004,-0.02,-20.8333,4.1667,,,
2026-05-10 14:51:57,KXBTC15M-26MAY101500-00,no,3.0,70,2026-05-10 14:51:57,70,70.0,70.0,kalshi_api,6.0,2.1,3.0,b2a7d201-5a29-4add-2264-811a2c6d5b21|3d7a2241-13d8-422e-0d65-5dbbc2f90218|0983e6a7-00b1-5f75-5654-b9401ad3bbc9,b2a7d201-5a29-4add-2264-811a2c6d5b21|3d7a2241-13d8-422e-0d65-5dbbc2f90218|0983e6a7-00b1-5f75-5654-b9401ad3bbc9,2026-05-10 14:52:28,46,2026-05-10 14:52:28,46.0,47.0,47.0,kalshi_api,6.0,1.41,3.0,01040ed2-3019-5bb4-3a98-b1057cc2d715,01040ed2-3019-5bb4-3a98-b1057cc2d715,0.12,exited_before_settlement,bot_exit_signal,kalshi_api,,-0.69,-0.81,-38.5714,-32.8571,,,
2026-05-10 15:01:03,KXBTC15M-26MAY101515-15,no,3.0,78,2026-05-10 15:01:03|2026-05-10 15:01:11,78,78.0,78.0,kalshi_api,5.0,2.34,3.0,6b5a34d7-16c4-5368-2186-611de2d4242e|49952d68-d0a1-5447-0559-6d0231ef9fc5,6b5a34d7-16c4-5368-2186-611de2d4242e|49952d68-d0a1-5447-0559-6d0231ef9fc5,2026-05-10 15:05:24,80,2026-05-10 15:05:24,80.0,80.0,80.0,kalshi_api,4.0,2.4,3.0,da8b3ef9-b444-629b-06dd-d311e38e23cd,da8b3ef9-b444-629b-06dd-d311e38e23cd,0.09,exited_before_settlement,bot_exit_signal,kalshi_api,,0.06,-0.03,-1.2821,2.5641,,,
2026-05-10 15:06:11,KXBTC15M-26MAY101515-15,no,3.0,78,2026-05-10 15:06:11|2026-05-10 15:06:43,80,79.0,79.0,kalshi_api,4.0,2.37,3.0,540f7564-23dd-544e-376b-4b99c8d97078|b46af3c0-c890-5370-f776-a7c07df1cc32,540f7564-23dd-544e-376b-4b99c8d97078|b46af3c0-c890-5370-f776-a7c07df1cc32,2026-05-10 15:07:14,81,2026-05-10 15:07:14,81.0,81.0,81.0,kalshi_api,4.0,2.43,3.0,a31c0e63-673e-4476-63ef-b1495fc50bc5,a31c0e63-673e-4476-63ef-b1495fc50bc5,0.08,exited_before_settlement,bot_exit_signal,kalshi_api,,0.06,-0.02,-0.8439,2.5316,,,
2026-05-10 15:10:04,KXBTC15M-26MAY101515-15,yes,3.0,75,2026-05-10 15:10:04,75,75.0,75.0,kalshi_api,5.0,2.25,3.0,227982dc-b55e-7de4-054b-c1cb809d29df|addeebc6-63f2-43bc-08ae-e2121605e157,227982dc-b55e-7de4-054b-c1cb809d29df|addeebc6-63f2-43bc-08ae-e2121605e157,2026-05-10 15:11:06,96,2026-05-10 15:11:06,96.0,96.0,96.0,kalshi_api,1.0,2.88,3.0,4506adaf-6731-41c0-5d9c-55be340cae59,4506adaf-6731-41c0-5d9c-55be340cae59,0.06,exited_before_settlement,bot_exit_signal,kalshi_api,,0.63,0.57,25.3333,28.0,,,
2026-05-10 15:16:15,KXBTC15M-26MAY101530-30,yes,3.0,76,2026-05-10 15:16:15|2026-05-10 15:16:16,76,76.0,76.0,kalshi_api,5.0,2.28,3.0,8d9c9453-e5ab-627f-8a10-01070ac82075|6d30d9fb-6652-6ee8-ba72-f7ad5979618d|a8ca6ffd-8ad7-42bf-0325-45fb774640a9,8d9c9453-e5ab-627f-8a10-01070ac82075|6d30d9fb-6652-6ee8-ba72-f7ad5979618d|a8ca6ffd-8ad7-42bf-0325-45fb774640a9,2026-05-10 15:17:09,75,2026-05-10 15:17:09,75.0,75.0,75.0,kalshi_api,5.0,2.25,3.0,6823268b-2789-5868-7ff5-36a3f42d6e6f|d3417ba9-5ee1-6710-a22f-77b6e046848f,6823268b-2789-5868-7ff5-36a3f42d6e6f|d3417ba9-5ee1-6710-a22f-77b6e046848f,0.1,exited_before_settlement,bot_exit_signal,kalshi_api,,-0.03,-0.13,-5.7018,-1.3158,,,
2026-05-10 15:17:30,KXBTC15M-26MAY101530-30,yes,3.0,77,2026-05-10 15:17:31,77,77.0,77.0,kalshi_api,5.0,2.31,3.0,b6f8326b-f480-6904-7197-6647f85919ef|2cf5394e-b134-4928-90ed-45785a761d97,b6f8326b-f480-6904-7197-6647f85919ef|2cf5394e-b134-4928-90ed-45785a761d97,2026-05-10 15:20:59,86,2026-05-10 15:20:59,86.0,86.0,86.0,kalshi_api,3.0,2.58,3.0,3fdf8491-8eac-7fe2-8dbc-fa0c32f5239c,3fdf8491-8eac-7fe2-8dbc-fa0c32f5239c,0.08,exited_before_settlement,bot_exit_signal,kalshi_api,,0.27,0.19,8.2251,11.6883,,,
2026-05-10 15:38:44,KXBTC15M-26MAY101545-45,yes,3.0,8,2026-05-10 15:38:44,8,8.0,8.0,kalshi_api,3.0,0.24,3.0,88fbd846-3f27-67f8-5baa-a54ada4ee1e2|b1078a40-b58b-6f7c-dca2-858d1f21f432,88fbd846-3f27-67f8-5baa-a54ada4ee1e2|b1078a40-b58b-6f7c-dca2-858d1f21f432,2026-05-10 15:39:15,4,2026-05-10 15:39:15,4.0,4.2,4.2,kalshi_api,1.6,0.126,3.0,13676cfc-8ee2-7250-f611-a03338cd1361,13676cfc-8ee2-7250-f611-a03338cd1361,0.046,exited_before_settlement,bot_exit_signal,kalshi_api,,-0.114,-0.16,-66.6667,-47.5,,,
2026-05-10 15:41:06,KXBTC15M-26MAY101545-45,yes,3.0,9,2026-05-10 15:41:06|2026-05-10 15:41:17,9,8.8667,8.8667,kalshi_api,2.4,0.266,3.0,8fbcb865-a157-4d18-2053-594056b0727a|83b012f0-66fa-578e-56f8-b06a0b400fef,8fbcb865-a157-4d18-2053-594056b0727a|83b012f0-66fa-578e-56f8-b06a0b400fef,2026-05-10 15:41:52,7,2026-05-10 15:41:52,7.0,7.3,7.3,kalshi_api,1.9,0.219,3.0,a94c639e-5b73-7a41-71bb-cfcd150b59e6,a94c639e-5b73-7a41-71bb-cfcd150b59e6,0.043,exited_before_settlement,bot_exit_signal,kalshi_api,,-0.047,-0.09,-33.8346,-17.6692,,,
2026-05-10 15:41:52,KXBTC15M-26MAY101545-45,yes,3.0,8,2026-05-10 15:41:52|2026-05-10 15:41:57,8,7.2667,7.2667,kalshi_api,2.2,0.218,3.0,ce83e92b-be20-7bd4-bd1d-bd0a75e30800|27021aa7-0f21-4bc4-8cf5-2774994c2081,ce83e92b-be20-7bd4-bd1d-bd0a75e30800|27021aa7-0f21-4bc4-8cf5-2774994c2081,2026-05-10 15:42:29,4,2026-05-10 15:42:29,4.0,4.1,4.1,kalshi_api,1.3,0.123,3.0,7ee017e0-94b5-7ead-2b7a-2443f6717b04,7ee017e0-94b5-7ead-2b7a-2443f6717b04,0.035,exited_before_settlement,bot_exit_signal,kalshi_api,,-0.095,-0.13,-59.633,-43.578,,,
2026-05-10 15:42:30,KXBTC15M-26MAY101545-45,yes,3.0,6,2026-05-10 15:42:30,6,5.8,5.8,kalshi_api,2.6,0.174,3.0,1587564f-75a4-7f97-80ff-da3bc2bc5b5a|163aa018-cbe0-6f47-d868-9592c94bca9e,1587564f-75a4-7f97-80ff-da3bc2bc5b5a|163aa018-cbe0-6f47-d868-9592c94bca9e,,,,,,,kalshi_market_result_api,0,,,,,0.026,loss,kalshi_api,kalshi_api_fills+market_result,no,-0.174,-0.2,-114.9425,-100.0,finalized,no,2026-05-10T19:45:15.901768Z
2026-05-10 15:50:42,KXBTC15M-26MAY101600-00,no,3.0,79,2026-05-10 15:50:42,79,79.0,79.0,kalshi_api,5.0,2.37,3.0,e28971f6-54f4-4a52-e6dd-57825958a1ce|2f9af090-eb90-40c6-7646-47c4fae0e77a,e28971f6-54f4-4a52-e6dd-57825958a1ce|2f9af090-eb90-40c6-7646-47c4fae0e77a,2026-05-10 15:51:33,89,2026-05-10 15:51:33,89.0,89.0,89.0,kalshi_api,3.0,2.67,3.0,445ededa-0c50-7333-05fe-6730b4d18c38,445ededa-0c50-7333-05fe-6730b4d18c38,0.08,exited_before_settlement,bot_exit_signal,kalshi_api,,0.3,0.22,9.2827,12.6582,,,
2026-05-10 15:51:37,KXBTC15M-26MAY101600-00,no,3.0,85,2026-05-10 15:51:37,85,85.0,85.0,kalshi_api,3.0,2.55,3.0,6fae021d-e32a-6312-819c-f130b0aa92dc|75c723d4-644e-6ff2-59f0-21e52e13f108,6fae021d-e32a-6312-819c-f130b0aa92dc|75c723d4-644e-6ff2-59f0-21e52e13f108,2026-05-10 15:54:04,97,2026-05-10 15:54:04,97.0,97.0,97.0,kalshi_api,1.0,2.91,3.0,0d8c06ac-7a5c-4f34-c885-db7d2c3e0318,0d8c06ac-7a5c-4f34-c885-db7d2c3e0318,0.04,exited_before_settlement,bot_exit_signal,kalshi_api,,0.36,0.32,12.549,14.1176,,,
2026-05-10 15:56:07,KXBTC15M-26MAY101600-00,yes,3.0,13,2026-05-10 15:56:07,13,13.0,13.0,kalshi_api,3.0,0.39,3.0,46f609fe-bfae-5a9c-9427-1c5d3fee6bb2|809529bb-13e6-7328-2d51-af265699062a,46f609fe-bfae-5a9c-9427-1c5d3fee6bb2|809529bb-13e6-7328-2d51-af265699062a,2026-05-10 15:56:37,9,2026-05-10 15:56:37,9.0,9.2,9.2,kalshi_api,2.6,0.276,3.0,703741f7-e243-70ff-bee0-ee044396ec32,703741f7-e243-70ff-bee0-ee044396ec32,0.056,exited_before_settlement,bot_exit_signal,kalshi_api,,-0.114,-0.17,-43.5897,-29.2308,,,
2026-05-10 15:57:07,KXBTC15M-26MAY101600-00,yes,2.0,5,2026-05-10 15:57:07,5.0,4.8,4.8,kalshi_api,1.4,0.096,2.0,ba52b22e-48da-66f4-dbd0-71f1ab3d6414,ba52b22e-48da-66f4-dbd0-71f1ab3d6414,2026-05-10 15:57:37,7,2026-05-10 15:57:37,7.0,10.0,10.0,kalshi_api,2.0,0.2,2.0,80e74754-6a12-5ee8-f671-e769e066d6fb,80e74754-6a12-5ee8-f671-e769e066d6fb,0.034,exited_before_settlement,bot_exit_signal,kalshi_api,,0.104,0.07,72.9167,108.3333,,,
2026-05-10 16:17:41,KXBTC15M-26MAY101630-30,no,3.0,79,2026-05-10 16:17:41,79,79.0,79.0,kalshi_api,5.0,2.37,3.0,522ad50d-d35a-63e7-876f-ce7eb9775259|ff0f2381-bf52-5ecf-c12b-b8829457fded,522ad50d-d35a-63e7-876f-ce7eb9775259|ff0f2381-bf52-5ecf-c12b-b8829457fded,2026-05-10 16:20:42,64,2026-05-10 16:20:42,64.0,64.0,64.0,kalshi_api,5.0,1.92,3.0,5fa32dc5-9e68-50bd-b5c4-4e470641349c|57302bff-0012-5a95-8a4b-133ce4f03e25,5fa32dc5-9e68-50bd-b5c4-4e470641349c|57302bff-0012-5a95-8a4b-133ce4f03e25,0.1,exited_before_settlement,bot_exit_signal,kalshi_api,,-0.45,-0.55,-23.2068,-18.9873,,,
2026-05-10 16:21:52,KXBTC15M-26MAY101630-30,no,3.0,74,2026-05-10 16:21:52,74,74.0,74.0,kalshi_api,5.0,2.22,3.0,6c7cd88f-f8ed-6959-21c7-a1b72fcf2cc4|aeb42714-3fa1-4b4d-fe48-f66be261b9a4,6c7cd88f-f8ed-6959-21c7-a1b72fcf2cc4|aeb42714-3fa1-4b4d-fe48-f66be261b9a4,2026-05-10 16:27:33,97,2026-05-10 16:27:33,97.0,97.4,97.4,kalshi_api,1.2,2.922,3.0,af5f6b95-199e-6b0c-e1e8-798895439ad5,af5f6b95-199e-6b0c-e1e8-798895439ad5,0.062,exited_before_settlement,bot_exit_signal,kalshi_api,,0.702,0.64,28.8288,31.6216,,,
2026-05-10 16:31:24,KXBTC15M-26MAY101645-45,no,3.0,74,2026-05-10 16:31:24,74,74.0,74.0,kalshi_api,5.0,2.22,3.0,4f4b05da-b580-48d9-2140-79c2873d9006|cf1edc9e-ee3c-48b5-eb20-41badf5f5602,4f4b05da-b580-48d9-2140-79c2873d9006|cf1edc9e-ee3c-48b5-eb20-41badf5f5602,2026-05-10 16:32:06,70,2026-05-10 16:32:06,70.0,70.0,70.0,kalshi_api,5.0,2.1,3.0,155b92c9-f46e-669b-ab9e-837d6e9c4022|1be4bf1f-fac2-60df-7ade-558bc8533f5e,155b92c9-f46e-669b-ab9e-837d6e9c4022|1be4bf1f-fac2-60df-7ade-558bc8533f5e,0.1,exited_before_settlement,bot_exit_signal,kalshi_api,,-0.12,-0.22,-9.9099,-5.4054,,,
2026-05-10 16:32:38,KXBTC15M-26MAY101645-45,no,3.0,78,2026-05-10 16:32:38,78,77.0,77.0,kalshi_api,5.0,2.31,3.0,018a6b93-52a5-403f-69bf-074d3f2acb27|57709608-40e9-69e3-d673-2e7adc6ffc6b,018a6b93-52a5-403f-69bf-074d3f2acb27|57709608-40e9-69e3-d673-2e7adc6ffc6b,2026-05-10 16:37:35,70,2026-05-10 16:37:35,70.0,70.0,70.0,kalshi_api,5.0,2.1,3.0,bf04a6a3-9613-7eb5-b5c8-bd12f3029777|68bb2779-4f1f-789d-70d9-84015b93e427,bf04a6a3-9613-7eb5-b5c8-bd12f3029777|68bb2779-4f1f-789d-70d9-84015b93e427,0.1,exited_before_settlement,bot_exit_signal,kalshi_api,,-0.21,-0.31,-13.4199,-9.0909,,,
2026-05-10 16:37:43,KXBTC15M-26MAY101645-45,no,3.0,68,2026-05-10 16:37:43|2026-05-10 16:37:46,70,69.6667,69.6667,kalshi_api,6.0,2.09,3.0,4cb16526-7ce4-4420-c543-c101034d1b98|c97b2407-8fd9-5069-aa4a-3efd8247a3f8,4cb16526-7ce4-4420-c543-c101034d1b98|c97b2407-8fd9-5069-aa4a-3efd8247a3f8,2026-05-10 16:39:08,76,2026-05-10 16:39:08,76.0,76.0,76.0,kalshi_api,5.0,2.28,3.0,d97fc8fd-5c05-5f2f-3618-73a0da1c0b75|e2930406-997d-44a3-ca42-05c5712ed5d1,d97fc8fd-5c05-5f2f-3618-73a0da1c0b75|e2930406-997d-44a3-ca42-05c5712ed5d1,0.11,exited_before_settlement,bot_exit_signal,kalshi_api,,0.19,0.08,3.8278,9.0909,,,
2026-05-10 16:39:11,KXBTC15M-26MAY101645-45,no,3.0,80,2026-05-10 16:39:11,80,80.0,80.0,kalshi_api,5.0,2.4,3.0,2fa537f1-52b1-680f-aaf6-0e9def87ef45|77af129d-f8a1-5e8b-9bb0-ac1395f5454d,2fa537f1-52b1-680f-aaf6-0e9def87ef45|77af129d-f8a1-5e8b-9bb0-ac1395f5454d,2026-05-10 16:42:04,99,2026-05-10 16:42:04,99.0,99.0,99.0,kalshi_api,1.0,1.98,2.0,67738031-22e6-7eba-3c34-10afa723d681,67738031-22e6-7eba-3c34-10afa723d681,0.06,exited_before_settlement,bot_exit_signal,kalshi_api,,-0.42,-0.48,-20.0,-17.5,,,
2026-05-10 16:45:53,KXBTC15M-26MAY101700-00,no,3.0,75,2026-05-10 16:45:53|2026-05-10 16:45:55,75,75.3333,75.3333,kalshi_api,5.0,2.26,3.0,b21e5f09-efc8-6fa1-6e4b-2fbee4f5cd82|0b501106-0ef9-62bf-1442-e9c7cef388f3,b21e5f09-efc8-6fa1-6e4b-2fbee4f5cd82|0b501106-0ef9-62bf-1442-e9c7cef388f3,,,,,,,kalshi_market_result_api,0,,,,,0.05,win,kalshi_api,kalshi_api_fills+market_result,no,0.74,0.69,30.531,32.7434,finalized,no,2026-05-10T21:00:16.002771Z
2026-05-10 17:02:20,KXBTC15M-26MAY101715-15,yes,3.0,75,2026-05-10 17:02:20,75,75.0,75.0,kalshi_api,5.0,2.25,3.0,f1188354-ee12-57e7-ca45-4db40cde4f93|3b77b09b-0c3e-6faf-574d-f5d2970d13ff,f1188354-ee12-57e7-ca45-4db40cde4f93|3b77b09b-0c3e-6faf-574d-f5d2970d13ff,2026-05-10 17:04:33,75,2026-05-10 17:04:33,75.0,75.0,75.0,kalshi_api,5.0,2.25,3.0,201c3640-e7a2-6396-aed6-5b030f282cc4|9bfe9399-a79e-7956-f8dc-81f36482bbb4,201c3640-e7a2-6396-aed6-5b030f282cc4|9bfe9399-a79e-7956-f8dc-81f36482bbb4,0.1,exited_before_settlement,bot_exit_signal,kalshi_api,,0.0,-0.1,-4.4444,0.0,,,
2026-05-10 17:06:06,KXBTC15M-26MAY101715-15,yes,2.0,85,2026-05-10 17:06:06,85.0,85.0,85.0,kalshi_api,2.0,1.7,2.0,53255fcb-f651-5ef7-dfef-0c181fa58114,53255fcb-f651-5ef7-dfef-0c181fa58114,2026-05-10 17:06:37,80,2026-05-10 17:06:37,80.0,80.0,80.0,kalshi_api,3.0,1.6,2.0,a94d102e-9ef2-75ef-d924-18f4da37e252,a94d102e-9ef2-75ef-d924-18f4da37e252,0.05,exited_before_settlement,bot_exit_signal,kalshi_api,,-0.1,-0.15,-8.8235,-5.8824,,,
2026-05-10 18:03:08,KXBTC15M-26MAY101815-15,yes,3.0,81,2026-05-10 18:03:08,80,79.0,79.0,kalshi_api,5.0,2.37,3.0,ab30ac3b-9a0a-42cf-4e0d-44ed5dc2719e|9c286362-6e4e-4939-427e-f323b5e3c576,ab30ac3b-9a0a-42cf-4e0d-44ed5dc2719e|9c286362-6e4e-4939-427e-f323b5e3c576,,,,,,,kalshi_market_result_api,0,,,,,0.05,win,kalshi_api,kalshi_api_fills+market_result,yes,0.63,0.58,24.4726,26.5823,finalized,yes,2026-05-10T22:15:15.951689Z
2026-05-10 18:26:43,KXBTC15M-26MAY101830-30,no,3.0,14,2026-05-10 18:26:43,14,13.3333,13.3333,kalshi_api,3.0,0.4,3.0,e0383cb9-64c9-6f49-a7b7-ac464eacdb72|e46afcb3-42be-42f1-f480-c4f4cc2b4c8e,e0383cb9-64c9-6f49-a7b7-ac464eacdb72|e46afcb3-42be-42f1-f480-c4f4cc2b4c8e,2026-05-10 18:27:29,1,2026-05-10 18:27:30,1.0,1.4,1.4,kalshi_api,1.2,0.042,3.0,fda69843-17d4-7bda-442a-ce6c8234a875,fda69843-17d4-7bda-442a-ce6c8234a875,0.042,exited_before_settlement,bot_exit_signal,kalshi_api,,-0.358,-0.4,-100.0,-89.5,,,
2026-05-10 18:32:18,KXBTC15M-26MAY101845-45,yes,3.0,76,2026-05-10 18:32:18,76,76.0,76.0,kalshi_api,5.0,2.28,3.0,c952cd97-616c-5197-5d8a-39b0b3f86a4f|540502d3-b24c-4537-580d-9629b9b38513,c952cd97-616c-5197-5d8a-39b0b3f86a4f|540502d3-b24c-4537-580d-9629b9b38513,2026-05-10 18:33:17,76,2026-05-10 18:33:17,76.0,76.0,76.0,kalshi_api,5.0,2.28,3.0,69cebf8e-9ac3-7494-d247-9486c9191fb9|735c2583-346b-60b0-41fd-b81d56d21115,69cebf8e-9ac3-7494-d247-9486c9191fb9|735c2583-346b-60b0-41fd-b81d56d21115,0.1,exited_before_settlement,bot_exit_signal,kalshi_api,,0.0,-0.1,-4.386,0.0,,,
2026-05-10 18:33:19,KXBTC15M-26MAY101845-45,yes,3.0,78,2026-05-10 18:33:19,78,78.0,78.0,kalshi_api,5.0,2.34,3.0,8595deee-baf4-7e7f-2ca9-4cb123f2426a|3665b0b3-72b1-7c44-0344-e5440d32d99b|6b9ee37c-8ef5-5d44-df9c-eeeaf3e60677,8595deee-baf4-7e7f-2ca9-4cb123f2426a|3665b0b3-72b1-7c44-0344-e5440d32d99b|6b9ee37c-8ef5-5d44-df9c-eeeaf3e60677,,,,,,,kalshi_market_result_api,0,,,,,0.05,win,kalshi_api,kalshi_api_fills+market_result,yes,0.66,0.61,26.0684,28.2051,determined,yes,
2026-05-10 19:00:47,KXBTC15M-26MAY101915-15,yes,3.0,73,2026-05-10 19:00:47,73,73.0,73.0,kalshi_api,5.0,2.19,3.0,b5083a13-fc71-5ccb-f5a3-218d4ee5c325|9337f8e5-8227-53e3-d968-0f67622c2b28|37d3bf0c-f6b7-672f-48c5-559a67d56ccc,b5083a13-fc71-5ccb-f5a3-218d4ee5c325|9337f8e5-8227-53e3-d968-0f67622c2b28|37d3bf0c-f6b7-672f-48c5-559a67d56ccc,2026-05-10 19:01:18,69,2026-05-10 19:01:19,69.0,69.0,69.0,kalshi_api,5.0,2.07,3.0,ff5dbae7-40db-6719-cc24-cba92ea37737|57ed23cc-ec17-4525-8175-26c89bf39547,ff5dbae7-40db-6719-cc24-cba92ea37737|57ed23cc-ec17-4525-8175-26c89bf39547,0.1,exited_before_settlement,bot_exit_signal,kalshi_api,,-0.12,-0.22,-10.0457,-5.4795,,,
2026-05-10 19:01:37,KXBTC15M-26MAY101915-15,yes,3.0,72,2026-05-10 19:01:37,72,72.0,72.0,kalshi_api,5.0,2.16,3.0,2d4a3478-2e45-5a58-3432-8e2920be82be|1c90f0d9-4a1d-42c8-9876-5d8a9263bf8e,2d4a3478-2e45-5a58-3432-8e2920be82be|1c90f0d9-4a1d-42c8-9876-5d8a9263bf8e,,,,,,,kalshi_market_result_api,0,,,,,0.05,win,kalshi_api,kalshi_api_fills+market_result,yes,0.84,0.79,36.5741,38.8889,finalized,yes,2026-05-10T23:15:15.953525Z
