dataset,candidate,label,all_base_markets,all_markets,all_wins,all_losses,all_accuracy,all_coverage,all_wilson95_lower,all_median_ask,all_mean_ask,all_p75_ask,all_ask_ge_95,all_ask_eq_100,all_median_seconds_to_close,all_entry_fee_cents,all_ask_cost_cents,all_entry_cost_cents,all_gross_pnl_cents,all_net_pnl_cents,all_gross_roi_on_ask,all_net_roi_on_cost,all_net_edge_per_selected_cents,all_net_edge_per_base_market_cents,all_fee_aware_break_even_accuracy,all_accuracy_minus_break_even,train_base_markets,train_markets,train_wins,train_losses,train_accuracy,train_coverage,train_wilson95_lower,train_median_ask,train_mean_ask,train_p75_ask,train_ask_ge_95,train_ask_eq_100,train_median_seconds_to_close,train_entry_fee_cents,train_ask_cost_cents,train_entry_cost_cents,train_gross_pnl_cents,train_net_pnl_cents,train_gross_roi_on_ask,train_net_roi_on_cost,train_net_edge_per_selected_cents,train_net_edge_per_base_market_cents,train_fee_aware_break_even_accuracy,train_accuracy_minus_break_even,validation_base_markets,validation_markets,validation_wins,validation_losses,validation_accuracy,validation_coverage,validation_wilson95_lower,validation_median_ask,validation_mean_ask,validation_p75_ask,validation_ask_ge_95,validation_ask_eq_100,validation_median_seconds_to_close,validation_entry_fee_cents,validation_ask_cost_cents,validation_entry_cost_cents,validation_gross_pnl_cents,validation_net_pnl_cents,validation_gross_roi_on_ask,validation_net_roi_on_cost,validation_net_edge_per_selected_cents,validation_net_edge_per_base_market_cents,validation_fee_aware_break_even_accuracy,validation_accuracy_minus_break_even,holdout_base_markets,holdout_markets,holdout_wins,holdout_losses,holdout_accuracy,holdout_coverage,holdout_wilson95_lower,holdout_median_ask,holdout_mean_ask,holdout_p75_ask,holdout_ask_ge_95,holdout_ask_eq_100,holdout_median_seconds_to_close,holdout_entry_fee_cents,holdout_ask_cost_cents,holdout_entry_cost_cents,holdout_gross_pnl_cents,holdout_net_pnl_cents,holdout_gross_roi_on_ask,holdout_net_roi_on_cost,holdout_net_edge_per_selected_cents,holdout_net_edge_per_base_market_cents,holdout_fee_aware_break_even_accuracy,holdout_accuracy_minus_break_even,coverage_pass,all_splits_positive,oos_positive,conflict_share
current,book_margin_locked,book_margin; brownian>=0.7; book>=0.6; ask<=95; sec>=120; book_margin_gate=True,307,305,216,89,0.7081967213114754,0.993485342019544,0.6548416747611736,64.0,65.71147540983607,68.0,0,0,820.467,607.0,20042.0,20649.0,1558.0,951.0,0.07773675281907994,0.04605549905564434,3.1180327868852458,3.0977198697068404,0.677016393442623,0.031180327868852387,184,182,128,54,0.7032967032967034,0.9891304347826086,0.6332840440822117,63.0,65.02197802197803,67.0,0,0,817.645,363.0,11834.0,12197.0,966.0,603.0,0.08162920398850769,0.04943838648848077,3.3131868131868134,3.277173913043478,0.6701648351648352,0.03313186813186819,61,61,43,18,0.7049180327868853,1.0,0.5811059794277963,65.0,66.57377049180327,69.0,0,0,800.821,122.0,4061.0,4183.0,239.0,117.0,0.05885249938438808,0.02797035620368157,1.9180327868852458,1.9180327868852458,0.6857377049180328,0.019180327868852487,62,62,45,17,0.7258064516129032,1.0,0.6040746035801103,65.0,66.88709677419355,69.0,0,0,828.387,122.0,4147.0,4269.0,353.0,231.0,0.08512177477694718,0.054111033028812365,3.725806451612903,3.725806451612903,0.6885483870967742,0.03725806451612901,True,True,True,0.0
current,brownian70_sec120,brownian70; brownian>=0.7; book>=0.6; ask<=95; sec>=120; book_margin_gate=True,307,293,241,52,0.8225255972696246,0.9543973941368078,0.7746879406507481,78.0,77.4334470989761,83.0,4,0,648.904,500.0,22688.0,23188.0,1412.0,912.0,0.062235543018335684,0.03933068828704502,3.112627986348123,2.970684039087948,0.7913993174061433,0.031126279863481265,184,175,141,34,0.8057142857142857,0.9510869565217391,0.7407907619629084,78.0,77.13714285714286,83.0,4,0,649.413,303.0,13499.0,13802.0,601.0,298.0,0.04452181643084673,0.02159107375742646,1.7028571428571428,1.6195652173913044,0.7886857142857143,0.017028571428571393,61,60,50,10,0.8333333333333334,0.9836065573770492,0.7196838683638547,77.0,77.26666666666667,83.0,0,0,650.0575,102.0,4636.0,4738.0,364.0,262.0,0.07851596203623813,0.05529759392148586,4.366666666666666,4.295081967213115,0.7896666666666667,0.04366666666666663,62,58,50,8,0.8620689655172413,0.9354838709677419,0.7507409056616206,80.0,78.5,86.0,0,0,622.663,95.0,4553.0,4648.0,447.0,352.0,0.09817702613661322,0.0757314974182444,6.068965517241379,5.67741935483871,0.8013793103448277,0.06068965517241365,True,True,True,0.0
current,score_min60_lock_equiv,score_min60; brownian>=0.7; book>=0.6; ask<=95; sec>=120; book_margin_gate=True,307,304,229,75,0.7532894736842105,0.990228013029316,0.701868149722436,68.5,69.5032894736842,73.0,0,0,768.5325,597.0,21129.0,21726.0,1771.0,1174.0,0.08381844857778409,0.05403663812943017,3.861842105263158,3.824104234527687,0.7146710526315789,0.03861842105263158,184,181,136,45,0.7513812154696132,0.9836956521739131,0.6836300138562955,68.0,68.83977900552486,72.0,0,0,766.964,356.0,12460.0,12816.0,1140.0,784.0,0.09149277688603531,0.06117353308364544,4.331491712707182,4.260869565217392,0.7080662983425414,0.043314917127071806,61,61,47,14,0.7704918032786885,1.0,0.65086594876416,69.0,70.39344262295081,75.0,0,0,768.782,119.0,4294.0,4413.0,406.0,287.0,0.09455053563111318,0.06503512349875368,4.704918032786885,4.704918032786885,0.7234426229508197,0.047049180327868756,62,62,46,16,0.7419354838709677,1.0,0.6211887265285198,69.5,70.56451612903226,74.0,0,0,773.2719999999999,122.0,4375.0,4497.0,225.0,103.0,0.05142857142857143,0.022904158327774073,1.6612903225806452,1.6612903225806452,0.7253225806451613,0.01661290322580644,True,True,True,0.0
current,brownian70_skip_book_conflict,brownian70_skip_conflict; brownian>=0.7; book>=0.6; ask<=95; sec>=120; book_margin_gate=True,307,293,241,52,0.8225255972696246,0.9543973941368078,0.7746879406507481,78.0,77.51194539249147,83.0,4,0,648.904,500.0,22711.0,23211.0,1389.0,889.0,0.06115979040993351,0.03830080565249235,3.0341296928327646,2.8957654723127035,0.7921843003412969,0.030341296928327655,184,175,141,34,0.8057142857142857,0.9510869565217391,0.7407907619629084,78.0,77.13714285714286,83.0,4,0,649.413,303.0,13499.0,13802.0,601.0,298.0,0.04452181643084673,0.02159107375742646,1.7028571428571428,1.6195652173913044,0.7886857142857143,0.017028571428571393,61,60,50,10,0.8333333333333334,0.9836065573770492,0.7196838683638547,77.0,77.26666666666667,83.0,0,0,650.0575,102.0,4636.0,4738.0,364.0,262.0,0.07851596203623813,0.05529759392148586,4.366666666666666,4.295081967213115,0.7896666666666667,0.04366666666666663,62,58,50,8,0.8620689655172413,0.9354838709677419,0.7507409056616206,80.0,78.89655172413794,86.0,0,0,622.663,95.0,4576.0,4671.0,424.0,329.0,0.09265734265734266,0.07043459644615714,5.672413793103448,5.306451612903226,0.8053448275862071,0.05672413793103426,True,True,True,0.0
current,book_margin_skip_brownian_conflict,book_skip_conflict; brownian>=0.7; book>=0.6; ask<=95; sec>=120; book_margin_gate=True,307,305,216,89,0.7081967213114754,0.993485342019544,0.6548416747611736,64.0,65.71147540983607,68.0,0,0,820.467,607.0,20042.0,20649.0,1558.0,951.0,0.07773675281907994,0.04605549905564434,3.1180327868852458,3.0977198697068404,0.677016393442623,0.031180327868852387,184,182,128,54,0.7032967032967034,0.9891304347826086,0.6332840440822117,63.0,65.02197802197803,67.0,0,0,817.645,363.0,11834.0,12197.0,966.0,603.0,0.08162920398850769,0.04943838648848077,3.3131868131868134,3.277173913043478,0.6701648351648352,0.03313186813186819,61,61,43,18,0.7049180327868853,1.0,0.5811059794277963,65.0,66.57377049180327,69.0,0,0,800.821,122.0,4061.0,4183.0,239.0,117.0,0.05885249938438808,0.02797035620368157,1.9180327868852458,1.9180327868852458,0.6857377049180328,0.019180327868852487,62,62,45,17,0.7258064516129032,1.0,0.6040746035801103,65.0,66.88709677419355,69.0,0,0,828.387,122.0,4147.0,4269.0,353.0,231.0,0.08512177477694718,0.054111033028812365,3.725806451612903,3.725806451612903,0.6885483870967742,0.03725806451612901,True,True,True,0.0
current,book_margin_conflict_only,book_conflict_only; brownian>=0.7; book>=0.6; ask<=95; sec>=120; book_margin_gate=True,307,0,0,0,,0.0,,,,,0,0,,0.0,0.0,0.0,0.0,0.0,,,,0.0,,,184,0,0,0,,0.0,,,,,0,0,,0.0,0.0,0.0,0.0,0.0,,,,0.0,,,61,0,0,0,,0.0,,,,,0,0,,0.0,0.0,0.0,0.0,0.0,,,,0.0,,,62,0,0,0,,0.0,,,,,0,0,,0.0,0.0,0.0,0.0,0.0,,,,0.0,,,False,False,False,0.0
current,book_conflict_only_no_margin,book_conflict_only; brownian>=0.7; book>=0.6; ask<=95; sec>=120; book_margin_gate=False,307,179,125,54,0.6983240223463687,0.5830618892508144,0.6274981355696418,64.0,65.70391061452514,68.0,0,0,737.604,354.0,11761.0,12115.0,739.0,385.0,0.06283479295978234,0.03177878662814693,2.1508379888268156,1.254071661237785,0.6768156424581006,0.021508379888268148,184,106,76,30,0.7169811320754716,0.5760869565217391,0.6248100335076636,64.0,65.85849056603773,68.0,0,0,708.3875,210.0,6981.0,7191.0,619.0,409.0,0.0886692450938261,0.056876651369767765,3.858490566037736,2.222826086956522,0.6783962264150943,0.03858490566037731,61,39,26,13,0.6666666666666666,0.639344262295082,0.50977394399346,63.0,64.97435897435898,66.0,0,0,803.6,77.0,2534.0,2611.0,66.0,-11.0,0.026045777426992895,-0.004212945231711987,-0.28205128205128205,-0.18032786885245902,0.6694871794871793,-0.002820512820512655,62,34,23,11,0.6764705882352942,0.5483870967741935,0.508428945939082,64.5,66.05882352941177,69.5,0,0,672.2755,67.0,2246.0,2313.0,54.0,-13.0,0.02404274265360641,-0.005620406398616515,-0.38235294117647056,-0.20967741935483872,0.6802941176470589,-0.003823529411764781,False,False,False,1.0
current,brownian70_conflict_only,brownian_conflict_only; brownian>=0.7; book>=0.6; ask<=95; sec>=120; book_margin_gate=True,307,25,7,18,0.28,0.08143322475570032,0.14283853850956563,41.0,40.36,49.0,0,0,313.294,49.0,1009.0,1058.0,-309.0,-358.0,-0.3062438057482656,-0.3383742911153119,-14.32,-1.1661237785016287,0.4232,-0.1432,184,16,4,12,0.25,0.08695652173913043,0.10182067491213048,40.5,40.6875,49.0,0,0,313.2305,32.0,651.0,683.0,-251.0,-283.0,-0.38556067588325654,-0.4143484626647145,-17.6875,-1.5380434782608696,0.426875,-0.176875,61,6,1,5,0.16666666666666666,0.09836065573770492,0.030053369748306667,45.0,39.666666666666664,48.75,0,0,281.8105,11.0,238.0,249.0,-138.0,-149.0,-0.5798319327731093,-0.5983935742971888,-24.833333333333332,-2.442622950819672,0.415,-0.24833333333333332,62,3,2,1,0.6666666666666666,0.04838709677419355,0.20765960080204768,44.0,40.0,45.0,0,0,447.217,6.0,120.0,126.0,80.0,74.0,0.6666666666666666,0.5873015873015873,24.666666666666668,1.1935483870967742,0.42,0.24666666666666665,False,False,False,1.0
current,brownian70_override_book60_on_conflict,brownian70_override_book; brownian>=0.7; book>=0.6; ask<=95; sec>=120; book_margin_gate=True,307,293,241,52,0.8225255972696246,0.9543973941368078,0.7746879406507481,78.0,77.51194539249147,83.0,4,0,648.904,500.0,22711.0,23211.0,1389.0,889.0,0.06115979040993351,0.03830080565249235,3.0341296928327646,2.8957654723127035,0.7921843003412969,0.030341296928327655,184,175,141,34,0.8057142857142857,0.9510869565217391,0.7407907619629084,78.0,77.13714285714286,83.0,4,0,649.413,303.0,13499.0,13802.0,601.0,298.0,0.04452181643084673,0.02159107375742646,1.7028571428571428,1.6195652173913044,0.7886857142857143,0.017028571428571393,61,60,50,10,0.8333333333333334,0.9836065573770492,0.7196838683638547,77.0,77.26666666666667,83.0,0,0,650.0575,102.0,4636.0,4738.0,364.0,262.0,0.07851596203623813,0.05529759392148586,4.366666666666666,4.295081967213115,0.7896666666666667,0.04366666666666663,62,58,50,8,0.8620689655172413,0.9354838709677419,0.7507409056616206,80.0,78.89655172413794,86.0,0,0,622.663,95.0,4576.0,4671.0,424.0,329.0,0.09265734265734266,0.07043459644615714,5.672413793103448,5.306451612903226,0.8053448275862071,0.05672413793103426,True,True,True,0.0
current,brownian70_override_book65_on_conflict,brownian70_override_book; brownian>=0.7; book>=0.65; ask<=95; sec>=120; book_margin_gate=True,307,293,241,52,0.8225255972696246,0.9543973941368078,0.7746879406507481,78.0,77.51194539249147,83.0,4,0,648.904,500.0,22711.0,23211.0,1389.0,889.0,0.06115979040993351,0.03830080565249235,3.0341296928327646,2.8957654723127035,0.7921843003412969,0.030341296928327655,184,175,141,34,0.8057142857142857,0.9510869565217391,0.7407907619629084,78.0,77.13714285714286,83.0,4,0,649.413,303.0,13499.0,13802.0,601.0,298.0,0.04452181643084673,0.02159107375742646,1.7028571428571428,1.6195652173913044,0.7886857142857143,0.017028571428571393,61,60,50,10,0.8333333333333334,0.9836065573770492,0.7196838683638547,77.0,77.26666666666667,83.0,0,0,650.0575,102.0,4636.0,4738.0,364.0,262.0,0.07851596203623813,0.05529759392148586,4.366666666666666,4.295081967213115,0.7896666666666667,0.04366666666666663,62,58,50,8,0.8620689655172413,0.9354838709677419,0.7507409056616206,80.0,78.89655172413794,86.0,0,0,622.663,95.0,4576.0,4671.0,424.0,329.0,0.09265734265734266,0.07043459644615714,5.672413793103448,5.306451612903226,0.8053448275862071,0.05672413793103426,True,True,True,0.0
current,brownian70_override_book55_no_margin_on_conflict,brownian70_override_book; brownian>=0.7; book>=0.55; ask<=95; sec>=120; book_margin_gate=False,307,304,213,91,0.7006578947368421,0.990228013029316,0.6469337762102796,62.0,66.25657894736842,73.0,2,0,788.0135,575.0,20142.0,20717.0,1158.0,583.0,0.05749180816204945,0.028141140126466187,1.917763157894737,1.8990228013029316,0.6814802631578947,0.019177631578947474,184,181,129,52,0.712707182320442,0.9836956521739131,0.6429041448852565,62.0,66.29834254143647,74.0,2,0,779.91,344.0,12000.0,12344.0,900.0,556.0,0.075,0.04504212572909916,3.0718232044198897,3.0217391304347827,0.6819889502762431,0.03071823204419888,61,61,45,16,0.7377049180327869,1.0,0.6156325821638563,63.0,65.78688524590164,71.0,0,0,794.099,115.0,4013.0,4128.0,487.0,372.0,0.12135559431846499,0.09011627906976744,6.098360655737705,6.098360655737705,0.6767213114754098,0.06098360655737711,62,62,39,23,0.6290322580645161,1.0,0.5045796412346052,61.5,66.59677419354838,72.75,0,0,810.771,116.0,4129.0,4245.0,-229.0,-345.0,-0.055461370791959314,-0.0812720848056537,-5.564516129032258,-5.564516129032258,0.6846774193548386,-0.05564516129032249,True,False,False,0.6118421052631579
current,brownian70_override_book60_no_margin_on_conflict,brownian70_override_book; brownian>=0.7; book>=0.6; ask<=95; sec>=120; book_margin_gate=False,307,303,228,75,0.7524752475247525,0.9869706840390879,0.7009222712120811,70.0,71.27722772277228,78.0,3,0,723.617,561.0,21597.0,22158.0,1203.0,642.0,0.05570218085845256,0.028973734091524504,2.118811881188119,2.0912052117263844,0.7312871287128713,0.021188118811881207,184,180,137,43,0.7611111111111111,0.9782608695652174,0.6937760816102223,70.0,71.57777777777778,78.25,3,0,721.3185,334.0,12884.0,13218.0,816.0,482.0,0.06333436820863086,0.03646542593433197,2.6777777777777776,2.619565217391304,0.7343333333333334,0.026777777777777678,61,61,44,17,0.7213114754098361,1.0,0.5982856941182984,66.0,69.39344262295081,75.0,0,0,769.461,114.0,4233.0,4347.0,167.0,53.0,0.039451925348452634,0.012192316540142627,0.8688524590163934,0.8688524590163934,0.7126229508196722,0.008688524590163893,62,62,47,15,0.7580645161290323,1.0,0.6384749248397259,70.5,72.25806451612904,79.75,0,0,666.1635,113.0,4480.0,4593.0,220.0,107.0,0.049107142857142856,0.023296320487698672,1.7258064516129032,1.7258064516129032,0.7408064516129034,0.01725806451612888,True,True,True,0.4521452145214521
v21,book_margin_locked,book_margin; brownian>=0.7; book>=0.6; ask<=95; sec>=120; book_margin_gate=True,221,219,156,63,0.7123287671232876,0.9909502262443439,0.6491214398502179,66.0,67.32420091324201,70.5,0,0,779.813589,431.0,14744.0,15175.0,856.0,425.0,0.05805751492132393,0.02800658978583196,1.9406392694063928,1.9230769230769231,0.6929223744292238,0.019406392694063856,132,131,90,41,0.6870229007633588,0.9924242424242424,0.6032467934308663,66.0,67.33587786259542,71.0,0,0,779.94713,259.0,8821.0,9080.0,179.0,-80.0,0.020292483845369007,-0.00881057268722467,-0.6106870229007634,-0.6060606060606061,0.6931297709923665,-0.006106870229007688,44,44,32,12,0.7272727272727273,1.0,0.581511269075488,64.5,65.93181818181819,67.0,0,0,779.7111965,87.0,2901.0,2988.0,299.0,212.0,0.10306790761806274,0.07095046854082998,4.818181818181818,4.818181818181818,0.6790909090909091,0.048181818181818215,45,44,34,10,0.7727272727272727,0.9777777777777777,0.6300764193536366,67.0,68.68181818181819,71.25,0,0,779.378346,85.0,3022.0,3107.0,378.0,293.0,0.12508272667107875,0.09430318635339556,6.659090909090909,6.511111111111111,0.7061363636363637,0.06659090909090903,True,False,True,0.0
v21,brownian70_sec120,brownian70; brownian>=0.7; book>=0.6; ask<=95; sec>=120; book_margin_gate=True,221,213,170,43,0.7981220657276995,0.9638009049773756,0.7391538588633205,77.0,77.44600938967136,83.0,1,0,659.041274,372.0,16496.0,16868.0,504.0,132.0,0.030552861299709022,0.007825468342423524,0.6197183098591549,0.5972850678733032,0.791924882629108,0.006197183098591519,132,127,96,31,0.7559055118110236,0.9621212121212122,0.6744079798569265,76.0,76.46456692913385,82.0,1,0,659.245558,226.0,9711.0,9937.0,-111.0,-337.0,-0.01143033673154155,-0.03391365603300795,-2.6535433070866143,-2.553030303030303,0.7824409448818895,-0.02653543307086592,44,44,39,5,0.8863636363636364,1.0,0.760208475833917,79.0,79.22727272727273,85.0,0,0,599.401346,73.0,3486.0,3559.0,414.0,341.0,0.11876075731497418,0.09581343073897162,7.75,7.75,0.8088636363636362,0.07750000000000012,45,42,35,7,0.8333333333333334,0.9333333333333333,0.6939599725535115,79.0,78.54761904761905,82.75,0,0,629.278917,73.0,3299.0,3372.0,201.0,128.0,0.060927553804183084,0.03795966785290629,3.0476190476190474,2.8444444444444446,0.8028571428571428,0.030476190476190546,True,False,True,0.0
v21,score_min60_lock_equiv,score_min60; brownian>=0.7; book>=0.6; ask<=95; sec>=120; book_margin_gate=True,221,218,161,57,0.7385321100917431,0.9864253393665159,0.6764286388617029,68.0,69.46788990825688,72.0,0,0,779.4352445,422.0,15144.0,15566.0,956.0,534.0,0.06312731114632858,0.03430553771039445,2.44954128440367,2.416289592760181,0.7140366972477062,0.02449541284403689,132,130,92,38,0.7076923076923077,0.9848484848484849,0.6244469876657347,68.0,68.96153846153847,72.0,0,0,779.5278185,254.0,8965.0,9219.0,235.0,-19.0,0.026213050752928055,-0.0020609610586831543,-0.14615384615384616,-0.14393939393939395,0.7091538461538461,-0.001461538461538403,44,44,35,9,0.7954545454545454,1.0,0.6549942193889834,67.0,68.54545454545455,71.25,0,0,779.097888,86.0,3016.0,3102.0,484.0,398.0,0.16047745358090185,0.1283043197936815,9.045454545454545,9.045454545454545,0.705,0.09045454545454545,45,44,34,10,0.7727272727272727,0.9777777777777777,0.6300764193536366,70.0,71.88636363636364,78.25,0,0,779.189098,82.0,3163.0,3245.0,237.0,155.0,0.07492886500158077,0.04776579352850539,3.522727272727273,3.4444444444444446,0.7374999999999999,0.035227272727272774,True,False,True,0.0
v21,brownian70_skip_book_conflict,brownian70_skip_conflict; brownian>=0.7; book>=0.6; ask<=95; sec>=120; book_margin_gate=True,221,212,169,43,0.7971698113207547,0.9592760180995475,0.7379766597843271,77.5,77.75,83.0,1,0,659.028176,370.0,16483.0,16853.0,417.0,47.0,0.02529879269550446,0.002788820981427639,0.22169811320754718,0.21266968325791855,0.7949528301886792,0.0022169811320754684,132,126,95,31,0.753968253968254,0.9545454545454546,0.671992197768955,76.0,76.96825396825396,82.0,1,0,659.2362029999999,224.0,9698.0,9922.0,-198.0,-422.0,-0.020416580738296556,-0.0425317476315259,-3.3492063492063493,-3.196969696969697,0.7874603174603172,-0.03349206349206324,44,44,39,5,0.8863636363636364,1.0,0.760208475833917,79.0,79.22727272727273,85.0,0,0,599.401346,73.0,3486.0,3559.0,414.0,341.0,0.11876075731497418,0.09581343073897162,7.75,7.75,0.8088636363636362,0.07750000000000012,45,42,35,7,0.8333333333333334,0.9333333333333333,0.6939599725535115,79.0,78.54761904761905,82.75,0,0,629.278917,73.0,3299.0,3372.0,201.0,128.0,0.060927553804183084,0.03795966785290629,3.0476190476190474,2.8444444444444446,0.8028571428571428,0.030476190476190546,True,False,True,0.0
v21,book_margin_skip_brownian_conflict,book_skip_conflict; brownian>=0.7; book>=0.6; ask<=95; sec>=120; book_margin_gate=True,221,219,156,63,0.7123287671232876,0.9909502262443439,0.6491214398502179,66.0,67.32420091324201,70.5,0,0,779.813589,431.0,14744.0,15175.0,856.0,425.0,0.05805751492132393,0.02800658978583196,1.9406392694063928,1.9230769230769231,0.6929223744292238,0.019406392694063856,132,131,90,41,0.6870229007633588,0.9924242424242424,0.6032467934308663,66.0,67.33587786259542,71.0,0,0,779.94713,259.0,8821.0,9080.0,179.0,-80.0,0.020292483845369007,-0.00881057268722467,-0.6106870229007634,-0.6060606060606061,0.6931297709923665,-0.006106870229007688,44,44,32,12,0.7272727272727273,1.0,0.581511269075488,64.5,65.93181818181819,67.0,0,0,779.7111965,87.0,2901.0,2988.0,299.0,212.0,0.10306790761806274,0.07095046854082998,4.818181818181818,4.818181818181818,0.6790909090909091,0.048181818181818215,45,44,34,10,0.7727272727272727,0.9777777777777777,0.6300764193536366,67.0,68.68181818181819,71.25,0,0,779.378346,85.0,3022.0,3107.0,378.0,293.0,0.12508272667107875,0.09430318635339556,6.659090909090909,6.511111111111111,0.7061363636363637,0.06659090909090903,True,False,True,0.0
v21,book_margin_conflict_only,book_conflict_only; brownian>=0.7; book>=0.6; ask<=95; sec>=120; book_margin_gate=True,221,0,0,0,,0.0,,,,,0,0,,0.0,0.0,0.0,0.0,0.0,,,,0.0,,,132,0,0,0,,0.0,,,,,0,0,,0.0,0.0,0.0,0.0,0.0,,,,0.0,,,44,0,0,0,,0.0,,,,,0,0,,0.0,0.0,0.0,0.0,0.0,,,,0.0,,,45,0,0,0,,0.0,,,,,0,0,,0.0,0.0,0.0,0.0,0.0,,,,0.0,,,False,False,False,0.0
v21,book_conflict_only_no_margin,book_conflict_only; brownian>=0.7; book>=0.6; ask<=95; sec>=120; book_margin_gate=False,221,16,9,7,0.5625,0.07239819004524888,0.331785563988119,64.5,66.5,70.25,0,0,860.836638,32.0,1064.0,1096.0,-164.0,-196.0,-0.15413533834586465,-0.17883211678832117,-12.25,-0.8868778280542986,0.685,-0.12250000000000005,132,12,8,4,0.6666666666666666,0.09090909090909091,0.39062208887279953,64.5,66.25,70.0,0,0,860.6607254999999,24.0,795.0,819.0,5.0,-19.0,0.006289308176100629,-0.0231990231990232,-1.5833333333333333,-0.14393939393939395,0.6825,-0.015833333333333366,44,1,0,1,0.0,0.022727272727272728,0.0,61.0,61.0,61.0,0,0,857.020388,2.0,61.0,63.0,-61.0,-63.0,-1.0,-1.0,-63.0,-1.4318181818181819,0.63,-0.63,45,3,1,2,0.3333333333333333,0.06666666666666667,0.061491944720396215,72.0,69.33333333333333,72.0,0,0,875.492409,6.0,208.0,214.0,-108.0,-114.0,-0.5192307692307693,-0.5327102803738317,-38.0,-2.533333333333333,0.7133333333333333,-0.37999999999999995,False,False,False,1.0
v21,brownian70_conflict_only,brownian_conflict_only; brownian>=0.7; book>=0.6; ask<=95; sec>=120; book_margin_gate=True,221,2,1,1,0.5,0.00904977375565611,0.09453120573423071,44.0,44.0,44.5,0,0,872.8359205,4.0,88.0,92.0,12.0,8.0,0.13636363636363635,0.08695652173913043,4.0,0.03619909502262444,0.45999999999999996,0.040000000000000036,132,2,1,1,0.5,0.015151515151515152,0.09453120573423071,44.0,44.0,44.5,0,0,872.8359205,4.0,88.0,92.0,12.0,8.0,0.13636363636363635,0.08695652173913043,4.0,0.06060606060606061,0.45999999999999996,0.040000000000000036,44,0,0,0,,0.0,,,,,0,0,,0.0,0.0,0.0,0.0,0.0,,,,0.0,,,45,0,0,0,,0.0,,,,,0,0,,0.0,0.0,0.0,0.0,0.0,,,,0.0,,,False,False,False,1.0
v21,brownian70_override_book60_on_conflict,brownian70_override_book; brownian>=0.7; book>=0.6; ask<=95; sec>=120; book_margin_gate=True,221,212,169,43,0.7971698113207547,0.9592760180995475,0.7379766597843271,77.5,77.75,83.0,1,0,659.028176,370.0,16483.0,16853.0,417.0,47.0,0.02529879269550446,0.002788820981427639,0.22169811320754718,0.21266968325791855,0.7949528301886792,0.0022169811320754684,132,126,95,31,0.753968253968254,0.9545454545454546,0.671992197768955,76.0,76.96825396825396,82.0,1,0,659.2362029999999,224.0,9698.0,9922.0,-198.0,-422.0,-0.020416580738296556,-0.0425317476315259,-3.3492063492063493,-3.196969696969697,0.7874603174603172,-0.03349206349206324,44,44,39,5,0.8863636363636364,1.0,0.760208475833917,79.0,79.22727272727273,85.0,0,0,599.401346,73.0,3486.0,3559.0,414.0,341.0,0.11876075731497418,0.09581343073897162,7.75,7.75,0.8088636363636362,0.07750000000000012,45,42,35,7,0.8333333333333334,0.9333333333333333,0.6939599725535115,79.0,78.54761904761905,82.75,0,0,629.278917,73.0,3299.0,3372.0,201.0,128.0,0.060927553804183084,0.03795966785290629,3.0476190476190474,2.8444444444444446,0.8028571428571428,0.030476190476190546,True,False,True,0.0
v21,brownian70_override_book65_on_conflict,brownian70_override_book; brownian>=0.7; book>=0.65; ask<=95; sec>=120; book_margin_gate=True,221,212,169,43,0.7971698113207547,0.9592760180995475,0.7379766597843271,77.5,77.75,83.0,1,0,659.028176,370.0,16483.0,16853.0,417.0,47.0,0.02529879269550446,0.002788820981427639,0.22169811320754718,0.21266968325791855,0.7949528301886792,0.0022169811320754684,132,126,95,31,0.753968253968254,0.9545454545454546,0.671992197768955,76.0,76.96825396825396,82.0,1,0,659.2362029999999,224.0,9698.0,9922.0,-198.0,-422.0,-0.020416580738296556,-0.0425317476315259,-3.3492063492063493,-3.196969696969697,0.7874603174603172,-0.03349206349206324,44,44,39,5,0.8863636363636364,1.0,0.760208475833917,79.0,79.22727272727273,85.0,0,0,599.401346,73.0,3486.0,3559.0,414.0,341.0,0.11876075731497418,0.09581343073897162,7.75,7.75,0.8088636363636362,0.07750000000000012,45,42,35,7,0.8333333333333334,0.9333333333333333,0.6939599725535115,79.0,78.54761904761905,82.75,0,0,629.278917,73.0,3299.0,3372.0,201.0,128.0,0.060927553804183084,0.03795966785290629,3.0476190476190474,2.8444444444444446,0.8028571428571428,0.030476190476190546,True,False,True,0.0
v21,brownian70_override_book55_no_margin_on_conflict,brownian70_override_book; brownian>=0.7; book>=0.55; ask<=95; sec>=120; book_margin_gate=False,221,215,160,55,0.7441860465116279,0.9728506787330317,0.6819332402565811,75.0,74.03720930232558,81.0,1,0,659.838184,389.0,15918.0,16307.0,82.0,-307.0,0.005151400929765046,-0.01882627092659594,-1.427906976744186,-1.3891402714932126,0.7584651162790698,-0.014279069767441865,132,128,88,40,0.6875,0.9696969696969697,0.6027289441827963,74.0,72.7734375,80.0,1,0,719.2492705,237.0,9315.0,9552.0,-515.0,-752.0,-0.05528717122920022,-0.07872696817420435,-5.875,-5.696969696969697,0.7462500000000001,-0.05875000000000008,44,44,38,6,0.8636363636363636,1.0,0.7329054695148455,77.5,76.72727272727273,83.0,0,0,629.497303,76.0,3376.0,3452.0,424.0,348.0,0.12559241706161137,0.10081112398609501,7.909090909090909,7.909090909090909,0.7845454545454544,0.07909090909090921,45,43,34,9,0.7906976744186046,0.9555555555555556,0.6479435728926356,78.0,75.04651162790698,82.0,0,0,659.536905,76.0,3227.0,3303.0,173.0,97.0,0.053610164239231484,0.029367241901301848,2.255813953488372,2.1555555555555554,0.768139534883721,0.022558139534883614,True,False,True,0.20465116279069767
v21,brownian70_override_book60_no_margin_on_conflict,brownian70_override_book; brownian>=0.7; book>=0.6; ask<=95; sec>=120; book_margin_gate=False,221,214,168,46,0.7850467289719626,0.9683257918552036,0.7252387028204293,77.0,76.92523364485982,82.0,1,0,659.1706265,379.0,16462.0,16841.0,338.0,-41.0,0.02053213461304823,-0.0024345347663440415,-0.19158878504672897,-0.18552036199095023,0.7869626168224299,-0.0019158878504672572,132,127,95,32,0.7480314960629921,0.9621212121212122,0.6660048394714634,75.0,75.96850393700787,81.0,1,0,659.313302,230.0,9648.0,9878.0,-148.0,-378.0,-0.015339966832504145,-0.03826685563879328,-2.9763779527559056,-2.8636363636363638,0.777795275590551,-0.02976377952755882,44,44,38,6,0.8636363636363636,1.0,0.7329054695148455,78.5,78.6590909090909,83.5,0,0,599.6087015,74.0,3461.0,3535.0,339.0,265.0,0.09794856977752095,0.07496463932107496,6.0227272727272725,6.0227272727272725,0.803409090909091,0.060227272727272685,45,43,35,8,0.813953488372093,0.9555555555555556,0.6738299634272562,79.0,77.97674418604652,82.5,0,0,659.079246,75.0,3353.0,3428.0,147.0,72.0,0.04384133611691023,0.021003500583430573,1.6744186046511629,1.6,0.7972093023255814,0.016744186046511622,True,False,True,0.06542056074766354
