dataset,candidate,split,bucket,paired_markets,candidate_wins,v2_wins,candidate_accuracy,v2_accuracy,candidate_net_pnl_cents,v2_net_pnl_cents,candidate_minus_v2_cents,mean_candidate_minus_v2_cents
current,book_margin,all,all_pairs,293,208,184,0.7098976109215017,0.6279863481228669,988.0,20.0,968.0,3.303754266211604
current,book_margin,all,same_side,221,160,160,0.7239819004524887,0.7239819004524887,1015.0,1529.0,-514.0,-2.32579185520362
current,book_margin,all,disagree,72,48,24,0.6666666666666666,0.3333333333333333,-27.0,-1509.0,1482.0,20.583333333333332
current,book_margin,train,all_pairs,176,125,112,0.7102272727272727,0.6363636363636364,692.0,305.0,387.0,2.1988636363636362
current,book_margin,train,same_side,127,94,94,0.7401574803149606,0.7401574803149606,860.0,1150.0,-290.0,-2.283464566929134
current,book_margin,train,disagree,49,31,18,0.6326530612244898,0.3673469387755102,-168.0,-845.0,677.0,13.816326530612244
current,book_margin,validation,all_pairs,58,40,38,0.6896551724137931,0.6551724137931034,44.0,183.0,-139.0,-2.396551724137931
current,book_margin,validation,same_side,44,32,32,0.7272727272727273,0.7272727272727273,183.0,365.0,-182.0,-4.136363636363637
current,book_margin,validation,disagree,14,8,6,0.5714285714285714,0.42857142857142855,-139.0,-182.0,43.0,3.0714285714285716
current,book_margin,holdout,all_pairs,59,43,34,0.7288135593220338,0.576271186440678,252.0,-468.0,720.0,12.203389830508474
current,book_margin,holdout,same_side,50,34,34,0.68,0.68,-28.0,14.0,-42.0,-0.84
current,book_margin,holdout,disagree,9,9,0,1.0,0.0,280.0,-482.0,762.0,84.66666666666667
current,book_margin_early,all,all_pairs,285,203,180,0.712280701754386,0.631578947368421,1018.0,86.0,932.0,3.270175438596491
current,book_margin_early,all,same_side,218,158,158,0.7247706422018348,0.7247706422018348,1008.0,1504.0,-496.0,-2.2752293577981653
current,book_margin_early,all,disagree,67,45,22,0.6716417910447762,0.3283582089552239,10.0,-1418.0,1428.0,21.313432835820894
current,book_margin_early,train,all_pairs,170,122,109,0.7176470588235294,0.6411764705882353,791.0,359.0,432.0,2.541176470588235
current,book_margin_early,train,same_side,125,93,93,0.744,0.744,887.0,1174.0,-287.0,-2.296
current,book_margin_early,train,disagree,45,29,16,0.6444444444444445,0.35555555555555557,-96.0,-815.0,719.0,15.977777777777778
current,book_margin_early,validation,all_pairs,56,38,37,0.6785714285714286,0.6607142857142857,-25.0,195.0,-220.0,-3.9285714285714284
current,book_margin_early,validation,same_side,43,31,31,0.7209302325581395,0.7209302325581395,149.0,316.0,-167.0,-3.883720930232558
current,book_margin_early,validation,disagree,13,7,6,0.5384615384615384,0.46153846153846156,-174.0,-121.0,-53.0,-4.076923076923077
current,book_margin_early,holdout,all_pairs,59,43,34,0.7288135593220338,0.576271186440678,252.0,-468.0,720.0,12.203389830508474
current,book_margin_early,holdout,same_side,50,34,34,0.68,0.68,-28.0,14.0,-42.0,-0.84
current,book_margin_early,holdout,disagree,9,9,0,1.0,0.0,280.0,-482.0,762.0,84.66666666666667
current,book_margin_gap015,all,all_pairs,264,189,165,0.7159090909090909,0.625,1267.0,78.0,1189.0,4.503787878787879
current,book_margin_gap015,all,same_side,200,145,145,0.725,0.725,1109.0,1573.0,-464.0,-2.32
current,book_margin_gap015,all,disagree,64,44,20,0.6875,0.3125,158.0,-1495.0,1653.0,25.828125
current,book_margin_gap015,train,all_pairs,160,117,102,0.73125,0.6375,1100.0,408.0,692.0,4.325
current,book_margin_gap015,train,same_side,115,87,87,0.7565217391304347,0.7565217391304347,1084.0,1324.0,-240.0,-2.0869565217391304
current,book_margin_gap015,train,disagree,45,30,15,0.6666666666666666,0.3333333333333333,16.0,-916.0,932.0,20.711111111111112
current,book_margin_gap015,validation,all_pairs,52,36,34,0.6923076923076923,0.6538461538461539,84.0,162.0,-78.0,-1.5
current,book_margin_gap015,validation,same_side,40,29,29,0.725,0.725,175.0,353.0,-178.0,-4.45
current,book_margin_gap015,validation,disagree,12,7,5,0.5833333333333334,0.4166666666666667,-91.0,-191.0,100.0,8.333333333333334
current,book_margin_gap015,holdout,all_pairs,52,36,29,0.6923076923076923,0.5576923076923077,83.0,-492.0,575.0,11.057692307692308
current,book_margin_gap015,holdout,same_side,45,29,29,0.6444444444444445,0.6444444444444445,-150.0,-104.0,-46.0,-1.0222222222222221
current,book_margin_gap015,holdout,disagree,7,7,0,1.0,0.0,233.0,-388.0,621.0,88.71428571428571
current,score_min60,all,all_pairs,292,221,183,0.7568493150684932,0.6267123287671232,1227.0,-17.0,1244.0,4.260273972602739
current,score_min60,all,same_side,218,165,165,0.7568807339449541,0.7568807339449541,863.0,2258.0,-1395.0,-6.39908256880734
current,score_min60,all,disagree,74,56,18,0.7567567567567568,0.24324324324324326,364.0,-2275.0,2639.0,35.66216216216216
current,score_min60,train,all_pairs,175,131,111,0.7485714285714286,0.6342857142857142,677.0,268.0,409.0,2.337142857142857
current,score_min60,train,same_side,125,96,96,0.768,0.768,698.0,1524.0,-826.0,-6.608
current,score_min60,train,disagree,50,35,15,0.7,0.3,-21.0,-1256.0,1235.0,24.7
current,score_min60,validation,all_pairs,58,46,38,0.7931034482758621,0.6551724137931034,453.0,183.0,270.0,4.655172413793103
current,score_min60,validation,same_side,44,35,35,0.7954545454545454,0.7954545454545454,353.0,658.0,-305.0,-6.931818181818182
current,score_min60,validation,disagree,14,11,3,0.7857142857142857,0.21428571428571427,100.0,-475.0,575.0,41.07142857142857
current,score_min60,holdout,all_pairs,59,44,34,0.7457627118644068,0.576271186440678,97.0,-468.0,565.0,9.576271186440678
current,score_min60,holdout,same_side,49,34,34,0.6938775510204082,0.6938775510204082,-188.0,76.0,-264.0,-5.387755102040816
current,score_min60,holdout,disagree,10,10,0,1.0,0.0,285.0,-544.0,829.0,82.9
current,score_min60_gap020,all,all_pairs,290,221,183,0.7620689655172413,0.6310344827586207,1394.0,130.0,1264.0,4.358620689655172
current,score_min60_gap020,all,same_side,216,165,165,0.7638888888888888,0.7638888888888888,1030.0,2405.0,-1375.0,-6.3657407407407405
current,score_min60_gap020,all,disagree,74,56,18,0.7567567567567568,0.24324324324324326,364.0,-2275.0,2639.0,35.66216216216216
current,score_min60_gap020,train,all_pairs,173,131,111,0.7572254335260116,0.6416184971098265,844.0,415.0,429.0,2.479768786127168
current,score_min60_gap020,train,same_side,123,96,96,0.7804878048780488,0.7804878048780488,865.0,1671.0,-806.0,-6.5528455284552845
current,score_min60_gap020,train,disagree,50,35,15,0.7,0.3,-21.0,-1256.0,1235.0,24.7
current,score_min60_gap020,validation,all_pairs,58,46,38,0.7931034482758621,0.6551724137931034,453.0,183.0,270.0,4.655172413793103
current,score_min60_gap020,validation,same_side,44,35,35,0.7954545454545454,0.7954545454545454,353.0,658.0,-305.0,-6.931818181818182
current,score_min60_gap020,validation,disagree,14,11,3,0.7857142857142857,0.21428571428571427,100.0,-475.0,575.0,41.07142857142857
current,score_min60_gap020,holdout,all_pairs,59,44,34,0.7457627118644068,0.576271186440678,97.0,-468.0,565.0,9.576271186440678
current,score_min60_gap020,holdout,same_side,49,34,34,0.6938775510204082,0.6938775510204082,-188.0,76.0,-264.0,-5.387755102040816
current,score_min60_gap020,holdout,disagree,10,10,0,1.0,0.0,285.0,-544.0,829.0,82.9
v21,book_margin,all,all_pairs,219,156,149,0.7123287671232876,0.680365296803653,425.0,1283.0,-858.0,-3.9178082191780823
v21,book_margin,all,same_side,162,124,124,0.7654320987654321,0.7654320987654321,1177.0,1834.0,-657.0,-4.055555555555555
v21,book_margin,all,disagree,57,32,25,0.5614035087719298,0.43859649122807015,-752.0,-551.0,-201.0,-3.526315789473684
v21,book_margin,train,all_pairs,131,90,87,0.6870229007633588,0.6641221374045801,-80.0,571.0,-651.0,-4.969465648854962
v21,book_margin,train,same_side,96,71,71,0.7395833333333334,0.7395833333333334,423.0,830.0,-407.0,-4.239583333333333
v21,book_margin,train,disagree,35,19,16,0.5428571428571428,0.45714285714285713,-503.0,-259.0,-244.0,-6.9714285714285715
v21,book_margin,validation,all_pairs,44,32,28,0.7272727272727273,0.6363636363636364,212.0,92.0,120.0,2.727272727272727
v21,book_margin,validation,same_side,32,24,24,0.75,0.75,235.0,341.0,-106.0,-3.3125
v21,book_margin,validation,disagree,12,8,4,0.6666666666666666,0.3333333333333333,-23.0,-249.0,226.0,18.833333333333332
v21,book_margin,holdout,all_pairs,44,34,34,0.7727272727272727,0.7727272727272727,293.0,620.0,-327.0,-7.431818181818182
v21,book_margin,holdout,same_side,34,29,29,0.8529411764705882,0.8529411764705882,519.0,663.0,-144.0,-4.235294117647059
v21,book_margin,holdout,disagree,10,5,5,0.5,0.5,-226.0,-43.0,-183.0,-18.3
v21,book_margin_early,all,all_pairs,208,151,142,0.7259615384615384,0.6826923076923077,719.0,1209.0,-490.0,-2.355769230769231
v21,book_margin_early,all,same_side,157,121,121,0.7707006369426752,0.7707006369426752,1236.0,1819.0,-583.0,-3.713375796178344
v21,book_margin_early,all,disagree,51,30,21,0.5882352941176471,0.4117647058823529,-517.0,-610.0,93.0,1.8235294117647058
v21,book_margin_early,train,all_pairs,124,88,82,0.7096774193548387,0.6612903225806451,226.0,465.0,-239.0,-1.9274193548387097
v21,book_margin_early,train,same_side,92,69,69,0.75,0.75,518.0,851.0,-333.0,-3.619565217391304
v21,book_margin_early,train,disagree,32,19,13,0.59375,0.40625,-292.0,-386.0,94.0,2.9375
v21,book_margin_early,validation,all_pairs,42,31,27,0.7380952380952381,0.6428571428571429,243.0,102.0,141.0,3.357142857142857
v21,book_margin_early,validation,same_side,32,24,24,0.75,0.75,235.0,341.0,-106.0,-3.3125
v21,book_margin_early,validation,disagree,10,7,3,0.7,0.3,8.0,-239.0,247.0,24.7
v21,book_margin_early,holdout,all_pairs,42,32,33,0.7619047619047619,0.7857142857142857,250.0,642.0,-392.0,-9.333333333333334
v21,book_margin_early,holdout,same_side,33,28,28,0.8484848484848485,0.8484848484848485,483.0,627.0,-144.0,-4.363636363636363
v21,book_margin_early,holdout,disagree,9,4,5,0.4444444444444444,0.5555555555555556,-233.0,15.0,-248.0,-27.555555555555557
v21,book_margin_gap015,all,all_pairs,214,151,145,0.705607476635514,0.677570093457944,306.0,1254.0,-948.0,-4.429906542056075
v21,book_margin_gap015,all,same_side,158,120,120,0.759493670886076,0.759493670886076,1094.0,1749.0,-655.0,-4.1455696202531644
v21,book_margin_gap015,all,disagree,56,31,25,0.5535714285714286,0.44642857142857145,-788.0,-495.0,-293.0,-5.232142857142857
v21,book_margin_gap015,train,all_pairs,128,87,85,0.6796875,0.6640625,-165.0,576.0,-741.0,-5.7890625
v21,book_margin_gap015,train,same_side,94,69,69,0.7340425531914894,0.7340425531914894,374.0,779.0,-405.0,-4.308510638297872
v21,book_margin_gap015,train,disagree,34,18,16,0.5294117647058824,0.47058823529411764,-539.0,-203.0,-336.0,-9.882352941176471
v21,book_margin_gap015,validation,all_pairs,44,32,28,0.7272727272727273,0.6363636363636364,212.0,92.0,120.0,2.727272727272727
v21,book_margin_gap015,validation,same_side,32,24,24,0.75,0.75,235.0,341.0,-106.0,-3.3125
v21,book_margin_gap015,validation,disagree,12,8,4,0.6666666666666666,0.3333333333333333,-23.0,-249.0,226.0,18.833333333333332
v21,book_margin_gap015,holdout,all_pairs,42,32,32,0.7619047619047619,0.7619047619047619,259.0,586.0,-327.0,-7.785714285714286
v21,book_margin_gap015,holdout,same_side,32,27,27,0.84375,0.84375,485.0,629.0,-144.0,-4.5
v21,book_margin_gap015,holdout,disagree,10,5,5,0.5,0.5,-226.0,-43.0,-183.0,-18.3
v21,score_min60,all,all_pairs,218,161,148,0.7385321100917431,0.6788990825688074,534.0,1237.0,-703.0,-3.2247706422018347
v21,score_min60,all,same_side,159,125,125,0.7861635220125787,0.7861635220125787,1115.0,2136.0,-1021.0,-6.421383647798742
v21,score_min60,all,disagree,59,36,23,0.6101694915254238,0.3898305084745763,-581.0,-899.0,318.0,5.389830508474576
v21,score_min60,train,all_pairs,130,92,86,0.7076923076923077,0.6615384615384615,-19.0,525.0,-544.0,-4.184615384615385
v21,score_min60,train,same_side,92,70,70,0.7608695652173914,0.7608695652173914,447.0,979.0,-532.0,-5.782608695652174
v21,score_min60,train,disagree,38,22,16,0.5789473684210527,0.42105263157894735,-466.0,-454.0,-12.0,-0.3157894736842105
v21,score_min60,validation,all_pairs,44,35,28,0.7954545454545454,0.6363636363636364,398.0,92.0,306.0,6.954545454545454
v21,score_min60,validation,same_side,33,26,26,0.7878787878787878,0.7878787878787878,270.0,500.0,-230.0,-6.96969696969697
v21,score_min60,validation,disagree,11,9,2,0.8181818181818182,0.18181818181818182,128.0,-408.0,536.0,48.72727272727273
v21,score_min60,holdout,all_pairs,44,34,34,0.7727272727272727,0.7727272727272727,155.0,620.0,-465.0,-10.568181818181818
v21,score_min60,holdout,same_side,34,29,29,0.8529411764705882,0.8529411764705882,398.0,657.0,-259.0,-7.617647058823529
v21,score_min60,holdout,disagree,10,5,5,0.5,0.5,-243.0,-37.0,-206.0,-20.6
v21,score_min60_gap020,all,all_pairs,218,161,148,0.7385321100917431,0.6788990825688074,534.0,1237.0,-703.0,-3.2247706422018347
v21,score_min60_gap020,all,same_side,159,125,125,0.7861635220125787,0.7861635220125787,1115.0,2136.0,-1021.0,-6.421383647798742
v21,score_min60_gap020,all,disagree,59,36,23,0.6101694915254238,0.3898305084745763,-581.0,-899.0,318.0,5.389830508474576
v21,score_min60_gap020,train,all_pairs,130,92,86,0.7076923076923077,0.6615384615384615,-19.0,525.0,-544.0,-4.184615384615385
v21,score_min60_gap020,train,same_side,92,70,70,0.7608695652173914,0.7608695652173914,447.0,979.0,-532.0,-5.782608695652174
v21,score_min60_gap020,train,disagree,38,22,16,0.5789473684210527,0.42105263157894735,-466.0,-454.0,-12.0,-0.3157894736842105
v21,score_min60_gap020,validation,all_pairs,44,35,28,0.7954545454545454,0.6363636363636364,398.0,92.0,306.0,6.954545454545454
v21,score_min60_gap020,validation,same_side,33,26,26,0.7878787878787878,0.7878787878787878,270.0,500.0,-230.0,-6.96969696969697
v21,score_min60_gap020,validation,disagree,11,9,2,0.8181818181818182,0.18181818181818182,128.0,-408.0,536.0,48.72727272727273
v21,score_min60_gap020,holdout,all_pairs,44,34,34,0.7727272727272727,0.7727272727272727,155.0,620.0,-465.0,-10.568181818181818
v21,score_min60_gap020,holdout,same_side,34,29,29,0.8529411764705882,0.8529411764705882,398.0,657.0,-259.0,-7.617647058823529
v21,score_min60_gap020,holdout,disagree,10,5,5,0.5,0.5,-243.0,-37.0,-206.0,-20.6
