policy,label,current_all_base_markets,current_all_markets,current_all_wins,current_all_losses,current_all_accuracy,current_all_coverage,current_all_wilson95_lower,current_all_median_ask,current_all_mean_ask,current_all_p75_ask,current_all_ask_ge_95,current_all_ask_eq_100,current_all_median_seconds_to_close,current_all_entry_fee_cents,current_all_ask_cost_cents,current_all_entry_cost_cents,current_all_gross_pnl_cents,current_all_net_pnl_cents,current_all_gross_roi_on_ask,current_all_net_roi_on_cost,current_all_net_edge_per_selected_cents,current_all_net_edge_per_base_market_cents,current_all_fee_aware_break_even_accuracy,current_all_accuracy_minus_break_even,current_train_base_markets,current_train_markets,current_train_wins,current_train_losses,current_train_accuracy,current_train_coverage,current_train_wilson95_lower,current_train_median_ask,current_train_mean_ask,current_train_p75_ask,current_train_ask_ge_95,current_train_ask_eq_100,current_train_median_seconds_to_close,current_train_entry_fee_cents,current_train_ask_cost_cents,current_train_entry_cost_cents,current_train_gross_pnl_cents,current_train_net_pnl_cents,current_train_gross_roi_on_ask,current_train_net_roi_on_cost,current_train_net_edge_per_selected_cents,current_train_net_edge_per_base_market_cents,current_train_fee_aware_break_even_accuracy,current_train_accuracy_minus_break_even,current_validation_base_markets,current_validation_markets,current_validation_wins,current_validation_losses,current_validation_accuracy,current_validation_coverage,current_validation_wilson95_lower,current_validation_median_ask,current_validation_mean_ask,current_validation_p75_ask,current_validation_ask_ge_95,current_validation_ask_eq_100,current_validation_median_seconds_to_close,current_validation_entry_fee_cents,current_validation_ask_cost_cents,current_validation_entry_cost_cents,current_validation_gross_pnl_cents,current_validation_net_pnl_cents,current_validation_gross_roi_on_ask,current_validation_net_roi_on_cost,current_validation_net_edge_per_selected_cents,current_validation_net_edge_per_base_market_cents,current_validation_fee_aware_break_even_accuracy,current_validation_accuracy_minus_break_even,current_holdout_base_markets,current_holdout_markets,current_holdout_wins,current_holdout_losses,current_holdout_accuracy,current_holdout_coverage,current_holdout_wilson95_lower,current_holdout_median_ask,current_holdout_mean_ask,current_holdout_p75_ask,current_holdout_ask_ge_95,current_holdout_ask_eq_100,current_holdout_median_seconds_to_close,current_holdout_entry_fee_cents,current_holdout_ask_cost_cents,current_holdout_entry_cost_cents,current_holdout_gross_pnl_cents,current_holdout_net_pnl_cents,current_holdout_gross_roi_on_ask,current_holdout_net_roi_on_cost,current_holdout_net_edge_per_selected_cents,current_holdout_net_edge_per_base_market_cents,current_holdout_fee_aware_break_even_accuracy,current_holdout_accuracy_minus_break_even,v21_all_base_markets,v21_all_markets,v21_all_wins,v21_all_losses,v21_all_accuracy,v21_all_coverage,v21_all_wilson95_lower,v21_all_median_ask,v21_all_mean_ask,v21_all_p75_ask,v21_all_ask_ge_95,v21_all_ask_eq_100,v21_all_median_seconds_to_close,v21_all_entry_fee_cents,v21_all_ask_cost_cents,v21_all_entry_cost_cents,v21_all_gross_pnl_cents,v21_all_net_pnl_cents,v21_all_gross_roi_on_ask,v21_all_net_roi_on_cost,v21_all_net_edge_per_selected_cents,v21_all_net_edge_per_base_market_cents,v21_all_fee_aware_break_even_accuracy,v21_all_accuracy_minus_break_even,v21_train_base_markets,v21_train_markets,v21_train_wins,v21_train_losses,v21_train_accuracy,v21_train_coverage,v21_train_wilson95_lower,v21_train_median_ask,v21_train_mean_ask,v21_train_p75_ask,v21_train_ask_ge_95,v21_train_ask_eq_100,v21_train_median_seconds_to_close,v21_train_entry_fee_cents,v21_train_ask_cost_cents,v21_train_entry_cost_cents,v21_train_gross_pnl_cents,v21_train_net_pnl_cents,v21_train_gross_roi_on_ask,v21_train_net_roi_on_cost,v21_train_net_edge_per_selected_cents,v21_train_net_edge_per_base_market_cents,v21_train_fee_aware_break_even_accuracy,v21_train_accuracy_minus_break_even,v21_validation_base_markets,v21_validation_markets,v21_validation_wins,v21_validation_losses,v21_validation_accuracy,v21_validation_coverage,v21_validation_wilson95_lower,v21_validation_median_ask,v21_validation_mean_ask,v21_validation_p75_ask,v21_validation_ask_ge_95,v21_validation_ask_eq_100,v21_validation_median_seconds_to_close,v21_validation_entry_fee_cents,v21_validation_ask_cost_cents,v21_validation_entry_cost_cents,v21_validation_gross_pnl_cents,v21_validation_net_pnl_cents,v21_validation_gross_roi_on_ask,v21_validation_net_roi_on_cost,v21_validation_net_edge_per_selected_cents,v21_validation_net_edge_per_base_market_cents,v21_validation_fee_aware_break_even_accuracy,v21_validation_accuracy_minus_break_even,v21_holdout_base_markets,v21_holdout_markets,v21_holdout_wins,v21_holdout_losses,v21_holdout_accuracy,v21_holdout_coverage,v21_holdout_wilson95_lower,v21_holdout_median_ask,v21_holdout_mean_ask,v21_holdout_p75_ask,v21_holdout_ask_ge_95,v21_holdout_ask_eq_100,v21_holdout_median_seconds_to_close,v21_holdout_entry_fee_cents,v21_holdout_ask_cost_cents,v21_holdout_entry_cost_cents,v21_holdout_gross_pnl_cents,v21_holdout_net_pnl_cents,v21_holdout_gross_roi_on_ask,v21_holdout_net_roi_on_cost,v21_holdout_net_edge_per_selected_cents,v21_holdout_net_edge_per_base_market_cents,v21_holdout_fee_aware_break_even_accuracy,v21_holdout_accuracy_minus_break_even,combined_all_net_pnl_cents,min_oos_coverage,strict_80_oos_coverage_pass,both_oos_positive,both_all_positive
ask76_persist0,hazard>=0.45; ask<=76; sec>=60; touch_loss<=0.80; persist>=0s; continuous_side,295,270,200,70,0.7407407407407407,0.9152542372881356,0.6853501188477602,69.0,68.74444444444444,73.0,0,0,766.1355000000001,540.0,18561.0,19101.0,1439.0,899.0,0.07752815042292979,0.047065598659756035,3.3296296296296295,3.047457627118644,0.7074444444444444,0.03329629629629627,177,161,118,43,0.7329192546583851,0.9096045197740112,0.6597330621103198,69.0,68.3416149068323,72.0,0,0,766.153,322.0,11003.0,11325.0,797.0,475.0,0.07243479051167863,0.04194260485651214,2.950310559006211,2.6836158192090394,0.703416149068323,0.029503105590062195,59,54,42,12,0.7777777777777778,0.9152542372881356,0.6506132834036111,68.5,69.0,73.0,0,0,767.951,108.0,3726.0,3834.0,474.0,366.0,0.12721417069243157,0.09546165884194054,6.777777777777778,6.203389830508475,0.7099999999999999,0.06777777777777794,59,55,40,15,0.7272727272727273,0.9322033898305084,0.5976780188832919,69.0,69.67272727272727,72.5,0,0,729.328,110.0,3832.0,3942.0,168.0,58.0,0.04384133611691023,0.014713343480466767,1.0545454545454545,0.9830508474576272,0.7167272727272728,0.010545454545454525,221,195,149,46,0.764102564102564,0.8823529411764706,0.6997692699409429,68.0,68.1025641025641,71.0,0,0,779.317226,390.0,13280.0,13670.0,1620.0,1230.0,0.12198795180722892,0.08997805413313825,6.3076923076923075,5.5656108597285066,0.701025641025641,0.06307692307692303,132,121,87,34,0.71900826446281,0.9166666666666666,0.6331352631884987,68.0,67.93388429752066,71.0,0,0,779.458061,242.0,8220.0,8462.0,480.0,238.0,0.058394160583941604,0.028125738596076578,1.9669421487603307,1.803030303030303,0.6993388429752067,0.01966942148760331,44,36,31,5,0.8611111111111112,0.8181818181818182,0.713404696106438,67.5,68.77777777777777,72.0,0,0,749.575509,72.0,2476.0,2548.0,624.0,552.0,0.2520193861066236,0.21664050235478807,15.333333333333334,12.545454545454545,0.7077777777777778,0.15333333333333332,45,38,31,7,0.8157894736842105,0.8444444444444444,0.6658114192886859,68.0,68.0,71.0,0,0,719.5251415,76.0,2584.0,2660.0,516.0,440.0,0.1996904024767802,0.16541353383458646,11.578947368421053,9.777777777777779,0.7000000000000001,0.11578947368421044,2129.0,0.8181818181818182,True,True,True
ask80_persist0,hazard>=0.45; ask<=80; sec>=60; touch_loss<=0.80; persist>=0s; continuous_side,295,280,210,70,0.75,0.9491525423728814,0.6961285392763563,69.0,69.72857142857143,73.0,0,0,766.711,560.0,19524.0,20084.0,1476.0,916.0,0.07559926244622003,0.04560844453296156,3.2714285714285714,3.1050847457627118,0.7172857142857143,0.032714285714285696,177,166,123,43,0.7409638554216867,0.9378531073446328,0.6694009420855891,69.0,69.15060240963855,73.0,0,0,766.4145000000001,332.0,11479.0,11811.0,821.0,489.0,0.0715219095740047,0.04140208280416561,2.9457831325301207,2.76271186440678,0.7115060240963855,0.02945783132530122,59,57,45,12,0.7894736842105263,0.9661016949152542,0.6671387891680949,69.0,70.0701754385965,74.0,0,0,768.281,114.0,3994.0,4108.0,506.0,392.0,0.12669003505257886,0.09542356377799416,6.87719298245614,6.6440677966101696,0.7207017543859648,0.06877192982456148,59,57,42,15,0.7368421052631579,0.9661016949152542,0.6102342073651618,70.0,71.0701754385965,75.0,0,0,766.037,114.0,4051.0,4165.0,149.0,35.0,0.0367810417180943,0.008403361344537815,0.6140350877192983,0.5932203389830508,0.730701754385965,0.0061403508771928905,221,204,153,51,0.75,0.9230769230769231,0.6863298230089772,68.0,69.05882352941177,72.25,0,0,779.2975665,408.0,14088.0,14496.0,1212.0,804.0,0.08603066439522998,0.055463576158940396,3.9411764705882355,3.6380090497737556,0.7105882352941175,0.03941176470588248,132,124,88,36,0.7096774193548387,0.9393939393939394,0.6244416488936401,68.0,68.41129032258064,72.0,0,0,779.466718,248.0,8483.0,8731.0,317.0,69.0,0.03736885535777437,0.007902874813881572,0.5564516129032258,0.5227272727272727,0.7041129032258064,0.005564516129032304,44,40,34,6,0.85,0.9090909090909091,0.709276756335103,69.5,70.25,74.25,0,0,719.772034,80.0,2810.0,2890.0,590.0,510.0,0.2099644128113879,0.17647058823529413,12.75,11.590909090909092,0.7224999999999999,0.12750000000000006,45,40,31,9,0.775,0.8888888888888888,0.6249690325768998,69.5,69.875,75.25,0,0,779.160447,80.0,2795.0,2875.0,305.0,225.0,0.10912343470483005,0.0782608695652174,5.625,5.0,0.71875,0.05625000000000002,1720.0,0.8888888888888888,True,True,True
ask76_persist30,hazard>=0.45; ask<=76; sec>=60; touch_loss<=0.80; persist>=30s; continuous_side,295,241,176,65,0.7302904564315352,0.8169491525423729,0.6709693720878117,70.0,68.56846473029046,73.0,0,0,689.841,482.0,16525.0,17007.0,1075.0,593.0,0.06505295007564296,0.03486799553125184,2.4605809128630707,2.010169491525424,0.7056846473029046,0.02460580912863064,177,141,102,39,0.723404255319149,0.7966101694915254,0.6443910603610559,69.0,67.69503546099291,72.0,0,0,685.282,282.0,9545.0,9827.0,655.0,373.0,0.06862231534834992,0.037956650045792205,2.645390070921986,2.1073446327683616,0.696950354609929,0.026453900709219935,59,48,34,14,0.7083333333333334,0.8135593220338984,0.5682074019042831,72.0,69.77083333333333,73.0,0,0,735.2115,96.0,3349.0,3445.0,51.0,-45.0,0.015228426395939087,-0.013062409288824383,-0.9375,-0.7627118644067796,0.7177083333333334,-0.009375000000000022,59,52,40,12,0.7692307692307693,0.8813559322033898,0.6386621744190016,71.5,69.82692307692308,74.0,0,0,687.7265,104.0,3631.0,3735.0,369.0,265.0,0.10162489672266593,0.07095046854082998,5.096153846153846,4.491525423728813,0.7182692307692311,0.05096153846153817,221,132,97,35,0.7348484848484849,0.5972850678733032,0.6536809748547596,70.0,70.1590909090909,74.0,0,0,659.4134945000001,264.0,9261.0,9525.0,439.0,175.0,0.04740308821941475,0.01837270341207349,1.3257575757575757,0.7918552036199095,0.721590909090909,0.013257575757575912,132,79,56,23,0.7088607594936709,0.5984848484848485,0.6008711991561764,70.0,70.24050632911393,73.0,0,0,659.524121,158.0,5549.0,5707.0,51.0,-107.0,0.009190845197332853,-0.018748904853688454,-1.3544303797468353,-0.8106060606060606,0.7224050632911393,-0.013544303797468404,44,26,22,4,0.8461538461538461,0.5909090909090909,0.6646880067178652,71.5,70.1923076923077,74.0,0,0,629.7196555,52.0,1825.0,1877.0,375.0,323.0,0.2054794520547945,0.17208311134789558,12.423076923076923,7.340909090909091,0.7219230769230769,0.12423076923076926,45,27,19,8,0.7037037037037037,0.6,0.5151931703585185,71.0,69.88888888888889,73.5,0,0,599.438628,54.0,1887.0,1941.0,13.0,-41.0,0.00688924218335983,-0.0211231324059763,-1.5185185185185186,-0.9111111111111111,0.7188888888888889,-0.01518518518518519,768.0,0.5909090909090909,False,False,True
ask76_persist15,hazard>=0.45; ask<=76; sec>=60; touch_loss<=0.80; persist>=15s; continuous_side,295,253,184,69,0.7272727272727273,0.8576271186440678,0.6693011721124994,70.0,68.81027667984189,73.0,0,0,708.741,506.0,17409.0,17915.0,991.0,485.0,0.056924579240622664,0.027072285794027352,1.91699604743083,1.6440677966101696,0.7081027667984189,0.019169960474308412,177,148,106,42,0.7162162162162162,0.8361581920903954,0.6388296062454186,69.0,68.39189189189189,72.0,0,0,703.996,296.0,10122.0,10418.0,478.0,182.0,0.047223868800632285,0.01746976387022461,1.2297297297297298,1.0282485875706215,0.703918918918919,0.012297297297297227,59,53,39,14,0.7358490566037735,0.8983050847457628,0.6041933558938148,70.0,69.18867924528301,72.0,0,0,749.326,106.0,3667.0,3773.0,233.0,127.0,0.06353967821107172,0.03366021733368672,2.3962264150943398,2.152542372881356,0.7118867924528303,0.02396226415094327,59,52,39,13,0.75,0.8813559322033898,0.6179354205740265,71.0,69.61538461538461,74.0,0,0,703.7535,104.0,3620.0,3724.0,280.0,176.0,0.07734806629834254,0.047261009667024706,3.3846153846153846,2.983050847457627,0.716153846153846,0.03384615384615397,221,133,97,36,0.7293233082706767,0.6018099547511312,0.648164685740318,70.0,70.18045112781955,74.0,0,0,659.421639,266.0,9334.0,9600.0,366.0,100.0,0.039211484893936145,0.010416666666666666,0.7518796992481203,0.45248868778280543,0.7218045112781954,0.007518796992481258,132,80,56,24,0.7,0.6060606060606061,0.5923184607866024,70.0,70.275,73.0,0,0,659.551487,160.0,5622.0,5782.0,-22.0,-182.0,-0.003913198150124511,-0.031476997578692496,-2.275,-1.378787878787879,0.72275,-0.022750000000000048,44,26,22,4,0.8461538461538461,0.5909090909090909,0.6646880067178652,71.5,70.1923076923077,74.0,0,0,629.7196555,52.0,1825.0,1877.0,375.0,323.0,0.2054794520547945,0.17208311134789558,12.423076923076923,7.340909090909091,0.7219230769230769,0.12423076923076926,45,27,19,8,0.7037037037037037,0.6,0.5151931703585185,71.0,69.88888888888889,73.5,0,0,599.438628,54.0,1887.0,1941.0,13.0,-41.0,0.00688924218335983,-0.0211231324059763,-1.5185185185185186,-0.9111111111111111,0.7188888888888889,-0.01518518518518519,585.0,0.5909090909090909,False,False,True
ask80_persist30,hazard>=0.45; ask<=80; sec>=60; touch_loss<=0.80; persist>=30s; continuous_side,295,259,193,66,0.7451737451737451,0.8779661016949153,0.6887880221164983,71.0,70.07722007722008,75.0,0,0,693.205,518.0,18150.0,18668.0,1150.0,632.0,0.06336088154269973,0.03385472466252411,2.44015444015444,2.142372881355932,0.7207722007722008,0.024401544401544295,177,152,112,40,0.7368421052631579,0.8587570621468926,0.6616222951054884,70.0,69.5,74.0,0,0,688.963,304.0,10564.0,10868.0,636.0,332.0,0.06020446800454373,0.0305483989694516,2.1842105263157894,1.8757062146892656,0.7150000000000001,0.021842105263157774,59,55,41,14,0.7454545454545455,0.9322033898305084,0.6169812871823414,72.0,71.38181818181818,75.5,0,0,736.101,110.0,3926.0,4036.0,174.0,64.0,0.04431991849210392,0.015857284440039643,1.1636363636363636,1.0847457627118644,0.7338181818181818,0.011636363636363667,59,52,40,12,0.7692307692307693,0.8813559322033898,0.6386621744190016,71.0,70.38461538461539,74.0,0,0,688.7225,104.0,3660.0,3764.0,340.0,236.0,0.09289617486338798,0.06269925611052073,4.538461538461538,4.0,0.7238461538461537,0.04538461538461558,221,161,118,43,0.7329192546583851,0.7285067873303167,0.6597330621103198,73.0,72.3913043478261,77.0,0,0,659.421639,322.0,11655.0,11977.0,145.0,-177.0,0.012441012441012441,-0.014778325123152709,-1.0993788819875776,-0.8009049773755657,0.7439130434782609,-0.010993788819875783,132,95,67,28,0.7052631578947368,0.7196969696969697,0.6070505934821108,72.0,72.2421052631579,77.0,0,0,659.524121,190.0,6863.0,7053.0,-163.0,-353.0,-0.023750546408276264,-0.05004962427335886,-3.7157894736842105,-2.6742424242424243,0.7424210526315788,-0.037157894736841945,44,34,28,6,0.8235294117647058,0.7727272727272727,0.6648626260015724,74.0,73.11764705882354,78.0,0,0,629.476902,68.0,2486.0,2554.0,314.0,246.0,0.1263073209975865,0.09631949882537197,7.235294117647059,5.590909090909091,0.7511764705882353,0.07235294117647051,45,32,23,9,0.71875,0.7111111111111111,0.5462549057408342,73.5,72.0625,75.25,0,0,629.28903,64.0,2306.0,2370.0,-6.0,-70.0,-0.0026019080659150044,-0.029535864978902954,-2.1875,-1.5555555555555556,0.740625,-0.021874999999999978,455.0,0.7111111111111111,False,False,False
ask80_persist15,hazard>=0.45; ask<=80; sec>=60; touch_loss<=0.80; persist>=15s; continuous_side,295,269,200,69,0.7434944237918215,0.911864406779661,0.6881349286728821,71.0,70.08921933085502,75.0,0,0,721.164,538.0,18854.0,19392.0,1146.0,608.0,0.06078285774901877,0.03135313531353135,2.2602230483271377,2.0610169491525423,0.7208921933085501,0.02260223048327137,177,160,118,42,0.7375,0.903954802259887,0.6643294227646624,70.0,69.88125,75.0,0,0,713.0615,320.0,11181.0,11501.0,619.0,299.0,0.05536177443878007,0.025997739327015042,1.86875,1.689265536723164,0.7188125,0.01868750000000008,59,55,41,14,0.7454545454545455,0.9322033898305084,0.6169812871823414,70.0,70.12727272727273,74.0,0,0,751.115,110.0,3857.0,3967.0,243.0,133.0,0.06300233341975629,0.033526594403831614,2.418181818181818,2.2542372881355934,0.7212727272727272,0.024181818181818304,59,54,41,13,0.7592592592592593,0.9152542372881356,0.6305247581649721,72.0,70.66666666666667,74.75,0,0,703.7535,108.0,3816.0,3924.0,284.0,176.0,0.07442348008385745,0.04485219164118247,3.259259259259259,2.983050847457627,0.7266666666666666,0.03259259259259273,221,162,118,44,0.7283950617283951,0.7330316742081447,0.6552036599903256,73.0,72.39506172839506,77.0,0,0,659.4222365,324.0,11728.0,12052.0,72.0,-252.0,0.006139154160982265,-0.02090939263192831,-1.5555555555555556,-1.1402714932126696,0.7439506172839507,-0.015555555555555656,132,96,67,29,0.6979166666666666,0.7272727272727273,0.5999149981303158,72.5,72.25,77.0,0,0,659.551487,192.0,6936.0,7128.0,-236.0,-428.0,-0.034025374855824686,-0.06004489337822671,-4.458333333333333,-3.242424242424242,0.7425,-0.04458333333333342,44,34,28,6,0.8235294117647058,0.7727272727272727,0.6648626260015724,74.0,73.11764705882354,78.0,0,0,629.476902,68.0,2486.0,2554.0,314.0,246.0,0.1263073209975865,0.09631949882537197,7.235294117647059,5.590909090909091,0.7511764705882353,0.07235294117647051,45,32,23,9,0.71875,0.7111111111111111,0.5462549057408342,73.5,72.0625,75.25,0,0,629.28903,64.0,2306.0,2370.0,-6.0,-70.0,-0.0026019080659150044,-0.029535864978902954,-2.1875,-1.5555555555555556,0.740625,-0.021874999999999978,356.0,0.7111111111111111,False,False,False
ask76_persist60,hazard>=0.45; ask<=76; sec>=60; touch_loss<=0.80; persist>=60s; continuous_side,295,199,140,59,0.7035175879396985,0.6745762711864407,0.6366950530669129,71.0,70.0251256281407,74.0,0,0,646.04,398.0,13935.0,14333.0,65.0,-333.0,0.0046645138141370645,-0.023233098444149863,-1.6733668341708543,-1.1288135593220339,0.7202512562814071,-0.01673366834170853,177,116,82,34,0.7068965517241379,0.655367231638418,0.618499809228177,70.0,69.61206896551724,74.0,0,0,648.8610000000001,232.0,8075.0,8307.0,125.0,-107.0,0.015479876160990712,-0.012880703021548092,-0.9224137931034483,-0.6045197740112994,0.7161206896551725,-0.009224137931034604,59,44,31,13,0.7045454545454546,0.7457627118644068,0.5577979987383977,71.0,69.61363636363636,73.0,0,0,652.5355,88.0,3063.0,3151.0,37.0,-51.0,0.01207966046359778,-0.016185337987940335,-1.1590909090909092,-0.864406779661017,0.7161363636363637,-0.011590909090909096,59,39,27,12,0.6923076923076923,0.6610169491525424,0.5357874562585069,72.0,71.71794871794872,75.0,0,0,636.333,78.0,2797.0,2875.0,-97.0,-175.0,-0.03468001430103682,-0.06086956521739131,-4.487179487179487,-2.9661016949152543,0.7371794871794872,-0.044871794871794934,221,120,85,35,0.7083333333333334,0.5429864253393665,0.6215576502025923,71.0,70.65,74.0,0,0,599.4631684999999,240.0,8478.0,8718.0,22.0,-218.0,0.0025949516395376267,-0.025005735260380822,-1.8166666666666667,-0.9864253393665159,0.7264999999999998,-0.018166666666666442,132,73,49,24,0.6712328767123288,0.553030303030303,0.5572900614018866,71.0,70.71232876712328,74.0,0,0,599.784326,146.0,5162.0,5308.0,-262.0,-408.0,-0.05075552111584657,-0.07686510926902788,-5.589041095890411,-3.090909090909091,0.7271232876712329,-0.055890410958904124,44,21,18,3,0.8571428571428571,0.4772727272727273,0.6536393971937905,72.0,70.52380952380952,74.0,0,0,599.247171,42.0,1481.0,1523.0,319.0,277.0,0.21539500337609724,0.1818778726198293,13.19047619047619,6.295454545454546,0.7252380952380951,0.13190476190476197,45,26,18,8,0.6923076923076923,0.5777777777777777,0.5001174167780164,71.5,70.57692307692308,73.75,0,0,592.6464205,52.0,1835.0,1887.0,-35.0,-87.0,-0.01907356948228883,-0.046104928457869634,-3.3461538461538463,-1.9333333333333333,0.7257692307692308,-0.03346153846153854,-551.0,0.4772727272727273,False,False,False
ask80_persist60,hazard>=0.45; ask<=80; sec>=60; touch_loss<=0.80; persist>=60s; continuous_side,295,226,166,60,0.7345132743362832,0.7661016949152543,0.6733699857268494,72.0,71.8141592920354,77.0,0,0,650.9784999999999,452.0,16230.0,16682.0,370.0,-82.0,0.02279728897104128,-0.004915477760460377,-0.36283185840707965,-0.27796610169491526,0.738141592920354,-0.0036283185840707555,177,131,96,35,0.732824427480916,0.7401129943502824,0.651212375133185,72.0,71.61068702290076,77.0,0,0,655.957,262.0,9381.0,9643.0,219.0,-43.0,0.023345059162136233,-0.00445919319713782,-0.3282442748091603,-0.24293785310734464,0.7361068702290077,-0.0032824427480916407,59,50,37,13,0.74,0.847457627118644,0.6044684273515116,72.0,71.32,75.75,0,0,667.5645,100.0,3566.0,3666.0,134.0,34.0,0.03757711721817162,0.009274413529732678,0.68,0.576271186440678,0.7332000000000001,0.006799999999999917,59,45,33,12,0.7333333333333333,0.7627118644067796,0.5896116224686505,74.0,72.95555555555555,76.0,0,0,649.862,90.0,3283.0,3373.0,17.0,-73.0,0.005178190679256778,-0.02164245478802253,-1.6222222222222222,-1.2372881355932204,0.7495555555555555,-0.01622222222222225,221,149,106,43,0.7114093959731543,0.6742081447963801,0.6340659376912701,73.0,72.74496644295301,77.0,0,0,599.573752,298.0,10839.0,11137.0,-239.0,-537.0,-0.022050004612971675,-0.04821765286881566,-3.6040268456375837,-2.429864253393665,0.7474496644295301,-0.03604026845637576,132,89,60,29,0.6741573033707865,0.6742424242424242,0.5713422761622178,73.0,72.57303370786516,77.0,0,0,599.954662,178.0,6459.0,6637.0,-459.0,-637.0,-0.07106363214119833,-0.09597709808648486,-7.157303370786517,-4.825757575757576,0.7457303370786519,-0.07157303370786539,44,29,24,5,0.8275862068965517,0.6590909090909091,0.6545156010980476,76.0,73.96551724137932,78.0,0,0,599.070334,58.0,2145.0,2203.0,255.0,197.0,0.11888111888111888,0.08942351339083068,6.793103448275862,4.4772727272727275,0.7596551724137931,0.06793103448275861,45,31,22,9,0.7096774193548387,0.6888888888888889,0.5340767066925007,73.0,72.09677419354838,75.0,0,0,599.537723,62.0,2235.0,2297.0,-35.0,-97.0,-0.015659955257270694,-0.04222899434044406,-3.129032258064516,-2.1555555555555554,0.7409677419354841,-0.03129032258064535,-619.0,0.6590909090909091,False,False,False
ask76_persist120,hazard>=0.45; ask<=76; sec>=60; touch_loss<=0.80; persist>=120s; continuous_side,295,149,101,48,0.6778523489932886,0.5050847457627119,0.599163861584332,71.0,70.15436241610739,74.0,0,0,573.538,298.0,10453.0,10751.0,-353.0,-651.0,-0.0337702095092318,-0.06055250674355874,-4.369127516778524,-2.2067796610169492,0.7215436241610738,-0.04369127516778515,177,92,64,28,0.6956521739130435,0.519774011299435,0.5953572670272532,71.0,70.51086956521739,74.0,0,0,574.3905,184.0,6487.0,6671.0,-87.0,-271.0,-0.01341143826113766,-0.040623594663468744,-2.9456521739130435,-1.5310734463276836,0.7251086956521738,-0.02945652173913038,59,30,18,12,0.6,0.5084745762711864,0.4232036025332248,71.0,68.66666666666667,73.75,0,0,581.7035000000001,60.0,2060.0,2120.0,-260.0,-320.0,-0.1262135922330097,-0.1509433962264151,-10.666666666666666,-5.423728813559322,0.7066666666666666,-0.10666666666666658,59,27,19,8,0.7037037037037037,0.4576271186440678,0.5151931703585185,71.0,70.5925925925926,73.5,0,0,553.16,54.0,1906.0,1960.0,-6.0,-60.0,-0.0031479538300104933,-0.030612244897959183,-2.2222222222222223,-1.0169491525423728,0.7259259259259259,-0.022222222222222143,221,92,66,26,0.717391304347826,0.416289592760181,0.6181127107236785,72.0,70.80434782608695,74.0,0,0,599.1145695,184.0,6514.0,6698.0,86.0,-98.0,0.013202333435677003,-0.014631233203941475,-1.065217391304348,-0.4434389140271493,0.7280434782608696,-0.010652173913043517,132,61,40,21,0.6557377049180327,0.4621212121212121,0.5304974914056818,72.0,71.0,75.0,0,0,599.329577,122.0,4331.0,4453.0,-331.0,-453.0,-0.07642576772108058,-0.10172917134516056,-7.426229508196721,-3.4318181818181817,0.73,-0.07426229508196724,44,15,13,2,0.8666666666666667,0.3409090909090909,0.6211801716767764,72.0,70.06666666666666,73.5,0,0,599.070334,30.0,1051.0,1081.0,249.0,219.0,0.2369172216936251,0.20259019426456984,14.6,4.9772727272727275,0.7206666666666666,0.14600000000000013,45,16,13,3,0.8125,0.35555555555555557,0.5699111903802586,71.5,70.75,73.0,0,0,539.2909295,32.0,1132.0,1164.0,168.0,136.0,0.14840989399293286,0.11683848797250859,8.5,3.022222222222222,0.7275,0.08499999999999996,-749.0,0.3409090909090909,False,False,False
ask80_persist120,hazard>=0.45; ask<=80; sec>=60; touch_loss<=0.80; persist>=120s; continuous_side,295,178,128,50,0.7191011235955056,0.6033898305084746,0.6489849391991133,73.5,72.57865168539325,78.0,0,0,586.7515000000001,356.0,12919.0,13275.0,-119.0,-475.0,-0.009211239260004644,-0.035781544256120526,-2.668539325842697,-1.6101694915254237,0.7457865168539326,-0.026685393258427004,177,109,80,29,0.7339449541284404,0.615819209039548,0.6440601309947884,74.0,72.6788990825688,78.0,0,0,579.274,218.0,7922.0,8140.0,78.0,-140.0,0.009845998485231003,-0.0171990171990172,-1.2844036697247707,-0.7909604519774012,0.7467889908256882,-0.012844036697247763,59,36,24,12,0.6666666666666666,0.6101694915254238,0.5033399787115652,74.0,72.66666666666667,78.0,0,0,601.24,72.0,2616.0,2688.0,-216.0,-288.0,-0.08256880733944955,-0.10714285714285714,-8.0,-4.88135593220339,0.7466666666666667,-0.08000000000000007,59,33,24,9,0.7272727272727273,0.559322033898305,0.5578244099712737,72.0,72.15151515151516,76.0,0,0,590.374,66.0,2381.0,2447.0,19.0,-47.0,0.007979840403191937,-0.019207192480588477,-1.4242424242424243,-0.7966101694915254,0.7415151515151515,-0.014242424242424168,221,115,82,33,0.7130434782608696,0.5203619909502263,0.6245398291343714,74.0,72.75652173913043,77.0,0,0,599.174588,230.0,8367.0,8597.0,-167.0,-397.0,-0.019959364168758216,-0.046178899616145165,-3.4521739130434783,-1.7963800904977376,0.7475652173913043,-0.03452173913043477,132,72,48,24,0.6666666666666666,0.5454545454545454,0.5517960435660519,74.0,72.61111111111111,76.0,0,0,599.3412155,144.0,5228.0,5372.0,-428.0,-572.0,-0.08186687069625095,-0.10647803425167536,-7.944444444444445,-4.333333333333333,0.7461111111111111,-0.07944444444444443,44,20,16,4,0.8,0.45454545454545453,0.5839825677481064,74.0,73.05,77.0,0,0,599.2108794999999,40.0,1461.0,1501.0,139.0,99.0,0.09514031485284052,0.06595602931379081,4.95,2.25,0.7505,0.0495000000000001,45,23,18,5,0.782608695652174,0.5111111111111111,0.5809651698373599,73.0,72.95652173913044,77.0,0,0,539.354226,46.0,1678.0,1724.0,122.0,76.0,0.07270560190703218,0.04408352668213457,3.3043478260869565,1.6888888888888889,0.7495652173913043,0.03304347826086962,-872.0,0.45454545454545453,False,False,False
