overlay,clauses,current_coverage_pass,v21_coverage_pass,current_all_positive,v21_all_positive,fresh_net_pnl_cents,fresh_markets,fresh_base_markets,fresh_coverage,min_oos_roi,both_coverage_pass,both_positive_all_splits,combined_all_net_pnl_cents,current_all_base_markets,current_all_markets,current_all_wins,current_all_losses,current_all_accuracy,current_all_coverage,current_all_wilson95_lower,current_all_median_ask,current_all_mean_ask,current_all_p75_ask,current_all_ask_ge_95,current_all_ask_eq_100,current_all_median_seconds_to_close,current_all_entry_fee_cents,current_all_ask_cost_cents,current_all_entry_cost_cents,current_all_gross_pnl_cents,current_all_net_pnl_cents,current_all_gross_roi_on_ask,current_all_net_roi_on_cost,current_all_net_edge_per_selected_cents,current_all_net_edge_per_base_market_cents,current_all_fee_aware_break_even_accuracy,current_all_accuracy_minus_break_even,current_all_coverage_pass,current_all_positive_net,current_train_base_markets,current_train_markets,current_train_wins,current_train_losses,current_train_accuracy,current_train_coverage,current_train_wilson95_lower,current_train_median_ask,current_train_mean_ask,current_train_p75_ask,current_train_ask_ge_95,current_train_ask_eq_100,current_train_median_seconds_to_close,current_train_entry_fee_cents,current_train_ask_cost_cents,current_train_entry_cost_cents,current_train_gross_pnl_cents,current_train_net_pnl_cents,current_train_gross_roi_on_ask,current_train_net_roi_on_cost,current_train_net_edge_per_selected_cents,current_train_net_edge_per_base_market_cents,current_train_fee_aware_break_even_accuracy,current_train_accuracy_minus_break_even,current_train_coverage_pass,current_train_positive_net,current_validation_base_markets,current_validation_markets,current_validation_wins,current_validation_losses,current_validation_accuracy,current_validation_coverage,current_validation_wilson95_lower,current_validation_median_ask,current_validation_mean_ask,current_validation_p75_ask,current_validation_ask_ge_95,current_validation_ask_eq_100,current_validation_median_seconds_to_close,current_validation_entry_fee_cents,current_validation_ask_cost_cents,current_validation_entry_cost_cents,current_validation_gross_pnl_cents,current_validation_net_pnl_cents,current_validation_gross_roi_on_ask,current_validation_net_roi_on_cost,current_validation_net_edge_per_selected_cents,current_validation_net_edge_per_base_market_cents,current_validation_fee_aware_break_even_accuracy,current_validation_accuracy_minus_break_even,current_validation_coverage_pass,current_validation_positive_net,current_holdout_base_markets,current_holdout_markets,current_holdout_wins,current_holdout_losses,current_holdout_accuracy,current_holdout_coverage,current_holdout_wilson95_lower,current_holdout_median_ask,current_holdout_mean_ask,current_holdout_p75_ask,current_holdout_ask_ge_95,current_holdout_ask_eq_100,current_holdout_median_seconds_to_close,current_holdout_entry_fee_cents,current_holdout_ask_cost_cents,current_holdout_entry_cost_cents,current_holdout_gross_pnl_cents,current_holdout_net_pnl_cents,current_holdout_gross_roi_on_ask,current_holdout_net_roi_on_cost,current_holdout_net_edge_per_selected_cents,current_holdout_net_edge_per_base_market_cents,current_holdout_fee_aware_break_even_accuracy,current_holdout_accuracy_minus_break_even,current_holdout_coverage_pass,current_holdout_positive_net,v21_all_base_markets,v21_all_markets,v21_all_wins,v21_all_losses,v21_all_accuracy,v21_all_coverage,v21_all_wilson95_lower,v21_all_median_ask,v21_all_mean_ask,v21_all_p75_ask,v21_all_ask_ge_95,v21_all_ask_eq_100,v21_all_median_seconds_to_close,v21_all_entry_fee_cents,v21_all_ask_cost_cents,v21_all_entry_cost_cents,v21_all_gross_pnl_cents,v21_all_net_pnl_cents,v21_all_gross_roi_on_ask,v21_all_net_roi_on_cost,v21_all_net_edge_per_selected_cents,v21_all_net_edge_per_base_market_cents,v21_all_fee_aware_break_even_accuracy,v21_all_accuracy_minus_break_even,v21_all_coverage_pass,v21_all_positive_net,v21_train_base_markets,v21_train_markets,v21_train_wins,v21_train_losses,v21_train_accuracy,v21_train_coverage,v21_train_wilson95_lower,v21_train_median_ask,v21_train_mean_ask,v21_train_p75_ask,v21_train_ask_ge_95,v21_train_ask_eq_100,v21_train_median_seconds_to_close,v21_train_entry_fee_cents,v21_train_ask_cost_cents,v21_train_entry_cost_cents,v21_train_gross_pnl_cents,v21_train_net_pnl_cents,v21_train_gross_roi_on_ask,v21_train_net_roi_on_cost,v21_train_net_edge_per_selected_cents,v21_train_net_edge_per_base_market_cents,v21_train_fee_aware_break_even_accuracy,v21_train_accuracy_minus_break_even,v21_train_coverage_pass,v21_train_positive_net,v21_validation_base_markets,v21_validation_markets,v21_validation_wins,v21_validation_losses,v21_validation_accuracy,v21_validation_coverage,v21_validation_wilson95_lower,v21_validation_median_ask,v21_validation_mean_ask,v21_validation_p75_ask,v21_validation_ask_ge_95,v21_validation_ask_eq_100,v21_validation_median_seconds_to_close,v21_validation_entry_fee_cents,v21_validation_ask_cost_cents,v21_validation_entry_cost_cents,v21_validation_gross_pnl_cents,v21_validation_net_pnl_cents,v21_validation_gross_roi_on_ask,v21_validation_net_roi_on_cost,v21_validation_net_edge_per_selected_cents,v21_validation_net_edge_per_base_market_cents,v21_validation_fee_aware_break_even_accuracy,v21_validation_accuracy_minus_break_even,v21_validation_coverage_pass,v21_validation_positive_net,v21_holdout_base_markets,v21_holdout_markets,v21_holdout_wins,v21_holdout_losses,v21_holdout_accuracy,v21_holdout_coverage,v21_holdout_wilson95_lower,v21_holdout_median_ask,v21_holdout_mean_ask,v21_holdout_p75_ask,v21_holdout_ask_ge_95,v21_holdout_ask_eq_100,v21_holdout_median_seconds_to_close,v21_holdout_entry_fee_cents,v21_holdout_ask_cost_cents,v21_holdout_entry_cost_cents,v21_holdout_gross_pnl_cents,v21_holdout_net_pnl_cents,v21_holdout_gross_roi_on_ask,v21_holdout_net_roi_on_cost,v21_holdout_net_edge_per_selected_cents,v21_holdout_net_edge_per_base_market_cents,v21_holdout_fee_aware_break_even_accuracy,v21_holdout_accuracy_minus_break_even,v21_holdout_coverage_pass,v21_holdout_positive_net
kinetic>=0.57 AND ask<=80,kinetic>=0.57 AND ask<=80,True,True,True,True,262.0,30,30,1.0,0.08769544527532291,True,True,1571.0,213,210,149,61,0.7095238095238096,0.9859154929577465,0.6447963691193134,65.0,64.9095238095238,69.75,0,0,805.7995000000001,420.0,13631.0,14051.0,1269.0,849.0,0.09309661800308121,0.06042274571204896,4.042857142857143,3.9859154929577465,0.6690952380952381,0.04042857142857148,True,True,127,127,87,40,0.6850393700787402,1.0,0.599830970087022,64.0,64.51181102362204,69.0,0,0,810.326,254.0,8193.0,8447.0,507.0,253.0,0.061882094470889784,0.02995146205753522,1.9921259842519685,1.9921259842519685,0.6651181102362204,0.0199212598425198,True,True,43,41,30,11,0.7317073170731707,0.9534883720930233,0.5806646689292336,66.0,65.1219512195122,69.0,0,0,820.833,82.0,2670.0,2752.0,330.0,248.0,0.12359550561797752,0.09011627906976744,6.048780487804878,5.767441860465116,0.671219512195122,0.06048780487804872,True,True,43,42,32,10,0.7619047619047619,0.9767441860465116,0.6147245613168169,67.0,65.9047619047619,71.0,0,0,774.622,84.0,2768.0,2852.0,432.0,348.0,0.15606936416184972,0.12201963534361851,8.285714285714286,8.093023255813954,0.679047619047619,0.08285714285714285,True,True,221,216,152,64,0.7037037037037037,0.9773755656108597,0.6396790809854629,65.0,65.02777777777777,70.0,0,0,779.975031,432.0,14046.0,14478.0,1154.0,722.0,0.08215862167165029,0.049868766404199474,3.3425925925925926,3.266968325791855,0.6702777777777778,0.03342592592592597,True,True,132,129,88,41,0.6821705426356589,0.9772727272727273,0.5975458593064134,65.0,64.86046511627907,70.0,0,0,839.000972,258.0,8367.0,8625.0,433.0,175.0,0.05175092625791801,0.020289855072463767,1.3565891472868217,1.3257575757575757,0.6686046511627907,0.013565891472868241,True,True,44,44,32,12,0.7272727272727273,1.0,0.581511269075488,64.5,64.86363636363636,67.0,0,0,779.7606324999999,88.0,2854.0,2942.0,346.0,258.0,0.1212333566923616,0.08769544527532291,5.863636363636363,5.863636363636363,0.6686363636363638,0.05863636363636349,True,True,45,43,32,11,0.7441860465116279,0.9555555555555556,0.5976159650115332,64.0,65.69767441860465,71.5,0,0,779.939051,86.0,2825.0,2911.0,375.0,289.0,0.13274336283185842,0.09927859841978702,6.72093023255814,6.4222222222222225,0.6769767441860465,0.06720930232558142,True,True
kinetic>=0.57,kinetic>=0.57,True,True,True,True,262.0,30,30,1.0,0.08437817688919011,True,True,1576.0,213,211,150,61,0.7109004739336493,0.9906103286384976,0.6463921359207366,65.0,65.04739336492891,70.0,0,0,810.326,421.0,13725.0,14146.0,1275.0,854.0,0.09289617486338798,0.060370422734341865,4.04739336492891,4.009389671361502,0.6704265402843601,0.040473933649289195,True,True,127,127,87,40,0.6850393700787402,1.0,0.599830970087022,64.0,64.5275590551181,69.0,0,0,811.385,254.0,8195.0,8449.0,505.0,251.0,0.06162294081757169,0.029707657710971714,1.9763779527559056,1.9763779527559056,0.6652755905511808,0.019763779527559366,True,True,43,42,31,11,0.7380952380952381,0.9767441860465116,0.5893126929422804,66.0,65.76190476190476,69.75,0,0,822.954,83.0,2762.0,2845.0,338.0,255.0,0.1223750905141202,0.08963093145869948,6.071428571428571,5.930232558139535,0.6773809523809524,0.06071428571428572,True,True,43,42,32,10,0.7619047619047619,0.9767441860465116,0.6147245613168169,67.0,65.9047619047619,71.0,0,0,774.622,84.0,2768.0,2852.0,432.0,348.0,0.15606936416184972,0.12201963534361851,8.285714285714286,8.093023255813954,0.679047619047619,0.08285714285714285,True,True,221,219,155,64,0.7077625570776256,0.9909502262443439,0.6443616959208551,65.0,65.51598173515981,70.0,0,0,779.980064,430.0,14348.0,14778.0,1152.0,722.0,0.0802899358795651,0.048856408174313165,3.2968036529680367,3.266968325791855,0.6747945205479452,0.03296803652968039,True,True,132,131,90,41,0.6870229007633588,0.9924242424242424,0.6032467934308663,65.0,65.38931297709924,70.0,0,0,839.000972,259.0,8566.0,8825.0,434.0,175.0,0.050665421433574595,0.019830028328611898,1.3358778625954197,1.3257575757575757,0.6736641221374046,0.013358778625954248,True,True,44,44,32,12,0.7272727272727273,1.0,0.581511269075488,64.5,65.11363636363636,67.0,0,0,779.7606324999999,86.0,2865.0,2951.0,335.0,249.0,0.1169284467713787,0.08437817688919011,5.659090909090909,5.659090909090909,0.6706818181818183,0.056590909090909025,True,True,45,44,33,11,0.75,0.9777777777777777,0.6055943364104085,64.5,66.29545454545455,72.0,0,0,808.4725034999999,85.0,2917.0,3002.0,383.0,298.0,0.13129928008227632,0.09926715522984676,6.7727272727272725,6.622222222222222,0.6822727272727273,0.06772727272727275,True,True
ask<=70,ask<=70,True,True,True,True,233.0,29,30,0.9666666666666667,0.08359133126934984,True,True,1980.0,213,199,136,63,0.6834170854271356,0.9342723004694836,0.6158380504793615,63.0,62.301507537688444,67.0,0,0,818.581,398.0,12398.0,12796.0,1202.0,804.0,0.09695112114857235,0.06283213504220068,4.040201005025126,3.7746478873239435,0.6430150753768845,0.040402010050251125,True,True,127,122,82,40,0.6721311475409836,0.9606299212598425,0.5846897187166324,63.0,62.35245901639344,67.0,0,0,816.3945,244.0,7607.0,7851.0,593.0,349.0,0.07795451557775733,0.04445293593172844,2.860655737704918,2.748031496062992,0.6435245901639345,0.02860655737704909,True,True,43,37,26,11,0.7027027027027027,0.8604651162790697,0.5421686408886435,62.0,61.810810810810814,68.0,0,0,825.101,74.0,2287.0,2361.0,313.0,239.0,0.13686051595977264,0.1012282930961457,6.45945945945946,5.558139534883721,0.6381081081081081,0.0645945945945946,True,True,43,40,28,12,0.7,0.9302325581395349,0.5456998118185505,63.0,62.6,67.25,0,0,778.545,80.0,2504.0,2584.0,296.0,216.0,0.1182108626198083,0.08359133126934984,5.4,5.023255813953488,0.6460000000000001,0.053999999999999826,True,True,221,199,139,60,0.6984924623115578,0.9004524886877828,0.6314677610204958,62.0,61.93969849246231,66.0,0,0,839.080473,398.0,12326.0,12724.0,1574.0,1176.0,0.1276975498945319,0.09242376611128576,5.909547738693467,5.321266968325792,0.639396984924623,0.05909547738693477,True,True,132,117,80,37,0.6837606837606838,0.8863636363636364,0.5948048297670796,62.0,62.02564102564103,66.0,0,0,839.080473,234.0,7257.0,7491.0,743.0,509.0,0.10238390519498415,0.06794820451208117,4.35042735042735,3.856060606060606,0.6402564102564102,0.04350427350427355,True,True,44,42,30,12,0.7142857142857143,0.9545454545454546,0.5643279073180463,63.0,62.38095238095238,65.0,0,0,839.2249425,84.0,2620.0,2704.0,380.0,296.0,0.1450381679389313,0.10946745562130178,7.0476190476190474,6.7272727272727275,0.6438095238095239,0.07047619047619036,True,True,45,40,29,11,0.725,0.8888888888888888,0.5716504419378943,60.0,61.225,67.0,0,0,779.653466,80.0,2449.0,2529.0,451.0,371.0,0.18415679869334423,0.14669829972321075,9.275,8.244444444444444,0.63225,0.09275,True,True
kinetic>=0.57 AND adverse15<=50,kinetic>=0.57 AND adverse15<=50,True,True,True,True,242.0,30,30,1.0,0.0763888888888889,True,True,1647.0,213,209,150,59,0.7177033492822966,0.9812206572769953,0.6531758751450001,65.0,65.67942583732058,71.0,1,0,777.245,409.0,13727.0,14136.0,1273.0,864.0,0.09273694179354557,0.06112054329371817,4.133971291866029,4.056338028169014,0.6763636363636364,0.04133971291866023,True,True,127,125,88,37,0.704,0.984251968503937,0.6188604280962418,64.0,65.048,70.0,0,0,777.528,246.0,8131.0,8377.0,669.0,423.0,0.08227770261960399,0.05049540408260714,3.384,3.3307086614173227,0.6701599999999999,0.03384000000000009,True,True,43,42,31,11,0.7380952380952381,0.9767441860465116,0.5893126929422804,66.0,66.64285714285714,71.0,1,0,790.135,81.0,2799.0,2880.0,301.0,220.0,0.10753840657377635,0.0763888888888889,5.238095238095238,5.116279069767442,0.6857142857142857,0.05238095238095242,True,True,43,42,31,11,0.7380952380952381,0.9767441860465116,0.5893126929422804,67.0,66.5952380952381,71.75,0,0,767.6289999999999,82.0,2797.0,2879.0,303.0,221.0,0.10833035395066143,0.07676276484890587,5.261904761904762,5.1395348837209305,0.6854761904761906,0.052619047619047565,True,True,221,217,156,61,0.7188940092165899,0.9819004524886877,0.6556751324999766,65.0,66.3594470046083,71.0,0,0,779.751489,417.0,14400.0,14817.0,1200.0,783.0,0.08333333333333333,0.052844705405952624,3.608294930875576,3.5429864253393664,0.6828110599078341,0.036082949308755774,True,True,132,130,91,39,0.7,0.9848484848484849,0.616411893730515,65.5,66.86923076923077,71.75,0,0,779.7675320000001,249.0,8693.0,8942.0,407.0,158.0,0.04681927988036351,0.01766942518452248,1.2153846153846153,1.196969696969697,0.6878461538461539,0.01215384615384607,True,True,44,44,33,11,0.75,1.0,0.6055943364104085,65.0,65.20454545454545,67.0,0,0,779.7606324999999,86.0,2869.0,2955.0,431.0,345.0,0.15022655977692576,0.116751269035533,7.840909090909091,7.840909090909091,0.6715909090909092,0.07840909090909076,True,True,45,43,32,11,0.7441860465116279,0.9555555555555556,0.5976159650115332,63.0,66.0,71.5,0,0,779.65626,82.0,2838.0,2920.0,362.0,280.0,0.12755461592670894,0.0958904109589041,6.511627906976744,6.222222222222222,0.6790697674418603,0.06511627906976758,True,True
touch_loss15>=0.50,touch_loss15>=0.50,True,True,True,True,191.0,29,30,0.9666666666666667,0.06853352984524687,True,True,1692.0,213,209,146,63,0.6985645933014354,0.9812206572769953,0.6332285308729988,64.0,63.80861244019139,68.0,0,0,825.33,418.0,13336.0,13754.0,1264.0,846.0,0.09478104379124175,0.06150937908971935,4.047846889952153,3.971830985915493,0.6580861244019139,0.04047846889952145,True,True,127,127,87,40,0.6850393700787402,1.0,0.599830970087022,63.0,63.31496062992126,68.0,0,0,825.968,254.0,8041.0,8295.0,659.0,405.0,0.08195498072379058,0.048824593128390596,3.188976377952756,3.188976377952756,0.6531496062992126,0.03188976377952757,True,True,43,41,30,11,0.7317073170731707,0.9534883720930233,0.5806646689292336,66.0,64.95121951219512,69.0,0,0,820.833,82.0,2663.0,2745.0,337.0,255.0,0.12654900488171236,0.09289617486338798,6.219512195121951,5.930232558139535,0.6695121951219513,0.062195121951219456,True,True,43,41,29,12,0.7073170731707317,0.9534883720930233,0.5552053227700283,65.0,64.1951219512195,70.0,0,0,825.509,82.0,2632.0,2714.0,268.0,186.0,0.10182370820668693,0.06853352984524687,4.536585365853658,4.325581395348837,0.6619512195121953,0.045365853658536404,True,True,221,215,150,65,0.6976744186046512,0.9728506787330317,0.6332575452431509,63.0,63.83720930232558,68.0,0,0,839.128388,429.0,13725.0,14154.0,1275.0,846.0,0.09289617486338798,0.05977108944467995,3.9348837209302325,3.828054298642534,0.6583255813953488,0.03934883720930238,True,True,132,128,87,41,0.6796875,0.9696969696969697,0.5946341124452171,63.0,63.6796875,68.0,0,0,839.1312519999999,256.0,8151.0,8407.0,549.0,293.0,0.0673536989326463,0.03485190912334959,2.2890625,2.2196969696969697,0.656796875,0.022890625000000053,True,True,44,44,32,12,0.7272727272727273,1.0,0.581511269075488,63.5,63.90909090909091,66.0,0,0,839.2038275,87.0,2812.0,2899.0,388.0,301.0,0.1379800853485064,0.10382890651948948,6.840909090909091,6.840909090909091,0.6588636363636364,0.06840909090909086,True,True,45,43,31,12,0.7209302325581395,0.9555555555555556,0.5730897131812113,62.0,64.23255813953489,69.5,0,0,837.005956,86.0,2762.0,2848.0,338.0,252.0,0.1223750905141202,0.08848314606741572,5.8604651162790695,5.6,0.6623255813953488,0.05860465116279068,True,True
ask<=75,ask<=75,True,True,True,True,212.0,29,30,0.9666666666666667,0.06635071090047394,True,True,1696.0,213,207,143,64,0.6908212560386473,0.971830985915493,0.6248659734088293,63.0,63.23671497584541,68.0,0,0,825.101,414.0,13090.0,13504.0,1210.0,796.0,0.09243697478991597,0.05894549763033175,3.845410628019324,3.7370892018779345,0.6523671497584542,0.03845410628019308,True,True,127,127,87,40,0.6850393700787402,1.0,0.599830970087022,63.0,63.188976377952756,68.0,0,0,825.82,254.0,8025.0,8279.0,675.0,421.0,0.08411214953271028,0.05085155211982124,3.3149606299212597,3.3149606299212597,0.6518897637795275,0.03314960629921271,True,True,43,39,27,12,0.6923076923076923,0.9069767441860465,0.5357874562585069,65.0,62.92307692307692,68.0,0,0,825.101,78.0,2454.0,2532.0,246.0,168.0,0.10024449877750612,0.06635071090047394,4.3076923076923075,3.9069767441860463,0.6492307692307693,0.04307692307692301,True,True,43,41,29,12,0.7073170731707317,0.9534883720930233,0.5552053227700283,64.0,63.68292682926829,69.0,0,0,818.581,82.0,2611.0,2693.0,289.0,207.0,0.11068556108770586,0.07686594875603417,5.048780487804878,4.813953488372093,0.656829268292683,0.050487804878048714,True,True,221,210,146,64,0.6952380952380952,0.9502262443438914,0.6299363181289209,63.0,63.23809523809524,67.0,0,0,839.143426,420.0,13280.0,13700.0,1320.0,900.0,0.09939759036144578,0.06569343065693431,4.285714285714286,4.072398190045249,0.6523809523809524,0.042857142857142816,True,True,132,127,87,40,0.6850393700787402,0.9621212121212122,0.599830970087022,63.0,63.53543307086614,68.0,0,0,839.134116,254.0,8069.0,8323.0,631.0,377.0,0.0782005205105961,0.04529616724738676,2.968503937007874,2.856060606060606,0.6553543307086614,0.029685039370078714,True,True,44,42,30,12,0.7142857142857143,0.9545454545454546,0.5643279073180463,63.0,62.80952380952381,65.75,0,0,839.2249425,84.0,2638.0,2722.0,362.0,278.0,0.1372251705837756,0.10213078618662748,6.619047619047619,6.318181818181818,0.6480952380952383,0.06619047619047602,True,True,45,41,29,12,0.7073170731707317,0.9111111111111111,0.5552053227700283,61.0,62.75609756097561,68.0,0,0,779.939051,82.0,2573.0,2655.0,327.0,245.0,0.12708900116595415,0.09227871939736347,5.975609756097561,5.444444444444445,0.647560975609756,0.05975609756097566,True,True
none,none,True,True,True,True,213.0,30,30,1.0,0.06307583274273565,True,True,1619.0,213,211,147,64,0.6966824644549763,0.9906103286384976,0.6315963055382677,64.0,64.07582938388626,69.0,0,0,826.301,421.0,13520.0,13941.0,1180.0,759.0,0.08727810650887574,0.05444372713578653,3.5971563981042656,3.563380281690141,0.6607109004739338,0.03597156398104251,True,True,127,127,87,40,0.6850393700787402,1.0,0.599830970087022,63.0,63.56692913385827,68.0,0,0,826.403,254.0,8073.0,8327.0,627.0,373.0,0.07766629505759941,0.04479404347303951,2.937007874015748,2.937007874015748,0.6556692913385826,0.029370078740157513,True,True,43,42,30,12,0.7142857142857143,0.9767441860465116,0.5643279073180463,66.0,65.21428571428571,69.0,0,0,825.701,83.0,2739.0,2822.0,261.0,178.0,0.09529025191675794,0.06307583274273565,4.238095238095238,4.1395348837209305,0.671904761904762,0.0423809523809523,True,True,43,42,30,12,0.7142857142857143,0.9767441860465116,0.5643279073180463,65.0,64.47619047619048,70.75,0,0,826.284,84.0,2708.0,2792.0,292.0,208.0,0.10782865583456426,0.07449856733524356,4.9523809523809526,4.837209302325581,0.6647619047619047,0.049523809523809637,True,True,221,219,154,65,0.7031963470319634,0.9909502262443439,0.6396090640789774,63.0,64.42465753424658,68.0,0,0,839.152736,431.0,14109.0,14540.0,1291.0,860.0,0.09150187823375151,0.059147180192572216,3.9269406392694064,3.8914027149321266,0.6639269406392694,0.03926940639269405,True,True,132,131,90,41,0.6870229007633588,0.9924242424242424,0.6032467934308663,63.0,64.31297709923665,68.5,0,0,839.152736,259.0,8425.0,8684.0,575.0,316.0,0.06824925816023739,0.03638876093965914,2.4122137404580153,2.393939393939394,0.6629007633587787,0.024122137404580135,True,True,44,44,32,12,0.7272727272727273,1.0,0.581511269075488,63.5,64.22727272727273,66.25,0,0,839.2038275,86.0,2826.0,2912.0,374.0,288.0,0.13234253361641896,0.0989010989010989,6.545454545454546,6.545454545454546,0.661818181818182,0.06545454545454532,True,True,45,44,32,12,0.7272727272727273,0.9777777777777777,0.581511269075488,62.0,64.95454545454545,70.25,0,0,839.1006745,86.0,2858.0,2944.0,342.0,256.0,0.11966410076976906,0.08695652173913043,5.818181818181818,5.688888888888889,0.6690909090909091,0.05818181818181822,True,True
margin15>=0.00,margin15>=0.00,True,True,True,True,213.0,30,30,1.0,0.06307583274273565,True,True,1619.0,213,211,147,64,0.6966824644549763,0.9906103286384976,0.6315963055382677,64.0,64.07582938388626,69.0,0,0,826.301,421.0,13520.0,13941.0,1180.0,759.0,0.08727810650887574,0.05444372713578653,3.5971563981042656,3.563380281690141,0.6607109004739338,0.03597156398104251,True,True,127,127,87,40,0.6850393700787402,1.0,0.599830970087022,63.0,63.56692913385827,68.0,0,0,826.403,254.0,8073.0,8327.0,627.0,373.0,0.07766629505759941,0.04479404347303951,2.937007874015748,2.937007874015748,0.6556692913385826,0.029370078740157513,True,True,43,42,30,12,0.7142857142857143,0.9767441860465116,0.5643279073180463,66.0,65.21428571428571,69.0,0,0,825.701,83.0,2739.0,2822.0,261.0,178.0,0.09529025191675794,0.06307583274273565,4.238095238095238,4.1395348837209305,0.671904761904762,0.0423809523809523,True,True,43,42,30,12,0.7142857142857143,0.9767441860465116,0.5643279073180463,65.0,64.47619047619048,70.75,0,0,826.284,84.0,2708.0,2792.0,292.0,208.0,0.10782865583456426,0.07449856733524356,4.9523809523809526,4.837209302325581,0.6647619047619047,0.049523809523809637,True,True,221,219,154,65,0.7031963470319634,0.9909502262443439,0.6396090640789774,63.0,64.42465753424658,68.0,0,0,839.152736,431.0,14109.0,14540.0,1291.0,860.0,0.09150187823375151,0.059147180192572216,3.9269406392694064,3.8914027149321266,0.6639269406392694,0.03926940639269405,True,True,132,131,90,41,0.6870229007633588,0.9924242424242424,0.6032467934308663,63.0,64.31297709923665,68.5,0,0,839.152736,259.0,8425.0,8684.0,575.0,316.0,0.06824925816023739,0.03638876093965914,2.4122137404580153,2.393939393939394,0.6629007633587787,0.024122137404580135,True,True,44,44,32,12,0.7272727272727273,1.0,0.581511269075488,63.5,64.22727272727273,66.25,0,0,839.2038275,86.0,2826.0,2912.0,374.0,288.0,0.13234253361641896,0.0989010989010989,6.545454545454546,6.545454545454546,0.661818181818182,0.06545454545454532,True,True,45,44,32,12,0.7272727272727273,0.9777777777777777,0.581511269075488,62.0,64.95454545454545,70.25,0,0,839.1006745,86.0,2858.0,2944.0,342.0,256.0,0.11966410076976906,0.08695652173913043,5.818181818181818,5.688888888888889,0.6690909090909091,0.05818181818181822,True,True
spread<=2,spread<=2,True,True,True,True,212.0,30,30,1.0,0.06307583274273565,True,True,1590.0,213,211,147,64,0.6966824644549763,0.9906103286384976,0.6315963055382677,64.0,64.07582938388626,69.0,0,0,825.968,421.0,13520.0,13941.0,1180.0,759.0,0.08727810650887574,0.05444372713578653,3.5971563981042656,3.563380281690141,0.6607109004739338,0.03597156398104251,True,True,127,127,87,40,0.6850393700787402,1.0,0.599830970087022,63.0,63.55905511811024,68.0,0,0,825.968,254.0,8072.0,8326.0,628.0,374.0,0.0777998017839445,0.0449195291856834,2.9448818897637796,2.9448818897637796,0.6555905511811023,0.02944881889763784,True,True,43,42,30,12,0.7142857142857143,0.9767441860465116,0.5643279073180463,66.0,65.21428571428571,69.0,0,0,825.701,83.0,2739.0,2822.0,261.0,178.0,0.09529025191675794,0.06307583274273565,4.238095238095238,4.1395348837209305,0.671904761904762,0.0423809523809523,True,True,43,42,30,12,0.7142857142857143,0.9767441860465116,0.5643279073180463,65.0,64.5,70.75,0,0,826.284,84.0,2709.0,2793.0,291.0,207.0,0.10741971207087486,0.07411385606874328,4.928571428571429,4.813953488372093,0.665,0.049285714285714266,True,True,221,219,154,65,0.7031963470319634,0.9909502262443439,0.6396090640789774,63.0,64.56164383561644,68.0,0,0,839.134116,430.0,14139.0,14569.0,1261.0,831.0,0.0891859395996888,0.05703891825108106,3.7945205479452055,3.760180995475113,0.6652511415525114,0.037945205479452015,True,True,132,131,90,41,0.6870229007633588,0.9924242424242424,0.6032467934308663,63.0,64.54198473282443,69.0,0,0,839.134116,258.0,8455.0,8713.0,545.0,287.0,0.06445890005913661,0.03293928612418225,2.1908396946564888,2.1742424242424243,0.6651145038167939,0.02190839694656488,True,True,44,44,32,12,0.7272727272727273,1.0,0.581511269075488,63.5,64.22727272727273,66.25,0,0,839.2038275,86.0,2826.0,2912.0,374.0,288.0,0.13234253361641896,0.0989010989010989,6.545454545454546,6.545454545454546,0.661818181818182,0.06545454545454532,True,True,45,44,32,12,0.7272727272727273,0.9777777777777777,0.581511269075488,62.0,64.95454545454545,70.25,0,0,839.1006745,86.0,2858.0,2944.0,342.0,256.0,0.11966410076976906,0.08695652173913043,5.818181818181818,5.688888888888889,0.6690909090909091,0.05818181818181822,True,True
ask<=80,ask<=80,True,True,True,True,213.0,30,30,1.0,0.06266031513374863,True,True,1611.0,213,210,146,64,0.6952380952380952,0.9859154929577465,0.6299363181289209,64.0,63.93333333333333,69.0,0,0,825.894,420.0,13426.0,13846.0,1174.0,754.0,0.08744227618054522,0.05445616062400693,3.5904761904761906,3.539906103286385,0.6593333333333332,0.035904761904761995,True,True,127,127,87,40,0.6850393700787402,1.0,0.599830970087022,63.0,63.55118110236221,68.0,0,0,825.968,254.0,8071.0,8325.0,629.0,375.0,0.07793334159335893,0.04504504504504504,2.952755905511811,2.952755905511811,0.6555118110236219,0.02952755905511828,True,True,43,41,29,12,0.7073170731707317,0.9534883720930233,0.5552053227700283,66.0,64.5609756097561,69.0,0,0,825.101,82.0,2647.0,2729.0,253.0,171.0,0.09557990177559501,0.06266031513374863,4.170731707317073,3.9767441860465116,0.6656097560975609,0.04170731707317077,True,True,43,42,30,12,0.7142857142857143,0.9767441860465116,0.5643279073180463,65.0,64.47619047619048,70.75,0,0,826.284,84.0,2708.0,2792.0,292.0,208.0,0.10782865583456426,0.07449856733524356,4.9523809523809526,4.837209302325581,0.6647619047619047,0.049523809523809637,True,True,221,216,151,65,0.6990740740740741,0.9773755656108597,0.6348661928909218,63.0,63.93981481481482,68.0,0,0,839.1613235,432.0,13811.0,14243.0,1289.0,857.0,0.09333140250524943,0.06016990802499474,3.9675925925925926,3.8778280542986425,0.659398148148148,0.03967592592592606,True,True,132,129,88,41,0.6821705426356589,0.9772727272727273,0.5975458593064134,63.0,63.76744186046512,68.0,0,0,839.152736,258.0,8226.0,8484.0,574.0,316.0,0.06977875030391442,0.037246581801037244,2.449612403100775,2.393939393939394,0.6576744186046511,0.02449612403100776,True,True,44,44,32,12,0.7272727272727273,1.0,0.581511269075488,63.5,63.97727272727273,66.25,0,0,839.2038275,88.0,2815.0,2903.0,385.0,297.0,0.13676731793960922,0.10230795728556666,6.75,6.75,0.6597727272727274,0.0674999999999999,True,True,45,43,31,12,0.7209302325581395,0.9555555555555556,0.5730897131812113,62.0,64.4186046511628,70.0,0,0,839.068382,86.0,2770.0,2856.0,330.0,244.0,0.11913357400722022,0.08543417366946779,5.674418604651163,5.4222222222222225,0.6641860465116278,0.05674418604651166,True,True
adverse15<=100,adverse15<=100,True,True,True,True,213.0,30,30,1.0,0.06232294617563739,True,True,1856.0,213,211,149,62,0.7061611374407583,0.9906103286384976,0.6414524676127819,64.0,64.18957345971565,69.0,0,0,825.82,421.0,13544.0,13965.0,1356.0,935.0,0.10011813349084465,0.066953097028285,4.431279620853081,4.389671361502347,0.6618483412322275,0.04431279620853079,True,True,127,127,89,38,0.7007874015748031,1.0,0.6162093720641555,63.0,63.74015748031496,68.5,0,0,825.968,254.0,8095.0,8349.0,805.0,551.0,0.09944410129709698,0.0659959276560067,4.338582677165355,4.338582677165355,0.6574015748031495,0.04338582677165359,True,True,43,42,30,12,0.7142857142857143,0.9767441860465116,0.5643279073180463,66.0,65.26190476190476,69.0,0,0,825.088,83.0,2741.0,2824.0,259.0,176.0,0.09449106165632981,0.06232294617563739,4.190476190476191,4.093023255813954,0.6723809523809523,0.041904761904762,True,True,43,42,30,12,0.7142857142857143,0.9767441860465116,0.5643279073180463,65.0,64.47619047619048,70.75,0,0,826.284,84.0,2708.0,2792.0,292.0,208.0,0.10782865583456426,0.07449856733524356,4.9523809523809526,4.837209302325581,0.6647619047619047,0.049523809523809637,True,True,221,219,155,64,0.7077625570776256,0.9909502262443439,0.6443616959208551,63.0,64.6027397260274,69.0,0,0,839.132967,431.0,14148.0,14579.0,1352.0,921.0,0.09556121006502685,0.06317305713697785,4.205479452054795,4.167420814479638,0.6657077625570778,0.042054794520547834,True,True,132,131,90,41,0.6870229007633588,0.9924242424242424,0.6032467934308663,63.0,64.61068702290076,70.0,0,0,839.134116,259.0,8464.0,8723.0,536.0,277.0,0.06332703213610585,0.03175513011578585,2.114503816793893,2.0984848484848486,0.66587786259542,0.02114503816793878,True,True,44,44,33,11,0.75,1.0,0.6055943364104085,63.5,64.18181818181819,67.0,0,0,839.1019255,86.0,2824.0,2910.0,476.0,390.0,0.16855524079320114,0.13402061855670103,8.863636363636363,8.863636363636363,0.6613636363636365,0.08863636363636351,True,True,45,44,32,12,0.7272727272727273,0.9777777777777777,0.581511269075488,62.0,65.0,70.25,0,0,838.0694615,86.0,2860.0,2946.0,340.0,254.0,0.11888111888111888,0.08621860149355058,5.7727272727272725,5.644444444444445,0.6695454545454544,0.05772727272727285,True,True
adverse15<=20,adverse15<=20,True,True,True,True,301.0,30,30,1.0,0.03234686854783207,True,True,1577.0,213,209,150,59,0.7177033492822966,0.9812206572769953,0.6531758751450001,65.0,65.50239234449761,71.0,1,0,778.174,407.0,13690.0,14097.0,1310.0,903.0,0.09569028487947406,0.06405618216641838,4.320574162679426,4.23943661971831,0.6744976076555025,0.043205741626794136,True,True,127,125,89,36,0.712,0.984251968503937,0.6272331124968417,64.0,64.912,70.0,0,0,779.009,245.0,8114.0,8359.0,786.0,541.0,0.09686960808479171,0.06472066036607249,4.328,4.25984251968504,0.66872,0.043279999999999985,True,True,43,42,30,12,0.7142857142857143,0.9767441860465116,0.5643279073180463,66.0,67.28571428571429,74.25,1,0,776.9845,80.0,2826.0,2906.0,174.0,94.0,0.06157112526539278,0.03234686854783207,2.238095238095238,2.186046511627907,0.6919047619047619,0.02238095238095239,True,True,43,42,31,11,0.7380952380952381,0.9767441860465116,0.5893126929422804,65.0,65.47619047619048,71.0,0,0,772.2964999999999,82.0,2750.0,2832.0,350.0,268.0,0.12727272727272726,0.09463276836158192,6.380952380952381,6.232558139534884,0.6742857142857143,0.06380952380952387,True,True,221,217,155,62,0.7142857142857143,0.9819004524886877,0.6508605409403538,64.0,66.4147465437788,72.0,0,0,779.893663,414.0,14412.0,14826.0,1088.0,674.0,0.07549264501804052,0.045460677188722515,3.1059907834101383,3.0497737556561084,0.6832258064516129,0.031059907834101397,True,True,132,130,92,38,0.7076923076923077,0.9848484848484849,0.6244469876657347,64.5,67.16153846153846,73.0,0,0,779.8657685000001,246.0,8731.0,8977.0,469.0,223.0,0.05371664185087619,0.024841261000334187,1.7153846153846153,1.6893939393939394,0.6905384615384617,0.017153846153846075,True,True,44,44,32,12,0.7272727272727273,1.0,0.581511269075488,64.0,64.47727272727273,67.0,0,0,839.1019255,87.0,2837.0,2924.0,363.0,276.0,0.12795206203736342,0.09439124487004104,6.2727272727272725,6.2727272727272725,0.6645454545454547,0.06272727272727263,True,True,45,43,31,12,0.7209302325581395,0.9555555555555556,0.5730897131812113,63.0,66.13953488372093,72.0,0,0,779.511079,81.0,2844.0,2925.0,256.0,175.0,0.090014064697609,0.05982905982905983,4.069767441860465,3.888888888888889,0.6802325581395349,0.04069767441860461,True,True
adverse15<=50 AND ask<=80,adverse15<=50 AND ask<=80,True,True,True,True,210.0,30,30,1.0,0.03016924208977189,True,True,1633.0,213,203,141,62,0.6945812807881774,0.9530516431924883,0.6280955228269859,64.0,63.748768472906406,69.0,0,0,810.889,406.0,12941.0,13347.0,1159.0,753.0,0.08956031218607527,0.05641717239829175,3.70935960591133,3.535211267605634,0.6574876847290642,0.03709359605911322,True,True,127,123,86,37,0.6991869918699187,0.968503937007874,0.6131159096641786,63.0,63.479674796747965,68.0,0,0,780.04,246.0,7808.0,8054.0,792.0,546.0,0.1014344262295082,0.06779240129128383,4.439024390243903,4.299212598425197,0.6547967479674797,0.044390243902439064,True,True,43,39,27,12,0.6923076923076923,0.9069767441860465,0.5357874562585069,65.0,64.02564102564102,69.0,0,0,825.101,78.0,2497.0,2575.0,203.0,125.0,0.08129755706848218,0.04854368932038835,3.2051282051282053,2.9069767441860463,0.6602564102564102,0.03205128205128205,True,True,43,41,28,13,0.6829268292682927,0.9534883720930233,0.5301580035565572,65.0,64.29268292682927,69.0,0,0,798.423,82.0,2636.0,2718.0,164.0,82.0,0.0622154779969651,0.03016924208977189,2.0,1.9069767441860466,0.6629268292682927,0.020000000000000018,True,True,221,206,145,61,0.7038834951456311,0.9321266968325792,0.638267517060897,63.0,64.11650485436893,70.0,0,0,809.494948,412.0,13208.0,13620.0,1292.0,880.0,0.09781950333131435,0.06461086637298091,4.271844660194175,3.981900452488688,0.6611650485436893,0.042718446601941795,True,True,132,121,83,38,0.6859504132231405,0.9166666666666666,0.5986109549791648,63.0,64.31404958677686,70.0,0,0,779.980064,242.0,7782.0,8024.0,518.0,276.0,0.0665638653302493,0.034396809571286144,2.28099173553719,2.090909090909091,0.6631404958677686,0.022809917355371967,True,True,44,44,33,11,0.75,1.0,0.6055943364104085,63.5,63.93181818181818,67.0,0,0,839.1019255,88.0,2813.0,2901.0,487.0,399.0,0.17312477781727692,0.1375387797311272,9.068181818181818,9.068181818181818,0.6593181818181819,0.09068181818181809,True,True,45,41,29,12,0.7073170731707317,0.9111111111111111,0.5552053227700283,62.0,63.73170731707317,70.0,0,0,839.19992,82.0,2613.0,2695.0,287.0,205.0,0.10983543819364715,0.07606679035250463,5.0,4.555555555555555,0.6573170731707317,0.04999999999999993,True,True
adverse15<=50,adverse15<=50,True,True,True,True,193.0,30,30,1.0,0.028733593472862716,True,True,1735.0,213,209,147,62,0.7033492822966507,0.9812206572769953,0.6382034351081294,64.0,64.72727272727273,70.0,1,0,780.04,410.0,13528.0,13938.0,1172.0,762.0,0.08663512714370195,0.054670684459750325,3.645933014354067,3.5774647887323945,0.66688995215311,0.03645933014354075,True,True,127,125,88,37,0.704,0.984251968503937,0.6188604280962418,64.0,64.12,69.0,0,0,779.009,247.0,8015.0,8262.0,785.0,538.0,0.09794135995009358,0.06511740498668603,4.304,4.2362204724409445,0.66096,0.04303999999999997,True,True,43,42,30,12,0.7142857142857143,0.9767441860465116,0.5643279073180463,66.0,66.0952380952381,70.75,1,0,825.088,81.0,2776.0,2857.0,224.0,143.0,0.08069164265129683,0.05005250262513126,3.4047619047619047,3.3255813953488373,0.6802380952380952,0.034047619047619104,True,True,43,42,29,13,0.6904761904761905,0.9767441860465116,0.5397400606391092,65.0,65.16666666666667,71.0,0,0,788.8805,82.0,2737.0,2819.0,163.0,81.0,0.059554256485202774,0.028733593472862716,1.9285714285714286,1.8837209302325582,0.6711904761904762,0.01928571428571424,True,True,221,217,156,61,0.7188940092165899,0.9819004524886877,0.6556751324999766,63.0,65.47926267281106,71.0,0,0,779.96873,418.0,14209.0,14627.0,1391.0,973.0,0.09789569990850869,0.06652081766596021,4.483870967741935,4.402714932126697,0.6740552995391704,0.04483870967741943,True,True,132,130,92,38,0.7076923076923077,0.9848484848484849,0.6244469876657347,64.0,66.08461538461539,71.0,0,0,779.9034119999999,249.0,8591.0,8840.0,609.0,360.0,0.0708881387498545,0.04072398190045249,2.769230769230769,2.727272727272727,0.68,0.027692307692307683,True,True,44,44,33,11,0.75,1.0,0.6055943364104085,63.5,64.18181818181819,67.0,0,0,839.1019255,86.0,2824.0,2910.0,476.0,390.0,0.16855524079320114,0.13402061855670103,8.863636363636363,8.863636363636363,0.6613636363636365,0.08863636363636351,True,True,45,43,31,12,0.7209302325581395,0.9555555555555556,0.5730897131812113,62.0,64.97674418604652,70.5,0,0,839.132967,83.0,2794.0,2877.0,306.0,223.0,0.10952040085898354,0.07751129648939868,5.186046511627907,4.955555555555556,0.6690697674418604,0.051860465116279064,True,True
margin15>=0.00 AND adverse15<=50,margin15>=0.00 AND adverse15<=50,True,True,True,True,193.0,30,30,1.0,0.028733593472862716,True,True,1735.0,213,209,147,62,0.7033492822966507,0.9812206572769953,0.6382034351081294,64.0,64.72727272727273,70.0,1,0,780.04,410.0,13528.0,13938.0,1172.0,762.0,0.08663512714370195,0.054670684459750325,3.645933014354067,3.5774647887323945,0.66688995215311,0.03645933014354075,True,True,127,125,88,37,0.704,0.984251968503937,0.6188604280962418,64.0,64.12,69.0,0,0,779.009,247.0,8015.0,8262.0,785.0,538.0,0.09794135995009358,0.06511740498668603,4.304,4.2362204724409445,0.66096,0.04303999999999997,True,True,43,42,30,12,0.7142857142857143,0.9767441860465116,0.5643279073180463,66.0,66.0952380952381,70.75,1,0,825.088,81.0,2776.0,2857.0,224.0,143.0,0.08069164265129683,0.05005250262513126,3.4047619047619047,3.3255813953488373,0.6802380952380952,0.034047619047619104,True,True,43,42,29,13,0.6904761904761905,0.9767441860465116,0.5397400606391092,65.0,65.16666666666667,71.0,0,0,788.8805,82.0,2737.0,2819.0,163.0,81.0,0.059554256485202774,0.028733593472862716,1.9285714285714286,1.8837209302325582,0.6711904761904762,0.01928571428571424,True,True,221,217,156,61,0.7188940092165899,0.9819004524886877,0.6556751324999766,63.0,65.47926267281106,71.0,0,0,779.96873,418.0,14209.0,14627.0,1391.0,973.0,0.09789569990850869,0.06652081766596021,4.483870967741935,4.402714932126697,0.6740552995391704,0.04483870967741943,True,True,132,130,92,38,0.7076923076923077,0.9848484848484849,0.6244469876657347,64.0,66.08461538461539,71.0,0,0,779.9034119999999,249.0,8591.0,8840.0,609.0,360.0,0.0708881387498545,0.04072398190045249,2.769230769230769,2.727272727272727,0.68,0.027692307692307683,True,True,44,44,33,11,0.75,1.0,0.6055943364104085,63.5,64.18181818181819,67.0,0,0,839.1019255,86.0,2824.0,2910.0,476.0,390.0,0.16855524079320114,0.13402061855670103,8.863636363636363,8.863636363636363,0.6613636363636365,0.08863636363636351,True,True,45,43,31,12,0.7209302325581395,0.9555555555555556,0.5730897131812113,62.0,64.97674418604652,70.5,0,0,839.132967,83.0,2794.0,2877.0,306.0,223.0,0.10952040085898354,0.07751129648939868,5.186046511627907,4.955555555555556,0.6690697674418604,0.051860465116279064,True,True
margin15>=0.25,margin15>=0.25,True,True,True,True,303.0,30,30,1.0,0.028608164577306333,True,True,1420.0,213,210,152,58,0.7238095238095238,0.9859154929577465,0.6597278178056276,67.0,66.61428571428571,72.0,0,0,772.2335,414.0,13989.0,14403.0,1211.0,797.0,0.08656801772821503,0.05533569395264876,3.795238095238095,3.7417840375586855,0.6858571428571429,0.03795238095238085,True,True,127,126,88,38,0.6984126984126984,0.9921259842519685,0.6133833019085098,66.0,66.01587301587301,70.0,0,0,772.486,249.0,8318.0,8567.0,482.0,233.0,0.05794662178408271,0.027197385315746468,1.8492063492063493,1.8346456692913387,0.6799206349206349,0.01849206349206345,True,True,43,42,30,12,0.7142857142857143,0.9767441860465116,0.5643279073180463,67.0,67.02380952380952,73.75,0,0,776.52,83.0,2815.0,2898.0,185.0,102.0,0.06571936056838366,0.035196687370600416,2.4285714285714284,2.372093023255814,0.6900000000000001,0.024285714285714244,True,True,43,42,34,8,0.8095238095238095,0.9767441860465116,0.6669922598996131,68.0,68.0,73.0,0,0,768.9475,82.0,2856.0,2938.0,544.0,462.0,0.19047619047619047,0.1572498298162015,11.0,10.744186046511627,0.6995238095238095,0.10999999999999999,True,True,221,219,158,61,0.7214611872146118,0.9909502262443439,0.6586626604854289,67.0,67.35616438356165,71.0,0,0,779.704471,426.0,14751.0,15177.0,1049.0,623.0,0.07111382279167514,0.041048955656585624,2.8447488584474887,2.819004524886878,0.693013698630137,0.028447488584474878,True,True,132,131,91,40,0.6946564885496184,0.9924242424242424,0.6111785725988003,67.0,67.3969465648855,71.0,0,0,779.751489,256.0,8829.0,9085.0,271.0,15.0,0.03069430286555669,0.001651073197578426,0.11450381679389313,0.11363636363636363,0.6935114503816795,0.0011450381679388721,True,True,44,44,35,9,0.7954545454545454,1.0,0.6549942193889834,65.0,65.79545454545455,67.5,0,0,779.7111965,86.0,2895.0,2981.0,605.0,519.0,0.20898100172711573,0.17410265011741027,11.795454545454545,11.795454545454545,0.6775000000000001,0.11795454545454531,True,True,45,44,32,12,0.7272727272727273,0.9777777777777777,0.581511269075488,67.5,68.79545454545455,77.25,0,0,779.3628014999999,84.0,3027.0,3111.0,173.0,89.0,0.057152296002642884,0.028608164577306333,2.022727272727273,1.9777777777777779,0.7070454545454544,0.02022727272727287,True,True
brownian15>=0.60,brownian15>=0.60,True,True,True,True,303.0,30,30,1.0,0.028608164577306333,True,True,1375.0,213,210,152,58,0.7238095238095238,0.9859154929577465,0.6597278178056276,67.0,66.75238095238095,72.0,0,0,772.2335,414.0,14018.0,14432.0,1182.0,768.0,0.08432015979454986,0.05321507760532151,3.657142857142857,3.6056338028169015,0.6872380952380952,0.03657142857142859,True,True,127,126,88,38,0.6984126984126984,0.9921259842519685,0.6133833019085098,66.0,66.26190476190476,70.75,0,0,772.486,249.0,8349.0,8598.0,451.0,202.0,0.05401844532279315,0.023493835775761807,1.6031746031746033,1.5905511811023623,0.6823809523809524,0.016031746031745953,True,True,43,42,30,12,0.7142857142857143,0.9767441860465116,0.5643279073180463,67.0,67.07142857142857,73.75,0,0,776.52,83.0,2817.0,2900.0,183.0,100.0,0.06496272630457935,0.034482758620689655,2.380952380952381,2.3255813953488373,0.6904761904761905,0.023809523809523836,True,True,43,42,34,8,0.8095238095238095,0.9767441860465116,0.6669922598996131,68.0,67.9047619047619,73.0,0,0,768.9475,82.0,2852.0,2934.0,548.0,466.0,0.19214586255259467,0.15882753919563736,11.095238095238095,10.837209302325581,0.6985714285714286,0.11095238095238091,True,True,221,219,158,61,0.7214611872146118,0.9909502262443439,0.6586626604854289,67.0,67.42922374429224,71.0,0,0,779.650672,426.0,14767.0,15193.0,1033.0,607.0,0.06995327419245616,0.0399526097544922,2.771689497716895,2.746606334841629,0.6937442922374428,0.027716894977169004,True,True,132,131,91,40,0.6946564885496184,0.9924242424242424,0.6111785725988003,67.0,67.40458015267176,71.0,0,0,779.751489,256.0,8830.0,9086.0,270.0,14.0,0.030577576443941108,0.0015408320493066256,0.10687022900763359,0.10606060606060606,0.6935877862595421,0.0010687022900762733,True,True,44,44,35,9,0.7954545454545454,1.0,0.6549942193889834,65.0,66.13636363636364,69.0,0,0,779.6397999999999,86.0,2910.0,2996.0,590.0,504.0,0.2027491408934708,0.16822429906542055,11.454545454545455,11.454545454545455,0.680909090909091,0.1145454545454544,True,True,45,44,32,12,0.7272727272727273,0.9777777777777777,0.581511269075488,67.5,68.79545454545455,77.25,0,0,779.3628014999999,84.0,3027.0,3111.0,173.0,89.0,0.057152296002642884,0.028608164577306333,2.022727272727273,1.9777777777777779,0.7070454545454544,0.02022727272727287,True,True
touch_loss15<=0.80,touch_loss15<=0.80,True,True,True,True,303.0,30,30,1.0,0.028608164577306333,True,True,1375.0,213,210,152,58,0.7238095238095238,0.9859154929577465,0.6597278178056276,67.0,66.75238095238095,72.0,0,0,772.2335,414.0,14018.0,14432.0,1182.0,768.0,0.08432015979454986,0.05321507760532151,3.657142857142857,3.6056338028169015,0.6872380952380952,0.03657142857142859,True,True,127,126,88,38,0.6984126984126984,0.9921259842519685,0.6133833019085098,66.0,66.26190476190476,70.75,0,0,772.486,249.0,8349.0,8598.0,451.0,202.0,0.05401844532279315,0.023493835775761807,1.6031746031746033,1.5905511811023623,0.6823809523809524,0.016031746031745953,True,True,43,42,30,12,0.7142857142857143,0.9767441860465116,0.5643279073180463,67.0,67.07142857142857,73.75,0,0,776.52,83.0,2817.0,2900.0,183.0,100.0,0.06496272630457935,0.034482758620689655,2.380952380952381,2.3255813953488373,0.6904761904761905,0.023809523809523836,True,True,43,42,34,8,0.8095238095238095,0.9767441860465116,0.6669922598996131,68.0,67.9047619047619,73.0,0,0,768.9475,82.0,2852.0,2934.0,548.0,466.0,0.19214586255259467,0.15882753919563736,11.095238095238095,10.837209302325581,0.6985714285714286,0.11095238095238091,True,True,221,219,158,61,0.7214611872146118,0.9909502262443439,0.6586626604854289,67.0,67.42922374429224,71.0,0,0,779.650672,426.0,14767.0,15193.0,1033.0,607.0,0.06995327419245616,0.0399526097544922,2.771689497716895,2.746606334841629,0.6937442922374428,0.027716894977169004,True,True,132,131,91,40,0.6946564885496184,0.9924242424242424,0.6111785725988003,67.0,67.40458015267176,71.0,0,0,779.751489,256.0,8830.0,9086.0,270.0,14.0,0.030577576443941108,0.0015408320493066256,0.10687022900763359,0.10606060606060606,0.6935877862595421,0.0010687022900762733,True,True,44,44,35,9,0.7954545454545454,1.0,0.6549942193889834,65.0,66.13636363636364,69.0,0,0,779.6397999999999,86.0,2910.0,2996.0,590.0,504.0,0.2027491408934708,0.16822429906542055,11.454545454545455,11.454545454545455,0.680909090909091,0.1145454545454544,True,True,45,44,32,12,0.7272727272727273,0.9777777777777777,0.581511269075488,67.5,68.79545454545455,77.25,0,0,779.3628014999999,84.0,3027.0,3111.0,173.0,89.0,0.057152296002642884,0.028608164577306333,2.022727272727273,1.9777777777777779,0.7070454545454544,0.02022727272727287,True,True
adverse15<=20 AND ask<=80,adverse15<=20 AND ask<=80,True,True,True,True,301.0,30,30,1.0,0.026045777426992895,True,True,1415.0,213,198,139,59,0.702020202020202,0.9295774647887324,0.6349609560743676,64.0,64.01515151515152,69.75,0,0,782.126,396.0,12675.0,13071.0,1225.0,829.0,0.09664694280078895,0.06342284446484585,4.186868686868687,3.892018779342723,0.6601515151515152,0.04186868686868683,True,True,127,120,84,36,0.7,0.9448818897637795,0.6128485756752643,64.0,63.7,68.25,0,0,818.1095,240.0,7644.0,7884.0,756.0,516.0,0.0989010989010989,0.0654490106544901,4.3,4.062992125984252,0.657,0.04299999999999993,True,True,43,38,26,12,0.6842105263157895,0.8837209302325582,0.5254424010939046,65.5,64.6842105263158,70.75,0,0,804.6435,76.0,2458.0,2534.0,142.0,66.0,0.05777054515866558,0.026045777426992895,1.736842105263158,1.5348837209302326,0.6668421052631578,0.0173684210526317,True,True,43,40,29,11,0.725,0.9302325581395349,0.5716504419378943,65.0,64.325,69.5,0,0,776.3789999999999,80.0,2573.0,2653.0,327.0,247.0,0.12708900116595415,0.09310214851111949,6.175,5.744186046511628,0.66325,0.06174999999999997,True,True,221,202,140,62,0.693069306930693,0.9140271493212669,0.6263560693511182,63.0,64.4059405940594,70.0,0,0,779.984494,404.0,13010.0,13414.0,990.0,586.0,0.07609531129900077,0.04368570150588937,2.900990099009901,2.6515837104072397,0.664059405940594,0.029009900990099036,True,True,132,118,80,38,0.6779661016949152,0.8939393939393939,0.5891986209460398,63.0,64.45762711864407,70.75,0,0,779.984494,236.0,7606.0,7842.0,394.0,158.0,0.051801209571391005,0.020147921448610048,1.3389830508474576,1.196969696969697,0.6645762711864408,0.01338983050847442,True,True,44,44,32,12,0.7272727272727273,1.0,0.581511269075488,64.0,64.3409090909091,67.0,0,0,839.1019255,88.0,2831.0,2919.0,369.0,281.0,0.1303426351112681,0.09626584446728331,6.386363636363637,6.386363636363637,0.6634090909090911,0.06386363636363623,True,True,45,40,28,12,0.7,0.8888888888888888,0.5456998118185505,62.0,64.325,70.25,0,0,779.6322995,80.0,2573.0,2653.0,227.0,147.0,0.08822386319471434,0.055408970976253295,3.675,3.2666666666666666,0.66325,0.03674999999999995,True,True
margin15>=0.25 AND ask<=80,margin15>=0.25 AND ask<=80,True,True,True,True,308.0,30,30,1.0,0.02040816326530612,True,True,1387.0,213,207,149,58,0.7198067632850241,0.971830985915493,0.6550510790207841,67.0,66.23188405797102,71.5,0,0,772.066,414.0,13710.0,14124.0,1190.0,776.0,0.08679795769511306,0.05494194279241008,3.748792270531401,3.643192488262911,0.6823188405797102,0.03748792270531398,True,True,127,125,87,38,0.696,0.984251968503937,0.6105156751661402,66.0,65.784,70.0,0,0,772.401,250.0,8223.0,8473.0,477.0,227.0,0.05800802626778548,0.02679098312286085,1.816,1.7874015748031495,0.67784,0.018159999999999954,True,True,43,41,29,12,0.7073170731707317,0.9534883720930233,0.5552053227700283,67.0,66.41463414634147,73.0,0,0,777.245,82.0,2723.0,2805.0,177.0,95.0,0.06500183621006243,0.0338680926916221,2.317073170731707,2.2093023255813953,0.6841463414634147,0.023170731707316983,True,True,43,41,33,8,0.8048780487804879,0.9534883720930233,0.6598641481293657,68.0,67.41463414634147,73.0,0,0,768.417,82.0,2764.0,2846.0,536.0,454.0,0.1939218523878437,0.1595221363316936,11.073170731707316,10.55813953488372,0.6941463414634146,0.11073170731707327,True,True,221,212,151,61,0.7122641509433962,0.9592760180995475,0.6479737102592324,66.0,66.34433962264151,70.25,0,0,779.7111965,424.0,14065.0,14489.0,1035.0,611.0,0.07358691788126555,0.04216992200980054,2.8820754716981134,2.764705882352941,0.683443396226415,0.0288207547169812,True,True,132,127,87,40,0.6850393700787402,0.9621212121212122,0.599830970087022,66.0,66.30708661417323,70.0,0,0,779.783575,254.0,8421.0,8675.0,279.0,25.0,0.033131457071606696,0.002881844380403458,0.1968503937007874,0.1893939393939394,0.6830708661417324,0.0019685039370077595,True,True,44,44,35,9,0.7954545454545454,1.0,0.6549942193889834,65.0,65.54545454545455,67.5,0,0,779.7111965,88.0,2884.0,2972.0,616.0,528.0,0.21359223300970873,0.17765814266487215,12.0,12.0,0.6754545454545455,0.11999999999999988,True,True,45,41,29,12,0.7073170731707317,0.9111111111111111,0.5552053227700283,67.0,67.3170731707317,72.0,0,0,779.190224,82.0,2760.0,2842.0,140.0,58.0,0.050724637681159424,0.02040816326530612,1.4146341463414633,1.288888888888889,0.693170731707317,0.014146341463414647,True,True
brownian15>=0.58,brownian15>=0.58,True,True,True,True,224.0,30,30,1.0,0.015406162464985995,True,True,1548.0,213,210,149,61,0.7095238095238096,0.9859154929577465,0.6447963691193134,66.0,65.73809523809524,70.0,0,0,777.64,415.0,13805.0,14220.0,1095.0,680.0,0.07931908728721478,0.04781997187060478,3.238095238095238,3.192488262910798,0.6771428571428573,0.03238095238095229,True,True,127,126,89,37,0.7063492063492064,0.9921259842519685,0.6216697176328737,65.0,65.0952380952381,69.75,0,0,777.3805,250.0,8202.0,8452.0,698.0,448.0,0.08510119483052914,0.053005205868433505,3.5555555555555554,3.52755905511811,0.6707936507936508,0.03555555555555556,True,True,43,42,29,13,0.6904761904761905,0.9767441860465116,0.5397400606391092,66.5,66.02380952380952,70.75,0,0,776.9845,83.0,2773.0,2856.0,127.0,44.0,0.04579877389109268,0.015406162464985995,1.0476190476190477,1.0232558139534884,0.6799999999999999,0.010476190476190528,True,True,43,42,31,11,0.7380952380952381,0.9767441860465116,0.5893126929422804,68.0,67.38095238095238,71.75,0,0,788.0875,82.0,2830.0,2912.0,270.0,188.0,0.09540636042402827,0.06456043956043957,4.476190476190476,4.372093023255814,0.6933333333333334,0.04476190476190478,True,True,221,219,158,61,0.7214611872146118,0.9909502262443439,0.6586626604854289,65.0,66.21917808219177,70.0,0,0,779.818659,430.0,14502.0,14932.0,1298.0,868.0,0.08950489587643083,0.058130190195553176,3.963470319634703,3.927601809954751,0.6818264840182648,0.03963470319634699,True,True,132,131,92,39,0.7022900763358778,0.9924242424242424,0.6191346229115295,66.0,66.14503816793894,70.0,0,0,779.913161,258.0,8665.0,8923.0,535.0,277.0,0.06174264281592614,0.03104337106354365,2.114503816793893,2.0984848484848486,0.681145038167939,0.02114503816793878,True,True,44,44,34,10,0.7727272727272727,1.0,0.6300764193536366,65.0,65.93181818181819,67.0,0,0,779.7111965,86.0,2901.0,2987.0,499.0,413.0,0.17200965184419165,0.13826581854703715,9.386363636363637,9.386363636363637,0.6788636363636364,0.09386363636363626,True,True,45,44,32,12,0.7272727272727273,0.9777777777777777,0.581511269075488,66.5,66.72727272727273,71.25,0,0,779.653466,86.0,2936.0,3022.0,264.0,178.0,0.08991825613079019,0.05890138980807412,4.045454545454546,3.9555555555555557,0.6868181818181817,0.04045454545454563,True,True
ask<=80 AND brownian15>=0.58,ask<=80 AND brownian15>=0.58,True,True,True,True,229.0,30,30,1.0,0.013391241404270721,True,True,1522.0,213,208,147,61,0.7067307692307693,0.9765258215962441,0.6415614929496317,66.0,65.4375,70.0,0,0,777.3805,416.0,13611.0,14027.0,1089.0,673.0,0.08000881639850121,0.047978897839880234,3.235576923076923,3.15962441314554,0.6743750000000001,0.032355769230769216,True,True,127,126,89,37,0.7063492063492064,0.9921259842519685,0.6216697176328737,65.0,65.01587301587301,69.75,0,0,777.1569999999999,252.0,8192.0,8444.0,708.0,456.0,0.08642578125,0.05400284225485552,3.619047619047619,3.590551181102362,0.6701587301587303,0.036190476190476106,True,True,43,41,28,13,0.6829268292682927,0.9534883720930233,0.5301580035565572,66.0,65.39024390243902,70.0,0,0,778.174,82.0,2681.0,2763.0,119.0,37.0,0.044386422976501305,0.013391241404270721,0.9024390243902439,0.8604651162790697,0.6739024390243903,0.009024390243902447,True,True,43,41,30,11,0.7317073170731707,0.9534883720930233,0.5806646689292336,68.0,66.78048780487805,71.0,0,0,777.752,82.0,2738.0,2820.0,262.0,180.0,0.09569028487947406,0.06382978723404255,4.390243902439025,4.186046511627907,0.6878048780487804,0.04390243902439028,True,True,221,214,153,61,0.7149532710280374,0.9683257918552036,0.6510950268302097,65.0,65.52803738317758,70.0,0,0,779.8160485000001,428.0,14023.0,14451.0,1277.0,849.0,0.09106467945518078,0.058750259497612624,3.967289719626168,3.841628959276018,0.6752803738317756,0.03967289719626177,True,True,132,128,89,39,0.6953125,0.9696969696969697,0.610848991608053,65.0,65.4140625,70.0,0,0,779.897516,256.0,8373.0,8629.0,527.0,271.0,0.06294040367849038,0.03140572488121451,2.1171875,2.053030303030303,0.674140625,0.02117187499999995,True,True,44,44,34,10,0.7727272727272727,1.0,0.6300764193536366,65.0,65.68181818181819,67.0,0,0,779.7111965,88.0,2890.0,2978.0,510.0,422.0,0.17647058823529413,0.1417058428475487,9.590909090909092,9.590909090909092,0.6768181818181819,0.09590909090909083,True,True,45,42,30,12,0.7142857142857143,0.9333333333333333,0.5643279073180463,65.5,65.71428571428571,70.75,0,0,779.6186785,84.0,2760.0,2844.0,240.0,156.0,0.08695652173913043,0.05485232067510549,3.7142857142857144,3.466666666666667,0.677142857142857,0.037142857142857255,True,True
touch_loss15<=0.85,touch_loss15<=0.85,True,True,True,True,239.0,30,30,1.0,0.007294199374782911,True,True,1333.0,213,210,147,63,0.7,0.9859154929577465,0.6348819190707077,66.0,65.5904761904762,70.0,0,0,778.1775,416.0,13774.0,14190.0,926.0,510.0,0.0672281109336431,0.035940803382663845,2.4285714285714284,2.3943661971830985,0.6757142857142856,0.024285714285714355,True,True,127,126,87,39,0.6904761904761905,0.9921259842519685,0.60512385593929,65.0,64.78571428571429,69.0,0,0,778.2429999999999,251.0,8163.0,8414.0,537.0,286.0,0.06578463800073503,0.033990967435227004,2.2698412698412698,2.251968503937008,0.6677777777777779,0.02269841269841255,True,True,43,42,29,13,0.6904761904761905,0.9767441860465116,0.5397400606391092,67.0,66.57142857142857,70.75,0,0,776.9845,83.0,2796.0,2879.0,104.0,21.0,0.03719599427753934,0.007294199374782911,0.5,0.4883720930232558,0.6854761904761906,0.004999999999999893,True,True,43,42,31,11,0.7380952380952381,0.9767441860465116,0.5893126929422804,67.5,67.02380952380952,71.0,0,0,788.0875,82.0,2815.0,2897.0,285.0,203.0,0.10124333925399645,0.0700724887814981,4.833333333333333,4.72093023255814,0.6897619047619048,0.04833333333333334,True,True,221,219,157,62,0.7168949771689498,0.9909502262443439,0.6538883938760969,65.0,65.96803652968036,70.0,0,0,779.885366,430.0,14447.0,14877.0,1253.0,823.0,0.08673080916453244,0.05532029306983935,3.7579908675799087,3.723981900452489,0.6793150684931506,0.03757990867579919,True,True,132,131,91,40,0.6946564885496184,0.9924242424242424,0.6111785725988003,65.0,65.82442748091603,70.0,0,0,779.933226,258.0,8623.0,8881.0,477.0,219.0,0.055317174997100774,0.02465938520436888,1.6717557251908397,1.6590909090909092,0.67793893129771,0.016717557251908377,True,True,44,44,34,10,0.7727272727272727,1.0,0.6300764193536366,65.0,65.63636363636364,67.0,0,0,779.7870205,86.0,2888.0,2974.0,512.0,426.0,0.1772853185595568,0.14324142568930734,9.681818181818182,9.681818181818182,0.675909090909091,0.09681818181818169,True,True,45,44,32,12,0.7272727272727273,0.9777777777777777,0.581511269075488,66.5,66.72727272727273,71.25,0,0,779.653466,86.0,2936.0,3022.0,264.0,178.0,0.08991825613079019,0.05890138980807412,4.045454545454546,3.9555555555555557,0.6868181818181817,0.04045454545454563,True,True
ask<=80 AND touch_loss15<=0.85,ask<=80 AND touch_loss15<=0.85,True,True,True,True,244.0,30,30,1.0,0.005025125628140704,True,True,1304.0,213,208,145,63,0.6971153846153846,0.9765258215962441,0.6315601961596712,65.5,65.3076923076923,70.0,0,0,777.963,416.0,13584.0,14000.0,916.0,500.0,0.06743227326266195,0.03571428571428571,2.4038461538461537,2.347417840375587,0.6730769230769231,0.024038461538461453,True,True,127,126,87,39,0.6904761904761905,0.9921259842519685,0.60512385593929,65.0,64.73809523809524,69.0,0,0,777.8545,252.0,8157.0,8409.0,543.0,291.0,0.06656859139389482,0.03460577952194078,2.3095238095238093,2.2913385826771653,0.6673809523809524,0.023095238095238058,True,True,43,41,28,13,0.6829268292682927,0.9534883720930233,0.5301580035565572,67.0,65.95121951219512,70.0,0,0,778.174,82.0,2704.0,2786.0,96.0,14.0,0.03550295857988166,0.005025125628140704,0.34146341463414637,0.32558139534883723,0.6795121951219512,0.0034146341463415775,True,True,43,41,30,11,0.7317073170731707,0.9534883720930233,0.5806646689292336,67.0,66.41463414634147,71.0,0,0,777.752,82.0,2723.0,2805.0,277.0,195.0,0.10172603745868528,0.06951871657754011,4.7560975609756095,4.534883720930233,0.6841463414634147,0.04756097560975603,True,True,221,214,152,62,0.7102803738317757,0.9683257918552036,0.6462186815731078,65.0,65.27102803738318,69.75,0,0,779.8782125,428.0,13968.0,14396.0,1232.0,804.0,0.0882016036655212,0.0558488469019172,3.7570093457943927,3.6380090497737556,0.6727102803738316,0.03757009345794404,True,True,132,128,88,40,0.6875,0.9696969696969697,0.6027289441827963,65.0,65.0859375,70.0,0,0,779.9472225,256.0,8331.0,8587.0,469.0,213.0,0.05629576281358781,0.02480493769651799,1.6640625,1.6136363636363635,0.670859375,0.016640624999999964,True,True,44,44,34,10,0.7727272727272727,1.0,0.6300764193536366,65.0,65.38636363636364,67.0,0,0,779.7870205,88.0,2877.0,2965.0,523.0,435.0,0.18178658324643726,0.1467116357504216,9.886363636363637,9.886363636363637,0.6738636363636364,0.09886363636363626,True,True,45,42,30,12,0.7142857142857143,0.9333333333333333,0.5643279073180463,65.5,65.71428571428571,70.75,0,0,779.6186785,84.0,2760.0,2844.0,240.0,156.0,0.08695652173913043,0.05485232067510549,3.7142857142857144,3.466666666666667,0.677142857142857,0.037142857142857255,True,True
adverse15<=50 AND brownian15>=0.58,adverse15<=50 AND brownian15>=0.58,True,True,True,True,204.0,30,30,1.0,0.00380754586362063,True,True,1670.0,213,209,149,60,0.7129186602870813,0.9812206572769953,0.648176994191801,66.0,66.25837320574162,71.0,1,0,774.387,406.0,13848.0,14254.0,1052.0,646.0,0.07596764875794339,0.04532061175810299,3.090909090909091,3.032863849765258,0.6820095693779905,0.030909090909090775,True,True,127,125,90,35,0.72,0.984251968503937,0.6356343866129479,65.0,65.448,70.0,0,0,774.387,245.0,8181.0,8426.0,819.0,574.0,0.1001100110011001,0.06812247804414906,4.592,4.519685039370079,0.6740799999999999,0.04592000000000007,True,True,43,42,29,13,0.6904761904761905,0.9767441860465116,0.5397400606391092,66.5,66.85714285714286,71.0,1,0,772.5315,81.0,2808.0,2889.0,92.0,11.0,0.03276353276353276,0.00380754586362063,0.2619047619047619,0.2558139534883721,0.6878571428571428,0.002619047619047632,True,True,43,42,30,12,0.7142857142857143,0.9767441860465116,0.5643279073180463,68.0,68.07142857142857,73.0,0,0,771.6434999999999,80.0,2859.0,2939.0,141.0,61.0,0.04931794333683106,0.02075535896563457,1.4523809523809523,1.4186046511627908,0.6997619047619048,0.014523809523809494,True,True,221,217,160,57,0.7373271889400922,0.9819004524886877,0.6750099287506822,65.0,67.09216589861751,71.0,0,0,779.581535,417.0,14559.0,14976.0,1441.0,1024.0,0.09897657806168006,0.06837606837606838,4.71889400921659,4.633484162895928,0.6901382488479262,0.04718894009216601,True,True,132,130,94,36,0.7230769230769231,0.9848484848484849,0.6405947067150303,66.0,67.58461538461539,72.0,0,0,779.637213,248.0,8786.0,9034.0,614.0,366.0,0.06988390621443205,0.04051361523134824,2.8153846153846156,2.772727272727273,0.694923076923077,0.028153846153846085,True,True,44,44,35,9,0.7954545454545454,1.0,0.6549942193889834,65.0,65.88636363636364,67.0,0,0,779.6397999999999,86.0,2899.0,2985.0,601.0,515.0,0.2073128665056916,0.17252931323283083,11.704545454545455,11.704545454545455,0.6784090909090911,0.11704545454545434,True,True,45,43,31,12,0.7209302325581395,0.9555555555555556,0.5730897131812113,66.0,66.83720930232558,71.5,0,0,779.511079,83.0,2874.0,2957.0,226.0,143.0,0.07863604732080724,0.048359824146094015,3.3255813953488373,3.1777777777777776,0.6876744186046511,0.03325581395348842,True,True
book>=0.60,book>=0.60,True,True,True,False,297.0,30,30,1.0,0.04430379746835443,True,False,1237.0,213,211,156,55,0.7393364928909952,0.9906103286384976,0.6761996301539008,66.0,67.43601895734596,70.0,0,0,770.752,420.0,14229.0,14649.0,1371.0,951.0,0.09635251950242463,0.06491910710628712,4.507109004739337,4.464788732394366,0.6942654028436019,0.04507109004739329,True,True,127,127,91,36,0.7165354330708661,1.0,0.6326943230112994,65.0,66.58267716535433,69.0,0,0,772.066,254.0,8456.0,8710.0,644.0,390.0,0.076158940397351,0.04477611940298507,3.0708661417322833,3.0708661417322833,0.6858267716535432,0.03070866141732287,True,True,43,42,32,10,0.7619047619047619,0.9767441860465116,0.6147245613168169,68.0,69.83333333333333,74.25,0,0,766.697,82.0,2933.0,3015.0,267.0,185.0,0.09103307193999319,0.06135986733001658,4.404761904761905,4.3023255813953485,0.7178571428571429,0.044047619047619,True,True,43,42,33,9,0.7857142857142857,0.9767441860465116,0.640601546836771,67.0,67.61904761904762,71.0,0,0,775.759,84.0,2840.0,2924.0,460.0,376.0,0.1619718309859155,0.12859097127222982,8.952380952380953,8.744186046511627,0.6961904761904761,0.08952380952380956,True,True,221,219,157,62,0.7168949771689498,0.9909502262443439,0.6538883938760969,67.0,68.42465753424658,71.5,0,0,779.414322,429.0,14985.0,15414.0,715.0,286.0,0.04771438104771438,0.018554560788893212,1.3059360730593608,1.2941176470588236,0.7038356164383561,0.013059360730593661,True,True,132,131,91,40,0.6946564885496184,0.9924242424242424,0.6111785725988003,67.0,68.26717557251908,71.5,0,0,779.571802,258.0,8943.0,9201.0,157.0,-101.0,0.01755563010175556,-0.010977067710031518,-0.7709923664122137,-0.7651515151515151,0.7023664122137405,-0.007709923664122154,True,False,44,44,33,11,0.75,1.0,0.6055943364104085,65.0,67.43181818181819,69.25,0,0,779.3218830000001,86.0,2967.0,3053.0,333.0,247.0,0.1122345803842265,0.08090402882410744,5.613636363636363,5.613636363636363,0.6938636363636365,0.05613636363636354,True,True,45,44,33,11,0.75,0.9777777777777777,0.6055943364104085,68.0,69.88636363636364,73.75,0,0,779.166385,85.0,3075.0,3160.0,225.0,140.0,0.07317073170731707,0.04430379746835443,3.1818181818181817,3.111111111111111,0.7181818181818181,0.03181818181818186,True,True
adverse15<=50 AND touch_loss15<=0.85,adverse15<=50 AND touch_loss15<=0.85,True,True,False,True,219.0,30,30,1.0,-0.004120879120879121,True,False,1513.0,213,209,148,61,0.7081339712918661,0.9812206572769953,0.6431862194075334,66.0,66.18181818181819,71.0,1,0,775.795,406.0,13832.0,14238.0,968.0,562.0,0.06998264893001735,0.03947183593201292,2.688995215311005,2.6384976525821595,0.681244019138756,0.026889952153110075,True,True,127,125,89,36,0.712,0.984251968503937,0.6272331124968417,65.0,65.256,70.0,0,0,776.506,245.0,8157.0,8402.0,743.0,498.0,0.09108740958685792,0.05927160199952392,3.984,3.921259842519685,0.67216,0.03983999999999999,True,True,43,42,29,13,0.6904761904761905,0.9767441860465116,0.5397400606391092,67.0,67.4047619047619,71.0,1,0,773.1955,81.0,2831.0,2912.0,69.0,-12.0,0.024373013069586717,-0.004120879120879121,-0.2857142857142857,-0.27906976744186046,0.6933333333333334,-0.0028571428571428914,True,False,43,42,30,12,0.7142857142857143,0.9767441860465116,0.5643279073180463,67.5,67.71428571428571,73.0,0,0,771.6434999999999,80.0,2844.0,2924.0,156.0,76.0,0.05485232067510549,0.025991792065663474,1.8095238095238095,1.7674418604651163,0.6961904761904762,0.018095238095238053,True,True,221,217,159,58,0.7327188940092166,0.9819004524886877,0.6701645286761344,65.0,66.96774193548387,71.0,0,0,779.633801,417.0,14532.0,14949.0,1368.0,951.0,0.09413707679603633,0.06361629540437487,4.382488479262673,4.3031674208144794,0.6888940092165897,0.04382488479262692,True,True,132,130,93,37,0.7153846153846154,0.9848484848484849,0.6325077267145672,66.0,67.47692307692307,72.0,0,0,779.637213,248.0,8772.0,9020.0,528.0,280.0,0.060191518467852256,0.031042128603104215,2.1538461538461537,2.121212121212121,0.6938461538461539,0.021538461538461506,True,True,44,44,35,9,0.7954545454545454,1.0,0.6549942193889834,65.0,65.5909090909091,67.0,0,0,779.746739,86.0,2886.0,2972.0,614.0,528.0,0.21275121275121275,0.17765814266487215,12.0,12.0,0.6754545454545456,0.11999999999999977,True,True,45,43,31,12,0.7209302325581395,0.9555555555555556,0.5730897131812113,66.0,66.83720930232558,71.5,0,0,779.511079,83.0,2874.0,2957.0,226.0,143.0,0.07863604732080724,0.048359824146094015,3.3255813953488373,3.1777777777777776,0.6876744186046511,0.03325581395348842,True,True
adverse15<=20 AND brownian15>=0.58,adverse15<=20 AND brownian15>=0.58,True,True,False,True,302.0,30,30,1.0,-0.010914051841746248,True,False,1463.0,213,209,152,57,0.7272727272727273,0.9812206572769953,0.6631984463266392,66.0,67.14354066985646,72.0,1,0,772.066,401.0,14033.0,14434.0,1167.0,766.0,0.08316112021663222,0.05306914230289594,3.665071770334928,3.596244131455399,0.690622009569378,0.03665071770334927,True,True,127,125,91,34,0.728,0.984251968503937,0.6440649618349569,65.0,66.384,72.0,0,0,773.059,242.0,8298.0,8540.0,802.0,560.0,0.09664979513135695,0.06557377049180328,4.48,4.409448818897638,0.6832,0.04479999999999995,True,True,43,42,29,13,0.6904761904761905,0.9767441860465116,0.5397400606391092,66.5,67.9047619047619,77.0,1,0,768.5145,80.0,2852.0,2932.0,48.0,-32.0,0.016830294530154277,-0.010914051841746248,-0.7619047619047619,-0.7441860465116279,0.6980952380952381,-0.007619047619047636,True,False,43,42,32,10,0.7619047619047619,0.9767441860465116,0.6147245613168169,68.0,68.64285714285714,73.0,0,0,715.7315000000001,79.0,2883.0,2962.0,317.0,238.0,0.10995490808185918,0.08035111411208642,5.666666666666667,5.534883720930233,0.7052380952380952,0.05666666666666664,True,True,221,217,159,58,0.7327188940092166,0.9819004524886877,0.6701645286761344,66.0,68.16589861751152,73.0,0,0,779.475375,411.0,14792.0,15203.0,1108.0,697.0,0.07490535424553812,0.04584621456291521,3.2119815668202767,3.1538461538461537,0.7005990783410139,0.03211981566820277,True,True,132,130,94,36,0.7230769230769231,0.9848484848484849,0.6405947067150303,66.0,68.66153846153846,73.75,0,0,779.4914225,245.0,8926.0,9171.0,474.0,229.0,0.053103293748599595,0.024970014175117218,1.7615384615384615,1.7348484848484849,0.7054615384615385,0.01761538461538459,True,True,44,44,34,10,0.7727272727272727,1.0,0.6300764193536366,65.0,66.5909090909091,72.0,0,0,779.5164635,86.0,2930.0,3016.0,470.0,384.0,0.16040955631399317,0.1273209549071618,8.727272727272727,8.727272727272727,0.6854545454545455,0.08727272727272717,True,True,45,43,31,12,0.7209302325581395,0.9555555555555556,0.5730897131812113,67.0,68.27906976744185,73.0,0,0,779.078782,80.0,2936.0,3016.0,164.0,84.0,0.055858310626702996,0.027851458885941646,1.9534883720930232,1.8666666666666667,0.7013953488372092,0.019534883720930263,True,True
book>=0.55 AND touch_loss15<=0.85,book>=0.55 AND touch_loss15<=0.85,True,True,True,False,296.0,30,30,1.0,-0.011532125205930808,True,False,1122.0,213,210,150,60,0.7142857142857143,0.9859154929577465,0.6497654334710847,66.0,66.6,71.0,0,0,776.03,416.0,13986.0,14402.0,1014.0,598.0,0.0725010725010725,0.04152201083182891,2.8476190476190477,2.807511737089202,0.6858095238095238,0.028476190476190544,True,True,127,126,88,38,0.6984126984126984,0.9921259842519685,0.6133833019085098,65.0,65.42857142857143,69.0,0,0,777.3805,251.0,8244.0,8495.0,556.0,305.0,0.06744298884036876,0.03590347263095939,2.4206349206349205,2.4015748031496065,0.6742063492063494,0.02420634920634901,True,True,43,42,30,12,0.7142857142857143,0.9767441860465116,0.5643279073180463,68.0,68.66666666666667,72.75,0,0,769.345,83.0,2884.0,2967.0,116.0,33.0,0.04022191400832178,0.011122345803842264,0.7857142857142857,0.7674418604651163,0.7064285714285715,0.007857142857142785,True,True,43,42,32,10,0.7619047619047619,0.9767441860465116,0.6147245613168169,68.0,68.04761904761905,71.75,0,0,775.759,82.0,2858.0,2940.0,342.0,260.0,0.11966410076976906,0.08843537414965986,6.190476190476191,6.046511627906977,0.7000000000000001,0.061904761904761796,True,True,221,219,155,64,0.7077625570776256,0.9909502262443439,0.6443616959208551,65.0,66.42009132420091,70.0,0,0,779.813438,430.0,14546.0,14976.0,954.0,524.0,0.06558504056097897,0.03498931623931624,2.3926940639269407,2.3710407239819005,0.6838356164383562,0.023926940639269367,True,True,132,131,93,38,0.7099236641221374,0.9924242424242424,0.6271154560889036,65.0,66.2824427480916,70.0,0,0,779.913161,258.0,8683.0,8941.0,617.0,359.0,0.071058389957388,0.04015210826529471,2.7404580152671754,2.7196969696969697,0.6825190839694657,0.027404580152671665,True,True,44,44,32,12,0.7272727272727273,1.0,0.581511269075488,65.0,66.22727272727273,67.0,0,0,779.6465255,86.0,2914.0,3000.0,286.0,200.0,0.09814687714481812,0.06666666666666667,4.545454545454546,4.545454545454546,0.6818181818181819,0.045454545454545414,True,True,45,44,30,14,0.6818181818181818,0.9777777777777777,0.5344310393781776,66.5,67.02272727272727,71.25,0,0,779.6422365,86.0,2949.0,3035.0,51.0,-35.0,0.017293997965412006,-0.011532125205930808,-0.7954545454545454,-0.7777777777777778,0.6897727272727272,-0.007954545454545436,True,False
adverse15<=20 AND touch_loss15<=0.85,adverse15<=20 AND touch_loss15<=0.85,True,True,False,True,306.0,30,30,1.0,-0.018612521150592216,True,False,1292.0,213,209,151,58,0.722488038277512,0.9812206572769953,0.6581829834968136,66.0,67.13397129186603,72.0,1,0,772.571,401.0,14031.0,14432.0,1069.0,668.0,0.07618843988311595,0.046286031042128604,3.1961722488038276,3.136150234741784,0.6905263157894737,0.0319617224880383,True,True,127,125,90,35,0.72,0.984251968503937,0.6356343866129479,65.0,66.216,72.0,0,0,776.265,242.0,8277.0,8519.0,723.0,481.0,0.08735048930772019,0.056462026059396646,3.848,3.7874015748031495,0.68152,0.03847999999999996,True,True,43,42,29,13,0.6904761904761905,0.9767441860465116,0.5397400606391092,67.0,68.45238095238095,77.0,1,0,769.932,80.0,2875.0,2955.0,25.0,-55.0,0.008695652173913044,-0.018612521150592216,-1.3095238095238095,-1.2790697674418605,0.7035714285714286,-0.01309523809523816,True,False,43,42,32,10,0.7619047619047619,0.9767441860465116,0.6147245613168169,67.5,68.54761904761905,73.0,0,0,715.7315000000001,79.0,2879.0,2958.0,321.0,242.0,0.11149704758596735,0.08181203515889114,5.761904761904762,5.627906976744186,0.7042857142857143,0.05761904761904757,True,True,221,217,158,59,0.728110599078341,0.9819004524886877,0.6653270108467425,66.0,68.04147465437788,73.0,0,0,779.477986,411.0,14765.0,15176.0,1035.0,624.0,0.07009820521503556,0.04111755403268318,2.8755760368663594,2.823529411764706,0.6993548387096774,0.028755760368663563,True,True,132,130,93,37,0.7153846153846154,0.9848484848484849,0.6325077267145672,66.0,68.55384615384615,73.75,0,0,779.4914225,245.0,8912.0,9157.0,388.0,143.0,0.043536804308797125,0.015616468275636125,1.1,1.0833333333333333,0.7043846153846154,0.01100000000000001,True,True,44,44,34,10,0.7727272727272727,1.0,0.6300764193536366,65.0,66.29545454545455,71.25,0,0,779.6465255,86.0,2917.0,3003.0,483.0,397.0,0.1655810764484059,0.1322011322011322,9.022727272727273,9.022727272727273,0.6825000000000001,0.0902272727272726,True,True,45,43,31,12,0.7209302325581395,0.9555555555555556,0.5730897131812113,67.0,68.27906976744185,73.0,0,0,779.078782,80.0,2936.0,3016.0,164.0,84.0,0.055858310626702996,0.027851458885941646,1.9534883720930232,1.8666666666666667,0.7013953488372092,0.019534883720930263,True,True
book>=0.55 AND brownian15>=0.58,book>=0.55 AND brownian15>=0.58,True,True,False,False,281.0,30,30,1.0,-0.018612521150592216,True,False,1156.0,213,210,151,59,0.719047619047619,0.9859154929577465,0.6547425427494316,66.5,66.72380952380952,71.0,0,0,775.202,415.0,14012.0,14427.0,1088.0,673.0,0.07764773051669997,0.046648644901920014,3.204761904761905,3.15962441314554,0.687,0.03204761904761899,True,True,127,126,90,36,0.7142857142857143,0.9921259842519685,0.6299837099284312,65.0,65.61111111111111,69.75,0,0,776.9985,250.0,8267.0,8517.0,733.0,483.0,0.08866577960566106,0.05671010919337795,3.8333333333333335,3.8031496062992125,0.6759523809523811,0.03833333333333322,True,True,43,42,29,13,0.6904761904761905,0.9767441860465116,0.5397400606391092,68.0,68.38095238095238,72.75,0,0,768.5145,83.0,2872.0,2955.0,28.0,-55.0,0.009749303621169917,-0.018612521150592216,-1.3095238095238095,-1.2790697674418605,0.7035714285714286,-0.01309523809523816,True,False,43,42,32,10,0.7619047619047619,0.9767441860465116,0.6147245613168169,68.0,68.4047619047619,72.75,0,0,775.759,82.0,2873.0,2955.0,327.0,245.0,0.11381830838844413,0.0829103214890017,5.833333333333333,5.6976744186046515,0.7035714285714286,0.05833333333333324,True,True,221,219,155,64,0.7077625570776256,0.9909502262443439,0.6443616959208551,66.0,66.60730593607306,70.0,0,0,779.751489,430.0,14587.0,15017.0,913.0,483.0,0.0625899773771166,0.03216354797895718,2.2054794520547945,2.18552036199095,0.6857077625570777,0.022054794520547927,True,True,132,131,93,38,0.7099236641221374,0.9924242424242424,0.6271154560889036,66.0,66.49618320610686,70.0,0,0,779.874554,258.0,8711.0,8969.0,589.0,331.0,0.06761565836298933,0.03690489463708329,2.5267175572519083,2.507575757575758,0.6846564885496184,0.025267175572519007,True,True,44,44,32,12,0.7272727272727273,1.0,0.581511269075488,65.0,66.52272727272727,67.5,0,0,779.5164635,86.0,2927.0,3013.0,273.0,187.0,0.09326955927570892,0.062064387653501495,4.25,4.25,0.6847727272727274,0.04249999999999987,True,True,45,44,30,14,0.6818181818181818,0.9777777777777777,0.5344310393781776,66.5,67.02272727272727,71.25,0,0,779.6422365,86.0,2949.0,3035.0,51.0,-35.0,0.017293997965412006,-0.011532125205930808,-0.7954545454545454,-0.7777777777777778,0.6897727272727272,-0.007954545454545436,True,False
adverse15<=20 AND book>=0.55,adverse15<=20 AND book>=0.55,True,True,False,False,335.0,30,30,1.0,-0.02977584476413516,True,False,1444.0,213,209,154,55,0.7368421052631579,0.9812206572769953,0.6732549749814931,66.0,67.36842105263158,72.0,1,0,771.968,405.0,14080.0,14485.0,1320.0,915.0,0.09375,0.06316879530548844,4.37799043062201,4.295774647887324,0.6930622009569379,0.04377990430621992,True,True,127,125,92,33,0.736,0.984251968503937,0.6525256076191854,65.0,66.696,72.0,0,0,776.265,243.0,8337.0,8580.0,863.0,620.0,0.10351445364039823,0.07226107226107226,4.96,4.881889763779528,0.6864,0.04959999999999998,True,True,43,42,30,12,0.7142857142857143,0.9767441860465116,0.5643279073180463,68.0,69.57142857142857,77.25,1,0,767.3325,80.0,2922.0,3002.0,78.0,-2.0,0.026694045174537988,-0.0006662225183211193,-0.047619047619047616,-0.046511627906976744,0.7147619047619047,-0.0004761904761904079,True,False,43,42,32,10,0.7619047619047619,0.9767441860465116,0.6147245613168169,66.0,67.16666666666667,71.0,0,0,742.3435,82.0,2821.0,2903.0,379.0,297.0,0.13434952144629564,0.10230795728556666,7.071428571428571,6.906976744186046,0.6911904761904761,0.07071428571428573,True,True,221,217,157,60,0.7235023041474654,0.9819004524886877,0.6604972515103408,65.0,68.02304147465438,73.0,0,0,779.504859,410.0,14761.0,15171.0,939.0,529.0,0.06361357631596776,0.034869158262474456,2.4377880184331797,2.3936651583710407,0.6991244239631337,0.024377880184331735,True,True,132,130,97,33,0.7461538461538462,0.9848484848484849,0.6650197728000548,66.0,68.8076923076923,73.75,0,0,779.505486,244.0,8945.0,9189.0,755.0,511.0,0.08440469536053662,0.055609968440526715,3.9307692307692306,3.871212121212121,0.7068461538461539,0.039307692307692266,True,True,44,44,31,13,0.7045454545454546,1.0,0.5577979987383977,64.5,66.06818181818181,67.75,0,0,779.5878600000001,86.0,2907.0,2993.0,193.0,107.0,0.06639146886824905,0.03575008352823254,2.4318181818181817,2.4318181818181817,0.6802272727272728,0.024318181818181794,True,True,45,43,29,14,0.6744186046511628,0.9555555555555556,0.5251621096752948,65.0,67.65116279069767,72.5,0,0,779.325548,80.0,2909.0,2989.0,-9.0,-89.0,-0.0030938466827088347,-0.02977584476413516,-2.0697674418604652,-1.9777777777777779,0.6951162790697675,-0.020697674418604706,True,False
book>=0.55,book>=0.55,True,True,True,False,247.0,30,30,1.0,-0.03268845897264843,True,False,1371.0,213,211,150,61,0.7109004739336493,0.9906103286384976,0.6463921359207366,65.0,65.45971563981043,69.0,0,0,778.305,421.0,13812.0,14233.0,1188.0,767.0,0.08601216333622937,0.05388884985596852,3.6350710900473935,3.60093896713615,0.6745497630331753,0.03635071090047404,True,True,127,127,89,38,0.7007874015748031,1.0,0.6162093720641555,64.0,64.65354330708661,68.0,0,0,810.889,254.0,8211.0,8465.0,689.0,435.0,0.08391182559980515,0.05138806851742469,3.425196850393701,3.425196850393701,0.666535433070866,0.03425196850393708,True,True,43,42,30,12,0.7142857142857143,0.9767441860465116,0.5643279073180463,67.0,67.19047619047619,69.75,0,0,772.9970000000001,83.0,2822.0,2905.0,178.0,95.0,0.06307583274273565,0.03270223752151463,2.261904761904762,2.2093023255813953,0.6916666666666667,0.02261904761904765,True,True,43,42,31,11,0.7380952380952381,0.9767441860465116,0.5893126929422804,66.5,66.16666666666667,71.0,0,0,775.759,84.0,2779.0,2863.0,321.0,237.0,0.11550917596257647,0.08278030038421237,5.642857142857143,5.511627906976744,0.6816666666666666,0.056428571428571495,True,True,221,219,154,65,0.7031963470319634,0.9909502262443439,0.6396090640789774,65.0,65.59360730593608,69.0,0,0,779.969998,431.0,14365.0,14796.0,1035.0,604.0,0.07205012182387747,0.04082184374155177,2.7579908675799087,2.733031674208145,0.6756164383561643,0.02757990867579918,True,True,132,131,94,37,0.7175572519083969,0.9924242424242424,0.6351216228521418,64.0,65.49618320610686,69.5,0,0,839.022648,259.0,8580.0,8839.0,820.0,561.0,0.09557109557109557,0.06346871818078968,4.282442748091603,4.25,0.6747328244274811,0.04282442748091586,True,True,44,44,31,13,0.7045454545454546,1.0,0.5577979987383977,64.5,65.29545454545455,67.0,0,0,779.8842415,86.0,2873.0,2959.0,227.0,141.0,0.07901148625130526,0.04765123352483947,3.2045454545454546,3.2045454545454546,0.6725000000000001,0.03204545454545449,True,True,45,44,29,15,0.6590909090909091,0.9777777777777777,0.5113914121793824,65.0,66.18181818181819,71.0,0,0,779.7321305,86.0,2912.0,2998.0,-12.0,-98.0,-0.004120879120879121,-0.03268845897264843,-2.227272727272727,-2.1777777777777776,0.6813636363636364,-0.022272727272727333,True,False
kinetic>=0.60,kinetic>=0.60,True,True,True,False,312.0,30,30,1.0,-0.03288201160541586,True,False,965.0,213,210,154,56,0.7333333333333333,0.9859154929577465,0.6697233780582907,67.0,67.41428571428571,72.0,0,0,772.2335,416.0,14157.0,14573.0,1243.0,827.0,0.08780108780108781,0.056748781994098677,3.9380952380952383,3.8826291079812205,0.693952380952381,0.039380952380952294,True,True,127,126,90,36,0.7142857142857143,0.9921259842519685,0.6299837099284312,67.0,67.12698412698413,72.0,0,0,772.7760000000001,249.0,8458.0,8707.0,542.0,293.0,0.06408134310711752,0.0336510853336396,2.3253968253968256,2.3070866141732282,0.6910317460317461,0.023253968253968194,True,True,43,42,30,12,0.7142857142857143,0.9767441860465116,0.5643279073180463,67.0,67.97619047619048,75.0,0,0,772.9970000000001,83.0,2855.0,2938.0,145.0,62.0,0.050788091068301226,0.02110279101429544,1.4761904761904763,1.441860465116279,0.6995238095238095,0.014761904761904754,True,True,43,42,34,8,0.8095238095238095,0.9767441860465116,0.6669922598996131,68.0,67.71428571428571,72.0,0,0,769.5325,84.0,2844.0,2928.0,556.0,472.0,0.19549929676511954,0.16120218579234974,11.238095238095237,10.976744186046512,0.6971428571428572,0.11238095238095236,True,True,221,219,155,64,0.7077625570776256,0.9909502262443439,0.6443616959208551,67.0,68.21917808219177,72.5,0,0,779.506113,422.0,14940.0,15362.0,560.0,138.0,0.03748326639892905,0.008983205311808358,0.6301369863013698,0.6244343891402715,0.7014611872146119,0.006301369863013662,True,True,132,131,91,40,0.6946564885496184,0.9924242424242424,0.6111785725988003,67.0,68.21374045801527,73.0,0,0,779.818659,252.0,8936.0,9188.0,164.0,-88.0,0.018352730528200537,-0.00957771005659556,-0.6717557251908397,-0.6666666666666666,0.7013740458015268,-0.006717557251908479,True,False,44,44,34,10,0.7727272727272727,1.0,0.6300764193536366,67.0,67.88636363636364,71.25,0,0,749.496228,85.0,2987.0,3072.0,413.0,328.0,0.13826581854703715,0.10677083333333333,7.454545454545454,7.454545454545454,0.6981818181818182,0.07454545454545447,True,True,45,44,30,14,0.6818181818181818,0.9777777777777777,0.5344310393781776,68.0,68.56818181818181,73.75,0,0,779.3628014999999,85.0,3017.0,3102.0,-17.0,-102.0,-0.005634736493205171,-0.03288201160541586,-2.3181818181818183,-2.2666666666666666,0.705,-0.023181818181818192,True,False
ask<=80 AND book>=0.55,ask<=80 AND book>=0.55,True,True,True,False,247.0,30,30,1.0,-0.037800687285223365,True,False,1363.0,213,210,149,61,0.7095238095238096,0.9859154929577465,0.6447963691193134,65.0,65.32380952380953,69.0,0,0,778.2394999999999,420.0,13718.0,14138.0,1182.0,762.0,0.0861641638722846,0.053897298061960676,3.6285714285714286,3.5774647887323945,0.6732380952380953,0.036285714285714255,True,True,127,127,89,38,0.7007874015748031,1.0,0.6162093720641555,64.0,64.63779527559055,68.0,0,0,796.253,254.0,8209.0,8463.0,691.0,437.0,0.08417590449506639,0.05163653550750325,3.440944881889764,3.440944881889764,0.6663779527559055,0.034409448818897626,True,True,43,41,29,12,0.7073170731707317,0.9534883720930233,0.5552053227700283,67.0,66.58536585365853,69.0,0,0,775.398,82.0,2730.0,2812.0,170.0,88.0,0.06227106227106227,0.031294452347083924,2.1463414634146343,2.046511627906977,0.6858536585365853,0.02146341463414636,True,True,43,42,31,11,0.7380952380952381,0.9767441860465116,0.5893126929422804,66.5,66.16666666666667,71.0,0,0,775.759,84.0,2779.0,2863.0,321.0,237.0,0.11550917596257647,0.08278030038421237,5.642857142857143,5.511627906976744,0.6816666666666666,0.056428571428571495,True,True,221,216,151,65,0.6990740740740741,0.9773755656108597,0.6348661928909218,64.0,65.125,69.0,0,0,779.969364,432.0,14067.0,14499.0,1033.0,601.0,0.07343427880855904,0.04145113456100421,2.7824074074074074,2.7194570135746607,0.67125,0.027824074074074057,True,True,132,129,92,37,0.7131782945736435,0.9772727272727273,0.6298564009894583,64.0,64.96899224806202,69.0,0,0,839.022648,258.0,8381.0,8639.0,819.0,561.0,0.09772103567593365,0.06493807153605742,4.348837209302325,4.25,0.6696899224806203,0.04348837209302314,True,True,44,44,31,13,0.7045454545454546,1.0,0.5577979987383977,64.5,65.04545454545455,67.0,0,0,779.8842415,88.0,2862.0,2950.0,238.0,150.0,0.08315863032844165,0.05084745762711865,3.409090909090909,3.409090909090909,0.6704545454545455,0.03409090909090906,True,True,45,43,28,15,0.6511627906976745,0.9555555555555556,0.5017178199285204,65.0,65.67441860465117,70.5,0,0,779.650672,86.0,2824.0,2910.0,-24.0,-110.0,-0.0084985835694051,-0.037800687285223365,-2.558139534883721,-2.4444444444444446,0.6767441860465115,-0.025581395348837077,True,False
adverse15<=50 AND book>=0.55,adverse15<=50 AND book>=0.55,True,True,True,False,227.0,30,30,1.0,-0.04469464346639372,True,False,1533.0,213,209,151,58,0.722488038277512,0.9812206572769953,0.6581829834968136,65.0,66.25837320574162,70.0,1,0,774.387,410.0,13848.0,14258.0,1252.0,842.0,0.09041016753321779,0.059054565857764064,4.028708133971292,3.9530516431924885,0.6822009569377989,0.04028708133971304,True,True,127,125,91,34,0.728,0.984251968503937,0.6440649618349569,65.0,65.448,70.0,0,0,776.916,247.0,8181.0,8428.0,919.0,672.0,0.112333455567779,0.07973421926910298,5.376,5.291338582677166,0.6742400000000001,0.05375999999999992,True,True,43,42,30,12,0.7142857142857143,0.9767441860465116,0.5643279073180463,67.0,68.07142857142857,71.0,1,0,769.345,81.0,2859.0,2940.0,141.0,60.0,0.04931794333683106,0.02040816326530612,1.4285714285714286,1.3953488372093024,0.7000000000000001,0.014285714285714235,True,True,43,42,30,12,0.7142857142857143,0.9767441860465116,0.5643279073180463,66.0,66.85714285714286,71.0,0,0,768.934,82.0,2808.0,2890.0,192.0,110.0,0.06837606837606838,0.03806228373702422,2.619047619047619,2.558139534883721,0.6880952380952381,0.02619047619047621,True,True,221,217,156,61,0.7188940092165899,0.9819004524886877,0.6556751324999766,65.0,66.78341013824885,71.0,0,0,779.692891,417.0,14492.0,14909.0,1108.0,691.0,0.07645597571073696,0.0463478435844121,3.184331797235023,3.1266968325791855,0.6870506912442396,0.031843317972350293,True,True,132,130,96,34,0.7384615384615385,0.9848484848484849,0.6568500092099748,65.0,67.48461538461538,72.0,0,0,779.72219,248.0,8773.0,9021.0,827.0,579.0,0.09426649948706257,0.06418357166611241,4.453846153846154,4.386363636363637,0.693923076923077,0.04453846153846153,True,True,44,44,32,12,0.7272727272727273,1.0,0.581511269075488,64.5,65.25,67.0,0,0,779.7582035,86.0,2871.0,2957.0,329.0,243.0,0.11459421804249391,0.08217788298951641,5.5227272727272725,5.5227272727272725,0.6720454545454546,0.05522727272727268,True,True,45,43,28,15,0.6511627906976745,0.9555555555555556,0.5017178199285204,65.0,66.23255813953489,71.0,0,0,779.511079,83.0,2848.0,2931.0,-48.0,-131.0,-0.016853932584269662,-0.04469464346639372,-3.046511627906977,-2.911111111111111,0.681627906976744,-0.03046511627906956,True,False
