lock_name,registered_utc,event_dt,market,close_dt,side,exit_reason,entry_basis_cents,exit_bid_cents,exit_target_count,p_hold,fair_drawdown_cents,d_sigma,sigma_t_dollars,btc_age_ms,book_age_ms,actual_exit_pnl_dollars,outcome_available,market_result,hold_to_settlement_pnl_dollars,suppress_exit_delta_dollars
live_v28_collapse_sigma_drawdown_suppress_shadow,2026-05-07T01:39:26.563993+00:00,2026-05-05T01:33:40.378670+00:00,KXBTC15M-26MAY042145-45,2026-05-05T01:45:00+00:00,no,mushroom_v28_probability_collapse_full,83.0,70.0,2.0,0.704678,12.532163,0.443383,71.258998,625.0,62.0,-0.26,True,yes,-1.66,-1.4
live_v28_collapse_sigma_drawdown_suppress_shadow,2026-05-07T01:39:26.563993+00:00,2026-05-05T03:47:03.102627+00:00,KXBTC15M-26MAY050000-00,2026-05-05T04:00:00+00:00,no,mushroom_v28_probability_collapse_full,83.0,69.0,2.0,0.710713,11.928676,0.447398,107.812311,766.0,16.0,-0.28,True,no,0.34,0.6200000000000001
live_v28_collapse_sigma_drawdown_suppress_shadow,2026-05-07T01:39:26.563993+00:00,2026-05-05T04:08:24.273917+00:00,KXBTC15M-26MAY050015-15,2026-05-05T04:15:00+00:00,yes,mushroom_v28_probability_collapse_full,78.0,61.0,1.0,0.695467,8.453256,-0.450313,78.33433,125.0,32.0,-0.17,True,no,-0.78,-0.61
live_v28_collapse_sigma_drawdown_suppress_shadow,2026-05-07T01:39:26.563993+00:00,2026-05-05T04:08:25.274154+00:00,KXBTC15M-26MAY050015-15,2026-05-05T04:15:00+00:00,yes,mushroom_v28_probability_collapse_full,78.0,61.0,1.0,0.719229,6.077084,-0.498282,78.238855,672.0,16.0,-0.17,True,no,-0.78,-0.61
live_v28_collapse_sigma_drawdown_suppress_shadow,2026-05-07T01:39:26.563993+00:00,2026-05-05T04:08:43.276675+00:00,KXBTC15M-26MAY050015-15,2026-05-05T04:15:00+00:00,yes,mushroom_v28_probability_collapse_full,78.0,62.0,1.0,0.707212,7.27877,-0.477027,76.431709,110.0,16.0,-0.16,True,no,-0.78,-0.62
live_v28_collapse_sigma_drawdown_suppress_shadow,2026-05-07T01:39:26.563993+00:00,2026-05-05T04:08:44.273886+00:00,KXBTC15M-26MAY050015-15,2026-05-05T04:15:00+00:00,yes,mushroom_v28_probability_collapse_full,78.0,60.0,1.0,0.706089,7.391087,-0.473798,76.33,125.0,16.0,-0.18,True,no,-0.78,-0.6000000000000001
live_v28_collapse_sigma_drawdown_suppress_shadow,2026-05-07T01:39:26.563993+00:00,2026-05-05T04:08:45.275119+00:00,KXBTC15M-26MAY050015-15,2026-05-05T04:15:00+00:00,yes,mushroom_v28_probability_collapse_full,78.0,60.0,1.0,0.706315,7.36854,-0.474429,76.228434,1125.0,16.0,-0.18,True,no,-0.78,-0.6000000000000001
live_v28_collapse_sigma_drawdown_suppress_shadow,2026-05-07T01:39:26.563993+00:00,2026-05-05T04:08:47.274105+00:00,KXBTC15M-26MAY050015-15,2026-05-05T04:15:00+00:00,yes,mushroom_v28_probability_collapse_full,78.0,59.0,1.0,0.710931,6.90694,-0.47958,76.024914,47.0,16.0,-0.19,True,no,-0.78,-0.5900000000000001
live_v28_collapse_sigma_drawdown_suppress_shadow,2026-05-07T01:39:26.563993+00:00,2026-05-05T04:08:48.278181+00:00,KXBTC15M-26MAY050015-15,2026-05-05T04:15:00+00:00,yes,mushroom_v28_probability_collapse_full,78.0,62.0,1.0,0.711163,6.883685,-0.480225,75.922689,1047.0,16.0,-0.16,True,no,-0.78,-0.62
live_v28_collapse_sigma_drawdown_suppress_shadow,2026-05-07T01:39:26.563993+00:00,2026-05-05T04:08:53.264862+00:00,KXBTC15M-26MAY050015-15,2026-05-05T04:15:00+00:00,yes,mushroom_v28_probability_collapse_full,78.0,60.0,1.0,0.71233,6.767019,-0.483481,75.411472,594.0,16.0,-0.18,True,no,-0.78,-0.6000000000000001
live_v28_collapse_sigma_drawdown_suppress_shadow,2026-05-07T01:39:26.563993+00:00,2026-05-05T04:08:54.269096+00:00,KXBTC15M-26MAY050015-15,2026-05-05T04:15:00+00:00,yes,mushroom_v28_probability_collapse_full,78.0,61.0,1.0,0.690015,8.998499,-0.441404,75.305154,860.0,0.0,-0.17,True,no,-0.78,-0.61
live_v28_collapse_sigma_drawdown_suppress_shadow,2026-05-07T01:39:26.563993+00:00,2026-05-05T04:08:57.275111+00:00,KXBTC15M-26MAY050015-15,2026-05-05T04:15:00+00:00,yes,mushroom_v28_probability_collapse_full,78.0,64.0,1.0,0.714821,6.517857,-0.49061,74.998544,688.0,47.0,-0.14,True,no,-0.78,-0.64
live_v28_collapse_sigma_drawdown_suppress_shadow,2026-05-07T01:39:26.563993+00:00,2026-05-05T04:09:00.268676+00:00,KXBTC15M-26MAY050015-15,2026-05-05T04:15:00+00:00,yes,mushroom_v28_probability_collapse_full,78.0,62.0,1.0,0.695877,8.412283,-0.437879,74.358447,94.0,16.0,-0.16,True,no,-0.78,-0.62
live_v28_collapse_sigma_drawdown_suppress_shadow,2026-05-07T01:39:26.563993+00:00,2026-05-05T04:09:01.275002+00:00,KXBTC15M-26MAY050015-15,2026-05-05T04:15:00+00:00,yes,mushroom_v28_probability_collapse_full,78.0,61.0,1.0,0.696099,8.390071,-0.438493,74.254367,1094.0,47.0,-0.17,True,no,-0.78,-0.61
live_v28_collapse_sigma_drawdown_suppress_shadow,2026-05-07T01:39:26.563993+00:00,2026-05-05T04:09:09.273906+00:00,KXBTC15M-26MAY050015-15,2026-05-05T04:15:00+00:00,yes,mushroom_v28_probability_collapse_full,78.0,54.0,1.0,0.679752,10.024833,-0.406848,73.123207,235.0,16.0,-0.24,True,no,-0.78,-0.54
live_v28_collapse_sigma_drawdown_suppress_shadow,2026-05-07T01:39:26.563993+00:00,2026-05-05T13:34:47.161159+00:00,KXBTC15M-26MAY050945-45,2026-05-05T13:45:00+00:00,no,mushroom_v28_probability_collapse_full,59.0,51.0,2.0,0.66917,-7.916983,0.396683,112.684535,359.0,62.0,-0.16,True,no,0.82,0.98
live_v28_collapse_sigma_drawdown_suppress_shadow,2026-05-07T01:39:26.563993+00:00,2026-05-05T13:54:51.846777+00:00,KXBTC15M-26MAY051000-00,2026-05-05T14:00:00+00:00,yes,mushroom_v28_probability_collapse_full,84.0,58.0,4.0,0.71453,12.546998,-0.471281,80.482736,234.0,0.0,-1.04,True,no,-3.36,-2.32
live_v28_collapse_sigma_drawdown_suppress_shadow,2026-05-07T01:39:26.563993+00:00,2026-05-05T20:07:47.807204+00:00,KXBTC15M-26MAY051615-15,2026-05-05T20:15:00+00:00,no,mushroom_v28_probability_collapse_full,79.0,65.0,2.0,0.691887,9.811335,0.435184,90.892525,610.0,16.0,-0.28,True,yes,-1.58,-1.3
live_v28_collapse_sigma_drawdown_suppress_shadow,2026-05-07T01:39:26.563993+00:00,2026-05-06T03:08:37.213344+00:00,KXBTC15M-26MAY052315-15,2026-05-06T03:15:00+00:00,yes,mushroom_v28_probability_collapse_full,82.0,69.0,2.0,0.694816,12.518392,-0.468885,70.859564,0.0,78.0,-0.26,True,yes,0.36,0.62
live_v28_collapse_sigma_drawdown_suppress_shadow,2026-05-07T01:39:26.563993+00:00,2026-05-06T03:08:38.139192+00:00,KXBTC15M-26MAY052315-15,2026-05-06T03:15:00+00:00,yes,mushroom_v28_probability_collapse_full,82.0,68.0,2.0,0.694996,12.500384,-0.469453,70.773819,641.0,0.0,-0.28,True,yes,0.36,0.64
live_v28_collapse_sigma_drawdown_suppress_shadow,2026-05-07T01:39:26.563993+00:00,2026-05-06T04:51:32.499141+00:00,KXBTC15M-26MAY060100-00,2026-05-06T05:00:00+00:00,yes,mushroom_v28_probability_collapse_full,80.0,65.0,2.0,0.696928,10.307218,-0.456249,74.717997,844.0,0.0,-0.3,True,no,-1.6,-1.3
live_v28_collapse_sigma_drawdown_suppress_shadow,2026-05-07T01:39:26.563993+00:00,2026-05-06T12:16:40.626059+00:00,KXBTC15M-26MAY060830-30,2026-05-06T12:30:00+00:00,no,mushroom_v28_probability_collapse_full,55.0,52.0,2.0,0.570509,-2.05091,0.211905,124.253568,141.0,79.0,-0.06,True,yes,-1.1,-1.04
live_v28_collapse_sigma_drawdown_suppress_shadow,2026-05-07T01:39:26.563993+00:00,2026-05-06T12:54:33.869587+00:00,KXBTC15M-26MAY060900-00,2026-05-06T13:00:00+00:00,yes,mushroom_v28_probability_collapse_full,81.0,67.0,2.0,0.691475,11.852493,-0.435564,71.619812,0.0,0.0,-0.28,True,no,-1.62,-1.34
live_v28_collapse_sigma_drawdown_suppress_shadow,2026-05-07T01:39:26.563993+00:00,2026-05-07T01:07:37.844433+00:00,KXBTC15M-26MAY062115-15,2026-05-07T01:15:00+00:00,no,mushroom_v28_probability_collapse_full,78.0,58.0,2.0,0.691405,8.859537,0.462437,74.30196,15.0,15.0,-0.4,True,yes,-1.56,-1.1600000000000001
live_v28_collapse_sigma_drawdown_suppress_shadow,2026-05-07T02:02:47.756701+00:00,2026-05-07T02:02:39.227731+00:00,KXBTC15M-26MAY062215-15,2026-05-07T02:15:00+00:00,no,mushroom_v28_probability_collapse_full,75.0,65.0,2.0,0.705051,4.494903,0.496611,88.227929,1250.0,15.0,-0.2,True,no,0.5,0.7
live_v28_collapse_sigma_drawdown_suppress_shadow,2026-05-07T02:06:51.231833+00:00,2026-05-07T02:03:30.226195+00:00,KXBTC15M-26MAY062215-15,2026-05-07T02:15:00+00:00,no,mushroom_v28_probability_collapse_full,73.0,67.0,2.0,0.717627,1.237281,0.515801,85.439853,484.0,15.0,-0.12,True,no,0.54,0.66
live_v28_collapse_sigma_drawdown_suppress_shadow,2026-05-07T02:06:51.231833+00:00,2026-05-07T02:03:31.227024+00:00,KXBTC15M-26MAY062215-15,2026-05-07T02:15:00+00:00,no,mushroom_v28_probability_collapse_full,73.0,67.0,2.0,0.717741,1.225921,0.516176,85.377908,1484.0,15.0,-0.12,True,no,0.54,0.66
live_v28_collapse_sigma_drawdown_suppress_shadow,2026-05-07T03:37:48.219002+00:00,2026-05-07T03:37:09.464153+00:00,KXBTC15M-26MAY062345-45,2026-05-07T03:45:00+00:00,no,mushroom_v28_probability_collapse_full,75.0,56.0,2.0,0.635708,11.429179,0.316173,72.27051,250.0,0.0,-0.38,True,yes,-1.5,-1.12
