model,score_column,thesis,edge_floor_cents,current_all_base_markets,current_all_markets,current_all_wins,current_all_losses,current_all_accuracy,current_all_coverage,current_all_wilson95_lower,current_all_median_ask,current_all_mean_ask,current_all_p75_ask,current_all_ask_ge_95,current_all_ask_eq_100,current_all_median_seconds_to_close,current_all_entry_fee_cents,current_all_ask_cost_cents,current_all_entry_cost_cents,current_all_gross_pnl_cents,current_all_net_pnl_cents,current_all_gross_roi_on_ask,current_all_net_roi_on_cost,current_all_net_edge_per_selected_cents,current_all_net_edge_per_base_market_cents,current_all_fee_aware_break_even_accuracy,current_all_accuracy_minus_break_even,current_train_base_markets,current_train_markets,current_train_wins,current_train_losses,current_train_accuracy,current_train_coverage,current_train_wilson95_lower,current_train_median_ask,current_train_mean_ask,current_train_p75_ask,current_train_ask_ge_95,current_train_ask_eq_100,current_train_median_seconds_to_close,current_train_entry_fee_cents,current_train_ask_cost_cents,current_train_entry_cost_cents,current_train_gross_pnl_cents,current_train_net_pnl_cents,current_train_gross_roi_on_ask,current_train_net_roi_on_cost,current_train_net_edge_per_selected_cents,current_train_net_edge_per_base_market_cents,current_train_fee_aware_break_even_accuracy,current_train_accuracy_minus_break_even,current_validation_base_markets,current_validation_markets,current_validation_wins,current_validation_losses,current_validation_accuracy,current_validation_coverage,current_validation_wilson95_lower,current_validation_median_ask,current_validation_mean_ask,current_validation_p75_ask,current_validation_ask_ge_95,current_validation_ask_eq_100,current_validation_median_seconds_to_close,current_validation_entry_fee_cents,current_validation_ask_cost_cents,current_validation_entry_cost_cents,current_validation_gross_pnl_cents,current_validation_net_pnl_cents,current_validation_gross_roi_on_ask,current_validation_net_roi_on_cost,current_validation_net_edge_per_selected_cents,current_validation_net_edge_per_base_market_cents,current_validation_fee_aware_break_even_accuracy,current_validation_accuracy_minus_break_even,current_holdout_base_markets,current_holdout_markets,current_holdout_wins,current_holdout_losses,current_holdout_accuracy,current_holdout_coverage,current_holdout_wilson95_lower,current_holdout_median_ask,current_holdout_mean_ask,current_holdout_p75_ask,current_holdout_ask_ge_95,current_holdout_ask_eq_100,current_holdout_median_seconds_to_close,current_holdout_entry_fee_cents,current_holdout_ask_cost_cents,current_holdout_entry_cost_cents,current_holdout_gross_pnl_cents,current_holdout_net_pnl_cents,current_holdout_gross_roi_on_ask,current_holdout_net_roi_on_cost,current_holdout_net_edge_per_selected_cents,current_holdout_net_edge_per_base_market_cents,current_holdout_fee_aware_break_even_accuracy,current_holdout_accuracy_minus_break_even,v21_all_base_markets,v21_all_markets,v21_all_wins,v21_all_losses,v21_all_accuracy,v21_all_coverage,v21_all_wilson95_lower,v21_all_median_ask,v21_all_mean_ask,v21_all_p75_ask,v21_all_ask_ge_95,v21_all_ask_eq_100,v21_all_median_seconds_to_close,v21_all_entry_fee_cents,v21_all_ask_cost_cents,v21_all_entry_cost_cents,v21_all_gross_pnl_cents,v21_all_net_pnl_cents,v21_all_gross_roi_on_ask,v21_all_net_roi_on_cost,v21_all_net_edge_per_selected_cents,v21_all_net_edge_per_base_market_cents,v21_all_fee_aware_break_even_accuracy,v21_all_accuracy_minus_break_even,v21_train_base_markets,v21_train_markets,v21_train_wins,v21_train_losses,v21_train_accuracy,v21_train_coverage,v21_train_wilson95_lower,v21_train_median_ask,v21_train_mean_ask,v21_train_p75_ask,v21_train_ask_ge_95,v21_train_ask_eq_100,v21_train_median_seconds_to_close,v21_train_entry_fee_cents,v21_train_ask_cost_cents,v21_train_entry_cost_cents,v21_train_gross_pnl_cents,v21_train_net_pnl_cents,v21_train_gross_roi_on_ask,v21_train_net_roi_on_cost,v21_train_net_edge_per_selected_cents,v21_train_net_edge_per_base_market_cents,v21_train_fee_aware_break_even_accuracy,v21_train_accuracy_minus_break_even,v21_validation_base_markets,v21_validation_markets,v21_validation_wins,v21_validation_losses,v21_validation_accuracy,v21_validation_coverage,v21_validation_wilson95_lower,v21_validation_median_ask,v21_validation_mean_ask,v21_validation_p75_ask,v21_validation_ask_ge_95,v21_validation_ask_eq_100,v21_validation_median_seconds_to_close,v21_validation_entry_fee_cents,v21_validation_ask_cost_cents,v21_validation_entry_cost_cents,v21_validation_gross_pnl_cents,v21_validation_net_pnl_cents,v21_validation_gross_roi_on_ask,v21_validation_net_roi_on_cost,v21_validation_net_edge_per_selected_cents,v21_validation_net_edge_per_base_market_cents,v21_validation_fee_aware_break_even_accuracy,v21_validation_accuracy_minus_break_even,v21_holdout_base_markets,v21_holdout_markets,v21_holdout_wins,v21_holdout_losses,v21_holdout_accuracy,v21_holdout_coverage,v21_holdout_wilson95_lower,v21_holdout_median_ask,v21_holdout_mean_ask,v21_holdout_p75_ask,v21_holdout_ask_ge_95,v21_holdout_ask_eq_100,v21_holdout_median_seconds_to_close,v21_holdout_entry_fee_cents,v21_holdout_ask_cost_cents,v21_holdout_entry_cost_cents,v21_holdout_gross_pnl_cents,v21_holdout_net_pnl_cents,v21_holdout_gross_roi_on_ask,v21_holdout_net_roi_on_cost,v21_holdout_net_edge_per_selected_cents,v21_holdout_net_edge_per_base_market_cents,v21_holdout_fee_aware_break_even_accuracy,v21_holdout_accuracy_minus_break_even,combined_train_net_pnl_cents,combined_all_net_pnl_cents,min_train_coverage,min_oos_coverage,min_all_coverage,strict_80_oos_coverage_pass,loose_75_oos_coverage_pass,both_oos_positive,both_all_positive,train_selected,train_selection_used_strict_80
book,book_p_side,market-implied terminal probability,-5.0,295,294,171,123,0.5816326530612245,0.9966101694915255,0.5245478655756914,56.0,57.76190476190476,61.0,0,0,867.922,585.0,16982.0,17567.0,118.0,-467.0,0.006948533741608762,-0.026583935788694713,-1.58843537414966,-1.583050847457627,0.597517006802721,-0.01588435374149655,177,177,111,66,0.6271186440677966,1.0,0.5538877369807071,56.0,57.45762711864407,60.0,0,0,867.699,353.0,10170.0,10523.0,930.0,577.0,0.09144542772861357,0.05483227216573221,3.2598870056497176,3.2598870056497176,0.5945197740112994,0.0325988700564972,59,58,27,31,0.46551724137931033,0.9830508474576272,0.34332022325286254,55.0,57.48275862068966,61.0,0,0,866.6075,116.0,3334.0,3450.0,-634.0,-750.0,-0.19016196760647872,-0.21739130434782608,-12.931034482758621,-12.711864406779661,0.5948275862068966,-0.12931034482758624,59,59,33,26,0.559322033898305,1.0,0.4328935482915867,57.0,58.94915254237288,61.5,0,0,869.782,116.0,3478.0,3594.0,-178.0,-294.0,-0.05117883841288096,-0.08180300500834725,-4.983050847457627,-4.983050847457627,0.6091525423728813,-0.04983050847457626,221,221,131,90,0.5927601809954751,1.0,0.5269351794929911,56.0,57.71493212669683,61.0,0,0,872.013388,439.0,12755.0,13194.0,345.0,-94.0,0.027048216385731086,-0.007124450507806579,-0.4253393665158371,-0.4253393665158371,0.5970135746606334,-0.0042533936651583115,132,132,75,57,0.5681818181818182,1.0,0.48293502754942846,56.0,57.916666666666664,61.0,0,0,871.844981,262.0,7645.0,7907.0,-145.0,-407.0,-0.01896664486592544,-0.051473378019476414,-3.0833333333333335,-3.0833333333333335,0.5990151515151516,-0.03083333333333338,44,44,27,17,0.6136363636363636,1.0,0.4662357539237828,55.0,56.47727272727273,60.0,0,0,872.9999475,88.0,2485.0,2573.0,215.0,127.0,0.08651911468812877,0.049358725223474544,2.8863636363636362,2.8863636363636362,0.5847727272727273,0.028863636363636314,45,45,29,16,0.6444444444444445,1.0,0.4983581419637688,55.0,58.333333333333336,61.0,0,0,872.199887,89.0,2625.0,2714.0,275.0,186.0,0.10476190476190476,0.06853352984524687,4.133333333333334,4.133333333333334,0.6031111111111112,0.04133333333333333,170.0,-561.0,1.0,0.9830508474576272,0.9966101694915255,True,True,False,False,True,True
brownian15,brownian_p_rv_15m,realized-vol terminal Brownian prior,-20.0,295,294,147,147,0.5,0.9966101694915255,0.44321606038520217,53.0,52.98979591836735,59.0,0,0,867.6645,584.0,15579.0,16163.0,-879.0,-1463.0,-0.05642210668207202,-0.09051537462104807,-4.976190476190476,-4.959322033898305,0.5497619047619048,-0.049761904761904785,177,177,95,82,0.536723163841808,1.0,0.4632623072340902,53.0,53.333333333333336,59.0,0,0,867.63,352.0,9440.0,9792.0,60.0,-292.0,0.006355932203389831,-0.0298202614379085,-1.6497175141242937,-1.6497175141242937,0.5532203389830509,-0.016497175141242937,59,58,22,36,0.3793103448275862,0.9830508474576272,0.26564272677287576,51.5,51.51724137931034,56.75,0,0,866.4925000000001,116.0,2988.0,3104.0,-788.0,-904.0,-0.2637215528781794,-0.2912371134020619,-15.586206896551724,-15.322033898305085,0.5351724137931034,-0.15586206896551724,59,59,30,29,0.5084745762711864,1.0,0.3843514305938966,51.0,53.40677966101695,60.0,0,0,869.782,116.0,3151.0,3267.0,-151.0,-267.0,-0.04792129482703904,-0.08172635445362718,-4.52542372881356,-4.52542372881356,0.553728813559322,-0.0452542372881356,221,220,136,84,0.6181818181818182,0.995475113122172,0.5524763380495339,52.0,52.93181818181818,59.0,0,0,872.007177,437.0,11645.0,12082.0,1955.0,1518.0,0.1678832116788321,0.12564145009104452,6.9,6.868778280542986,0.5491818181818181,0.06900000000000006,132,131,83,48,0.6335877862595419,0.9924242424242424,0.5483679187154883,52.0,52.44274809160305,59.0,0,0,871.474947,260.0,6870.0,7130.0,1430.0,1170.0,0.2081513828238719,0.1640953716690042,8.931297709923664,8.863636363636363,0.5442748091603055,0.08931297709923647,44,44,24,20,0.5454545454545454,1.0,0.40066183198961974,53.5,53.77272727272727,59.25,0,0,872.9999475,88.0,2366.0,2454.0,34.0,-54.0,0.014370245139475908,-0.022004889975550123,-1.2272727272727273,-1.2272727272727273,0.5577272727272726,-0.012272727272727213,45,45,29,16,0.6444444444444445,1.0,0.4983581419637688,53.0,53.53333333333333,59.0,0,0,872.199887,89.0,2409.0,2498.0,491.0,402.0,0.2038190120381901,0.16092874299439552,8.933333333333334,8.933333333333334,0.5551111111111111,0.08933333333333338,878.0,55.0,0.9924242424242424,0.9830508474576272,0.995475113122172,True,True,False,False,True,True
min_book_rv15,score_min_book_rv15,"conservative min(book, Brownian) prior",-10.0,295,294,176,118,0.5986394557823129,0.9966101694915255,0.5416847140162149,55.0,57.40816326530612,61.0,0,0,861.1600000000001,582.0,16878.0,17460.0,722.0,140.0,0.042777580282023935,0.008018327605956471,0.47619047619047616,0.4745762711864407,0.5938775510204082,0.004761904761904745,177,177,111,66,0.6271186440677966,1.0,0.5538877369807071,55.0,57.23728813559322,60.0,0,0,862.02,349.0,10131.0,10480.0,969.0,620.0,0.0956470239857862,0.05916030534351145,3.5028248587570623,3.5028248587570623,0.592090395480226,0.03502824858757059,59,58,30,28,0.5172413793103449,0.9830508474576272,0.39162261783409474,55.0,57.05172413793103,60.75,0,0,860.582,116.0,3309.0,3425.0,-309.0,-425.0,-0.09338168631006347,-0.12408759124087591,-7.327586206896552,-7.203389830508475,0.5905172413793104,-0.07327586206896552,59,59,35,24,0.5932203389830508,1.0,0.46593401255337386,57.0,58.271186440677965,62.0,0,0,860.214,117.0,3438.0,3555.0,62.0,-55.0,0.018033740546829553,-0.015471167369901548,-0.9322033898305084,-0.9322033898305084,0.602542372881356,-0.009322033898305215,221,219,137,82,0.6255707762557078,0.9909502262443439,0.559825460441672,55.0,57.009132420091326,61.0,0,0,865.153079,432.0,12485.0,12917.0,1215.0,783.0,0.09731678013616339,0.06061779050863204,3.5753424657534247,3.5429864253393664,0.5898173515981736,0.03575342465753417,132,131,81,50,0.6183206106870229,0.9924242424242424,0.5328845682964198,55.0,57.229007633587784,61.0,0,0,865.153079,258.0,7497.0,7755.0,603.0,345.0,0.08043217286914765,0.04448742746615087,2.633587786259542,2.6136363636363638,0.5919847328244275,0.02633587786259539,44,44,26,18,0.5909090909090909,1.0,0.444097537410319,54.5,55.68181818181818,60.0,0,0,872.459119,88.0,2450.0,2538.0,150.0,62.0,0.061224489795918366,0.02442868400315209,1.4090909090909092,1.4090909090909092,0.5768181818181817,0.014090909090909265,45,44,30,14,0.6818181818181818,0.9777777777777777,0.5344310393781776,54.0,57.68181818181818,60.25,0,0,862.5918105000001,86.0,2538.0,2624.0,462.0,376.0,0.18203309692671396,0.14329268292682926,8.545454545454545,8.355555555555556,0.5963636363636363,0.08545454545454545,965.0,923.0,0.9924242424242424,0.9777777777777777,0.9909502262443439,True,True,False,True,True,True
mean_book_rv15,score_mean_book_rv15,simple book/Brownian terminal average,-5.0,295,293,176,117,0.6006825938566553,0.9932203389830508,0.5436500158382964,55.0,57.6518771331058,62.0,0,0,858.31,578.0,16892.0,17470.0,708.0,130.0,0.04191333175467677,0.007441327990841442,0.44368600682593856,0.4406779661016949,0.5962457337883958,0.004436860068259496,177,176,111,65,0.6306818181818182,0.9943502824858758,0.5572995579538973,55.0,57.4375,61.0,0,0,859.7075,347.0,10109.0,10456.0,991.0,644.0,0.09803145711742012,0.061591430757459834,3.659090909090909,3.638418079096045,0.5940909090909091,0.03659090909090912,59,58,30,28,0.5172413793103449,0.9830508474576272,0.39162261783409474,54.5,58.10344827586207,62.75,0,0,854.904,115.0,3370.0,3485.0,-370.0,-485.0,-0.10979228486646884,-0.13916786226685796,-8.362068965517242,-8.220338983050848,0.6008620689655173,-0.08362068965517244,59,59,35,24,0.5932203389830508,1.0,0.46593401255337386,55.0,57.847457627118644,64.0,0,0,854.831,116.0,3413.0,3529.0,87.0,-29.0,0.025490770583064752,-0.00821762538962879,-0.4915254237288136,-0.4915254237288136,0.5981355932203389,-0.004915254237288114,221,218,141,77,0.6467889908256881,0.9864253393665159,0.5812995085054106,55.0,57.00917431192661,60.75,0,0,862.2155975000001,429.0,12428.0,12857.0,1672.0,1243.0,0.13453492114579982,0.0966788519872443,5.701834862385321,5.624434389140271,0.5897706422018348,0.05701834862385324,132,130,83,47,0.6384615384615384,0.9848484848484849,0.5529955827585961,55.0,57.276923076923076,61.0,0,0,861.0345145,255.0,7446.0,7701.0,854.0,599.0,0.11469245232339512,0.07778210621997143,4.607692307692307,4.537878787878788,0.5923846153846153,0.046076923076923126,44,44,26,18,0.5909090909090909,1.0,0.444097537410319,54.5,55.43181818181818,60.0,0,0,869.0401605,88.0,2439.0,2527.0,161.0,73.0,0.06601066010660106,0.02888800949742778,1.6590909090909092,1.6590909090909092,0.5743181818181817,0.01659090909090921,45,44,32,12,0.7272727272727273,0.9777777777777777,0.581511269075488,54.5,57.79545454545455,60.25,0,0,862.3976465,86.0,2543.0,2629.0,657.0,571.0,0.2583562721195439,0.21719284899201216,12.977272727272727,12.688888888888888,0.5975,0.12977272727272726,1243.0,1373.0,0.9848484848484849,0.9777777777777777,0.9864253393665159,True,True,False,True,True,True
hazard_discounted_mean15,hazard_discounted_mean_15,terminal confidence discounted by touch risk,-30.0,295,294,172,122,0.5850340136054422,0.9966101694915255,0.5279697970258773,55.0,56.92857142857143,61.0,0,0,860.9014999999999,583.0,16737.0,17320.0,463.0,-120.0,0.027663261038417878,-0.006928406466512702,-0.40816326530612246,-0.4067796610169492,0.5891156462585033,-0.004081632653061162,177,177,109,68,0.615819209039548,1.0,0.542424887668495,55.0,56.621468926553675,60.0,0,0,861.771,351.0,10022.0,10373.0,878.0,527.0,0.08760726401915785,0.05080497445290658,2.977401129943503,2.977401129943503,0.5860451977401131,0.02977401129943491,59,58,28,30,0.4827586206896552,0.9830508474576272,0.35928185424055004,54.0,57.05172413793103,61.0,0,0,859.1055,116.0,3309.0,3425.0,-509.0,-625.0,-0.1538229072227259,-0.18248175182481752,-10.775862068965518,-10.59322033898305,0.5905172413793104,-0.1077586206896552,59,59,35,24,0.5932203389830508,1.0,0.46593401255337386,55.0,57.728813559322035,62.0,0,0,860.285,116.0,3406.0,3522.0,94.0,-22.0,0.02759835584263065,-0.006246450880181715,-0.3728813559322034,-0.3728813559322034,0.596949152542373,-0.003728813559322197,221,219,141,78,0.6438356164383562,0.9909502262443439,0.5784344236231485,55.0,56.65296803652968,61.0,0,0,863.512777,435.0,12407.0,12842.0,1693.0,1258.0,0.13645522688804707,0.0979598193427815,5.744292237442922,5.6923076923076925,0.586392694063927,0.05744292237442916,132,131,87,44,0.6641221374045801,0.9924242424242424,0.5795924913457884,55.0,56.80152671755725,61.0,0,0,862.605709,260.0,7441.0,7701.0,1259.0,999.0,0.1691976884827308,0.12972341254382547,7.625954198473282,7.568181818181818,0.5878625954198473,0.07625954198473284,44,44,25,19,0.5681818181818182,1.0,0.4222414699362943,54.5,55.61363636363637,60.0,0,0,872.459119,88.0,2447.0,2535.0,53.0,-35.0,0.021659174499387004,-0.013806706114398421,-0.7954545454545454,-0.7954545454545454,0.5761363636363636,-0.007954545454545325,45,44,29,15,0.6590909090909091,0.9777777777777777,0.5113914121793824,54.0,57.25,60.25,0,0,862.5918105000001,87.0,2519.0,2606.0,381.0,294.0,0.15125049622866216,0.1128165771297007,6.681818181818182,6.533333333333333,0.5922727272727273,0.06681818181818178,1526.0,1138.0,0.9924242424242424,0.9777777777777777,0.9909502262443439,True,True,False,False,True,True
book_hazard_50_50,blend_book_hazard_50_50,equal mix of book terminal and first-passage survival,-15.0,295,293,182,111,0.621160409556314,0.9932203389830508,0.5643859090894588,57.0,59.27645051194539,65.0,0,0,839.94,580.0,17368.0,17948.0,832.0,252.0,0.04790419161676647,0.014040561622464899,0.8600682593856656,0.8542372881355932,0.6125597269624574,0.008600682593856601,177,176,112,64,0.6363636363636364,0.9943502824858758,0.5630850284080872,57.0,58.47159090909091,63.0,0,0,853.287,349.0,10291.0,10640.0,909.0,560.0,0.08832960839568554,0.05263157894736842,3.1818181818181817,3.1638418079096047,0.6045454545454545,0.03181818181818186,59,58,31,27,0.5344827586206896,0.9830508474576272,0.408001750439952,56.0,59.39655172413793,67.5,0,0,837.6600000000001,115.0,3445.0,3560.0,-345.0,-460.0,-0.10014513788098693,-0.12921348314606743,-7.931034482758621,-7.796610169491525,0.6137931034482759,-0.07931034482758625,59,59,39,20,0.6610169491525424,1.0,0.5337247056692838,60.0,61.559322033898304,68.0,0,0,836.028,116.0,3632.0,3748.0,268.0,152.0,0.07378854625550661,0.04055496264674493,2.5762711864406778,2.5762711864406778,0.6352542372881356,0.025762711864406818,221,219,143,76,0.6529680365296804,0.9909502262443439,0.587775377877362,57.0,58.56164383561644,63.0,0,0,857.453056,435.0,12825.0,13260.0,1475.0,1040.0,0.11500974658869395,0.0784313725490196,4.748858447488584,4.705882352941177,0.6054794520547945,0.04748858447488591,132,131,86,45,0.6564885496183206,0.9924242424242424,0.5717533635235359,57.0,58.62595419847328,63.0,0,0,857.913972,260.0,7680.0,7940.0,920.0,660.0,0.11979166666666667,0.08312342569269521,5.038167938931298,5.0,0.6061068702290077,0.05038167938931293,44,44,25,19,0.5681818181818182,1.0,0.4222414699362943,56.0,57.13636363636363,62.0,0,0,858.9080624999999,88.0,2514.0,2602.0,-14.0,-102.0,-0.005568814638027049,-0.03920061491160646,-2.3181818181818183,-2.3181818181818183,0.5913636363636363,-0.02318181818181808,45,44,32,12,0.7272727272727273,0.9777777777777777,0.581511269075488,57.0,59.79545454545455,66.25,0,0,839.7277905000001,87.0,2631.0,2718.0,569.0,482.0,0.21626757886735082,0.17733627667402502,10.954545454545455,10.71111111111111,0.6177272727272727,0.10954545454545461,1220.0,1292.0,0.9924242424242424,0.9777777777777777,0.9909502262443439,True,True,False,True,True,True
book_hazard_70_30,blend_book_hazard_70_30,book-heavy first-passage blend,-10.0,295,293,180,113,0.6143344709897611,0.9932203389830508,0.5574626500618481,58.0,59.617747440273035,65.0,0,0,838.917,580.0,17468.0,18048.0,532.0,-48.0,0.030455690405312572,-0.0026595744680851063,-0.16382252559726962,-0.16271186440677965,0.6159726962457338,-0.0016382252559726806,177,176,114,62,0.6477272727272727,0.9943502824858758,0.5746871055841025,57.0,58.75,63.0,0,0,849.233,349.0,10340.0,10689.0,1060.0,711.0,0.10251450676982592,0.06651698007297221,4.0397727272727275,4.016949152542373,0.6073295454545454,0.04039772727272728,59,58,30,28,0.5172413793103449,0.9830508474576272,0.39162261783409474,57.5,59.775862068965516,68.0,0,0,836.7950000000001,115.0,3467.0,3582.0,-467.0,-582.0,-0.13469858667435824,-0.1624790619765494,-10.03448275862069,-9.864406779661017,0.6175862068965517,-0.10034482758620689,59,59,36,23,0.6101694915254238,1.0,0.4826634180541162,60.0,62.05084745762712,68.5,0,0,834.841,116.0,3661.0,3777.0,-61.0,-177.0,-0.01666211417645452,-0.04686258935663225,-3.0,-3.0,0.6401694915254238,-0.030000000000000027,221,219,143,76,0.6529680365296804,0.9909502262443439,0.587775377877362,58.0,59.23744292237443,63.0,0,0,839.93917,434.0,12973.0,13407.0,1327.0,893.0,0.10228937023047868,0.0666069963451928,4.077625570776256,4.040723981900452,0.6121917808219178,0.040776255707762554,132,131,87,44,0.6641221374045801,0.9924242424242424,0.5795924913457884,58.0,59.35114503816794,63.5,0,0,839.895933,260.0,7775.0,8035.0,925.0,665.0,0.1189710610932476,0.08276291225886745,5.076335877862595,5.037878787878788,0.6133587786259541,0.05076335877862603,44,44,23,21,0.5227272727272727,1.0,0.3793546556062164,57.0,57.56818181818182,62.0,0,0,857.310826,88.0,2533.0,2621.0,-233.0,-321.0,-0.09198578760363206,-0.12247233880198398,-7.295454545454546,-7.295454545454546,0.5956818181818181,-0.07295454545454538,45,44,33,11,0.75,0.9777777777777777,0.6055943364104085,57.0,60.56818181818182,67.25,0,0,839.7277905000001,86.0,2665.0,2751.0,635.0,549.0,0.23827392120075047,0.19956379498364232,12.477272727272727,12.2,0.6252272727272726,0.12477272727272737,1376.0,845.0,0.9924242424242424,0.9777777777777777,0.9909502262443439,True,True,False,False,True,True
book_hazard_30_70,blend_book_hazard_30_70,hazard-heavy first-passage blend,-20.0,295,293,179,114,0.6109215017064846,0.9932203389830508,0.5540052761551176,57.0,58.86689419795222,64.0,0,0,849.001,580.0,17248.0,17828.0,652.0,72.0,0.03780148423005566,0.004038590980480144,0.24573378839590443,0.2440677966101695,0.6084641638225255,0.0024573378839590765,177,176,111,65,0.6306818181818182,0.9943502824858758,0.5572995579538973,57.0,58.21590909090909,62.25,0,0,854.1045,349.0,10246.0,10595.0,854.0,505.0,0.0833495998438415,0.04766399244926852,2.8693181818181817,2.853107344632768,0.6019886363636363,0.028693181818181923,59,58,30,28,0.5172413793103449,0.9830508474576272,0.39162261783409474,55.0,58.741379310344826,65.75,0,0,839.1935000000001,115.0,3407.0,3522.0,-407.0,-522.0,-0.11945993542706193,-0.14821124361158433,-9.0,-8.847457627118644,0.6072413793103449,-0.09000000000000008,59,59,38,21,0.6440677966101694,1.0,0.5165549598185499,58.0,60.932203389830505,68.0,0,0,836.219,116.0,3595.0,3711.0,205.0,89.0,0.05702364394993046,0.0239827539746699,1.5084745762711864,1.5084745762711864,0.6289830508474578,0.015084745762711682,221,219,141,78,0.6438356164383562,0.9909502262443439,0.5784344236231485,56.0,58.018264840182646,63.0,0,0,860.642572,435.0,12706.0,13141.0,1394.0,959.0,0.10971194711160082,0.07297770337112854,4.378995433789954,4.339366515837104,0.6000456621004567,0.04378995433789945,132,131,85,46,0.648854961832061,0.9924242424242424,0.563936441087627,56.0,57.97709923664122,63.0,0,0,860.642572,260.0,7595.0,7855.0,905.0,645.0,0.11915734035549704,0.08211330362826226,4.923664122137405,4.886363636363637,0.5996183206106871,0.049236641221373945,44,44,24,20,0.5454545454545454,1.0,0.40066183198961974,56.0,56.54545454545455,61.25,0,0,862.930155,88.0,2488.0,2576.0,-88.0,-176.0,-0.03536977491961415,-0.06832298136645963,-4.0,-4.0,0.5854545454545453,-0.039999999999999925,45,44,32,12,0.7272727272727273,0.9777777777777777,0.581511269075488,57.0,59.61363636363637,66.25,0,0,857.822981,87.0,2623.0,2710.0,577.0,490.0,0.21997712542889822,0.18081180811808117,11.136363636363637,10.88888888888889,0.615909090909091,0.11136363636363633,1150.0,1031.0,0.9924242424242424,0.9777777777777777,0.9909502262443439,True,True,False,True,True,True
book_rv_hazard_mean,blend_book_rv_hazard_mean,"mean of book, Brownian terminal, and touch hazard",-15.0,295,294,175,119,0.5952380952380952,0.9966101694915255,0.5382518856437118,55.0,57.204081632653065,60.75,0,0,862.6305,583.0,16818.0,17401.0,682.0,99.0,0.04055178974907837,0.005689328199528763,0.336734693877551,0.33559322033898303,0.5918707482993198,0.003367346938775384,177,177,109,68,0.615819209039548,1.0,0.542424887668495,55.0,56.994350282485875,60.0,0,0,862.69,351.0,10088.0,10439.0,812.0,461.0,0.08049167327517844,0.04416131813392087,2.6045197740112993,2.6045197740112993,0.5897740112994351,0.026045197740112935,59,58,30,28,0.5172413793103449,0.9830508474576272,0.39162261783409474,55.0,57.05172413793103,59.75,0,0,860.9549999999999,116.0,3309.0,3425.0,-309.0,-425.0,-0.09338168631006347,-0.12408759124087591,-7.327586206896552,-7.203389830508475,0.5905172413793103,-0.07327586206896541,59,59,36,23,0.6101694915254238,1.0,0.4826634180541162,57.0,57.983050847457626,61.0,0,0,865.286,116.0,3421.0,3537.0,179.0,63.0,0.052323881905875474,0.017811704834605598,1.0677966101694916,1.0677966101694916,0.5994915254237289,0.010677966101694913,221,220,137,83,0.6227272727272727,0.995475113122172,0.5570889798419726,55.0,56.82272727272727,61.0,0,0,865.7277744999999,437.0,12501.0,12938.0,1199.0,762.0,0.0959123270138389,0.05889627454011439,3.463636363636364,3.4479638009049776,0.5880909090909092,0.034636363636363465,132,131,81,50,0.6183206106870229,0.9924242424242424,0.5328845682964198,56.0,57.02290076335878,61.0,0,0,865.751236,260.0,7470.0,7730.0,630.0,370.0,0.08433734939759036,0.047865459249676584,2.8244274809160306,2.803030303030303,0.5900763358778627,0.028244274809160252,44,44,26,18,0.5909090909090909,1.0,0.444097537410319,54.5,55.68181818181818,60.0,0,0,872.692867,88.0,2450.0,2538.0,150.0,62.0,0.061224489795918366,0.02442868400315209,1.4090909090909092,1.4090909090909092,0.5768181818181817,0.014090909090909265,45,45,30,15,0.6666666666666666,1.0,0.5207048830990042,54.0,57.355555555555554,60.0,0,0,862.904542,89.0,2581.0,2670.0,419.0,330.0,0.162340178225494,0.12359550561797752,7.333333333333333,7.333333333333333,0.5933333333333333,0.07333333333333336,831.0,861.0,0.9924242424242424,0.9830508474576272,0.995475113122172,True,True,False,True,True,True
book_rv_hazard_min,blend_book_rv_hazard_min,worst-case consensus across book/Brownian/hazard,-30.0,295,294,172,122,0.5850340136054422,0.9966101694915255,0.5279697970258773,55.0,56.92857142857143,61.0,0,0,860.9014999999999,583.0,16737.0,17320.0,463.0,-120.0,0.027663261038417878,-0.006928406466512702,-0.40816326530612246,-0.4067796610169492,0.5891156462585033,-0.004081632653061162,177,177,109,68,0.615819209039548,1.0,0.542424887668495,55.0,56.621468926553675,60.0,0,0,861.771,351.0,10022.0,10373.0,878.0,527.0,0.08760726401915785,0.05080497445290658,2.977401129943503,2.977401129943503,0.5860451977401131,0.02977401129943491,59,58,28,30,0.4827586206896552,0.9830508474576272,0.35928185424055004,54.0,57.05172413793103,61.0,0,0,859.1055,116.0,3309.0,3425.0,-509.0,-625.0,-0.1538229072227259,-0.18248175182481752,-10.775862068965518,-10.59322033898305,0.5905172413793104,-0.1077586206896552,59,59,35,24,0.5932203389830508,1.0,0.46593401255337386,55.0,57.728813559322035,62.0,0,0,860.285,116.0,3406.0,3522.0,94.0,-22.0,0.02759835584263065,-0.006246450880181715,-0.3728813559322034,-0.3728813559322034,0.596949152542373,-0.003728813559322197,221,219,141,78,0.6438356164383562,0.9909502262443439,0.5784344236231485,55.0,56.65296803652968,61.0,0,0,863.512777,435.0,12407.0,12842.0,1693.0,1258.0,0.13645522688804707,0.0979598193427815,5.744292237442922,5.6923076923076925,0.586392694063927,0.05744292237442916,132,131,87,44,0.6641221374045801,0.9924242424242424,0.5795924913457884,55.0,56.80152671755725,61.0,0,0,862.605709,260.0,7441.0,7701.0,1259.0,999.0,0.1691976884827308,0.12972341254382547,7.625954198473282,7.568181818181818,0.5878625954198473,0.07625954198473284,44,44,25,19,0.5681818181818182,1.0,0.4222414699362943,54.5,55.61363636363637,60.0,0,0,872.459119,88.0,2447.0,2535.0,53.0,-35.0,0.021659174499387004,-0.013806706114398421,-0.7954545454545454,-0.7954545454545454,0.5761363636363636,-0.007954545454545325,45,44,29,15,0.6590909090909091,0.9777777777777777,0.5113914121793824,54.0,57.25,60.25,0,0,862.5918105000001,87.0,2519.0,2606.0,381.0,294.0,0.15125049622866216,0.1128165771297007,6.681818181818182,6.533333333333333,0.5922727272727273,0.06681818181818178,1526.0,1138.0,0.9924242424242424,0.9777777777777777,0.9909502262443439,True,True,False,False,True,True
mean_minus_half_disagreement,blend_mean_minus_half_disagreement,consensus mean penalized by half prior disagreement,-20.0,295,294,175,119,0.5952380952380952,0.9966101694915255,0.5382518856437118,55.0,57.02040816326531,61.0,0,0,861.5865,583.0,16764.0,17347.0,736.0,153.0,0.04390360295872107,0.008819968870698103,0.5204081632653061,0.5186440677966102,0.5900340136054422,0.005204081632653068,177,177,110,67,0.6214689265536724,1.0,0.5481513337173403,55.0,56.80225988700565,60.0,0,0,862.02,351.0,10054.0,10405.0,946.0,595.0,0.09409190371991247,0.05718404613166747,3.361581920903955,3.361581920903955,0.5878531073446328,0.033615819209039555,59,58,30,28,0.5172413793103449,0.9830508474576272,0.39162261783409474,54.5,57.01724137931034,60.75,0,0,860.582,116.0,3307.0,3423.0,-307.0,-423.0,-0.09283338373147867,-0.12357581069237511,-7.293103448275862,-7.169491525423729,0.5901724137931034,-0.0729310344827585,59,59,35,24,0.5932203389830508,1.0,0.46593401255337386,57.0,57.67796610169491,62.0,0,0,861.803,116.0,3403.0,3519.0,97.0,-19.0,0.02850426094622392,-0.005399261153736857,-0.3220338983050847,-0.3220338983050847,0.5964406779661018,-0.0032203389830509632,221,219,140,79,0.639269406392694,0.9909502262443439,0.5737731393801101,55.0,56.63926940639269,60.5,0,0,864.799783,435.0,12404.0,12839.0,1596.0,1161.0,0.12866817155756208,0.09042760339590311,5.301369863013699,5.253393665158371,0.586255707762557,0.05301369863013705,132,131,85,46,0.648854961832061,0.9924242424242424,0.563936441087627,55.0,56.732824427480914,61.0,0,0,864.423203,260.0,7432.0,7692.0,1068.0,808.0,0.14370290635091496,0.10504420176807072,6.1679389312977095,6.121212121212121,0.587175572519084,0.06167938931297701,44,44,25,19,0.5681818181818182,1.0,0.4222414699362943,54.5,55.61363636363637,60.0,0,0,872.459119,88.0,2447.0,2535.0,53.0,-35.0,0.021659174499387004,-0.013806706114398421,-0.7954545454545454,-0.7954545454545454,0.5761363636363636,-0.007954545454545325,45,44,30,14,0.6818181818181818,0.9777777777777777,0.5344310393781776,54.0,57.38636363636363,60.25,0,0,862.7776180000001,87.0,2525.0,2612.0,475.0,388.0,0.18811881188118812,0.14854517611026033,8.818181818181818,8.622222222222222,0.5936363636363636,0.08818181818181814,1403.0,1314.0,0.9924242424242424,0.9777777777777777,0.9909502262443439,True,True,False,True,True,True
mean_minus_disagreement,blend_mean_minus_disagreement,consensus mean penalized by full prior disagreement,-30.0,295,294,171,123,0.5816326530612245,0.9966101694915255,0.5245478655756914,56.0,57.12244897959184,61.0,0,0,866.466,583.0,16794.0,17377.0,306.0,-277.0,0.01822079314040729,-0.015940611152673072,-0.9421768707482994,-0.9389830508474576,0.5910544217687074,-0.009421768707482903,177,177,106,71,0.5988700564971752,1.0,0.5253044912629219,55.0,56.67796610169491,60.0,0,0,866.535,351.0,10032.0,10383.0,568.0,217.0,0.05661881977671451,0.020899547336993163,1.2259887005649717,1.2259887005649717,0.5866101694915254,0.012259887005649728,59,58,29,29,0.5,0.9830508474576272,0.3753827301422442,55.0,57.310344827586206,61.0,0,0,864.839,116.0,3324.0,3440.0,-424.0,-540.0,-0.12755716004813478,-0.1569767441860465,-9.310344827586206,-9.152542372881356,0.593103448275862,-0.09310344827586203,59,59,36,23,0.6101694915254238,1.0,0.4826634180541162,57.0,58.271186440677965,61.0,0,0,869.315,116.0,3438.0,3554.0,162.0,46.0,0.04712041884816754,0.012943162633652222,0.7796610169491526,0.7796610169491526,0.6023728813559321,0.0077966101694916246,221,220,136,84,0.6181818181818182,0.995475113122172,0.5524763380495339,55.0,56.4,60.0,0,0,871.936421,437.0,12408.0,12845.0,1192.0,755.0,0.09606705351386202,0.05877773452705333,3.4318181818181817,3.416289592760181,0.5838636363636364,0.0343181818181818,132,131,82,49,0.6259541984732825,0.9924242424242424,0.5406157304454503,56.0,56.38167938931298,60.0,0,0,871.474947,260.0,7386.0,7646.0,814.0,554.0,0.11020850257243434,0.07245618624117185,4.229007633587786,4.196969696969697,0.5836641221374046,0.04229007633587789,44,44,25,19,0.5681818181818182,1.0,0.4222414699362943,55.0,55.65909090909091,60.0,0,0,872.9999475,88.0,2449.0,2537.0,51.0,-37.0,0.0208248264597795,-0.014584154513204573,-0.8409090909090909,-0.8409090909090909,0.576590909090909,-0.00840909090909081,45,45,29,16,0.6444444444444445,1.0,0.4983581419637688,55.0,57.17777777777778,60.0,0,0,865.32514,89.0,2573.0,2662.0,327.0,238.0,0.12708900116595415,0.08940646130728776,5.288888888888889,5.288888888888889,0.5915555555555555,0.052888888888888985,771.0,478.0,0.9924242424242424,0.9830508474576272,0.995475113122172,True,True,False,False,True,True
logit_book_hazard_mean,blend_logit_book_hazard_mean,geometric/logit pooling of book and hazard,-30.0,295,294,176,118,0.5986394557823129,0.9966101694915255,0.5416847140162149,56.0,57.465986394557824,61.0,0,0,867.922,585.0,16895.0,17480.0,705.0,120.0,0.04172832198875407,0.006864988558352402,0.40816326530612246,0.4067796610169492,0.5945578231292518,0.004081632653061162,177,177,113,64,0.6384180790960452,1.0,0.5653907717789752,56.0,57.07909604519774,60.0,0,0,867.699,353.0,10103.0,10456.0,1197.0,844.0,0.1184796595070771,0.08071920428462127,4.768361581920904,4.768361581920904,0.5907344632768362,0.04768361581920899,59,58,28,30,0.4827586206896552,0.9830508474576272,0.35928185424055004,55.0,57.36206896551724,61.0,0,0,866.6075,116.0,3327.0,3443.0,-527.0,-643.0,-0.1584009618274722,-0.18675573627650305,-11.086206896551724,-10.898305084745763,0.5936206896551725,-0.11086206896551726,59,59,35,24,0.5932203389830508,1.0,0.46593401255337386,57.0,58.728813559322035,61.5,0,0,869.782,116.0,3465.0,3581.0,35.0,-81.0,0.010101010101010102,-0.022619380061435355,-1.3728813559322033,-1.3728813559322033,0.6069491525423729,-0.013728813559322095,221,221,141,80,0.6380090497737556,1.0,0.5727906269886035,56.0,57.171945701357465,61.0,0,0,872.013388,439.0,12635.0,13074.0,1465.0,1026.0,0.11594776414721013,0.07847636530518587,4.642533936651584,4.642533936651584,0.5915837104072398,0.04642533936651583,132,132,80,52,0.6060606060606061,1.0,0.5208382311130989,56.0,57.21969696969697,61.0,0,0,871.844981,262.0,7553.0,7815.0,447.0,185.0,0.05918178207334834,0.023672424824056303,1.4015151515151516,1.4015151515151516,0.5920454545454545,0.014015151515151536,44,44,29,15,0.6590909090909091,1.0,0.5113914121793824,55.0,56.02272727272727,60.0,0,0,872.9999475,88.0,2465.0,2553.0,435.0,347.0,0.17647058823529413,0.13591852722287504,7.886363636363637,7.886363636363637,0.5802272727272727,0.07886363636363636,45,45,32,13,0.7111111111111111,1.0,0.5663145942523843,55.0,58.15555555555556,61.0,0,0,872.199887,89.0,2617.0,2706.0,583.0,494.0,0.22277416889568208,0.18255728011825573,10.977777777777778,10.977777777777778,0.6013333333333334,0.10977777777777775,1029.0,1146.0,1.0,0.9830508474576272,0.9966101694915255,True,True,False,True,True,True
logit_book_rv_hazard_mean,blend_logit_book_rv_hazard_mean,geometric/logit pooling of all three priors,-15.0,295,294,177,117,0.6020408163265306,0.9966101694915255,0.5451202933156639,55.0,57.25170068027211,61.0,0,0,862.0319999999999,583.0,16832.0,17415.0,868.0,285.0,0.05156844106463878,0.01636520241171404,0.9693877551020408,0.9661016949152542,0.5923469387755103,0.009693877551020358,177,177,109,68,0.615819209039548,1.0,0.542424887668495,55.0,57.03389830508475,61.0,0,0,862.195,351.0,10095.0,10446.0,805.0,454.0,0.07974244675581971,0.04346161210032548,2.5649717514124295,2.5649717514124295,0.5901694915254238,0.02564971751412426,59,58,31,27,0.5344827586206896,0.9830508474576272,0.408001750439952,54.5,57.10344827586207,60.75,0,0,860.582,116.0,3312.0,3428.0,-212.0,-328.0,-0.0640096618357488,-0.09568261376896149,-5.655172413793103,-5.559322033898305,0.5910344827586206,-0.05655172413793097,59,59,37,22,0.6271186440677966,1.0,0.4995359106706382,57.0,58.05084745762712,61.5,0,0,861.803,116.0,3425.0,3541.0,275.0,159.0,0.08029197080291971,0.044902569895509746,2.694915254237288,2.694915254237288,0.6001694915254239,0.026949152542372734,221,220,140,80,0.6363636363636364,0.995475113122172,0.5709620585999775,55.0,56.85,61.0,0,0,865.471412,437.0,12507.0,12944.0,1493.0,1056.0,0.11937315103542016,0.0815822002472188,4.8,4.778280542986425,0.5883636363636363,0.04800000000000004,132,131,84,47,0.6412213740458015,0.9924242424242424,0.5561413946369288,55.0,57.030534351145036,61.0,0,0,865.556545,260.0,7471.0,7731.0,929.0,669.0,0.12434747691072146,0.08653473030655802,5.106870229007634,5.068181818181818,0.5901526717557252,0.05106870229007632,44,44,26,18,0.5909090909090909,1.0,0.444097537410319,54.5,55.68181818181818,60.0,0,0,872.692867,88.0,2450.0,2538.0,150.0,62.0,0.061224489795918366,0.02442868400315209,1.4090909090909092,1.4090909090909092,0.5768181818181817,0.014090909090909265,45,45,30,15,0.6666666666666666,1.0,0.5207048830990042,54.0,57.46666666666667,61.0,0,0,862.650694,89.0,2586.0,2675.0,414.0,325.0,0.16009280742459397,0.12149532710280374,7.222222222222222,7.222222222222222,0.5944444444444444,0.07222222222222219,1123.0,1341.0,0.9924242424242424,0.9830508474576272,0.995475113122172,True,True,False,True,True,True
scoremin_hazard_min,blend_scoremin_hazard_min,min of conservative terminal score and hazard score,-30.0,295,294,172,122,0.5850340136054422,0.9966101694915255,0.5279697970258773,55.0,56.92857142857143,61.0,0,0,860.9014999999999,583.0,16737.0,17320.0,463.0,-120.0,0.027663261038417878,-0.006928406466512702,-0.40816326530612246,-0.4067796610169492,0.5891156462585033,-0.004081632653061162,177,177,109,68,0.615819209039548,1.0,0.542424887668495,55.0,56.621468926553675,60.0,0,0,861.771,351.0,10022.0,10373.0,878.0,527.0,0.08760726401915785,0.05080497445290658,2.977401129943503,2.977401129943503,0.5860451977401131,0.02977401129943491,59,58,28,30,0.4827586206896552,0.9830508474576272,0.35928185424055004,54.0,57.05172413793103,61.0,0,0,859.1055,116.0,3309.0,3425.0,-509.0,-625.0,-0.1538229072227259,-0.18248175182481752,-10.775862068965518,-10.59322033898305,0.5905172413793104,-0.1077586206896552,59,59,35,24,0.5932203389830508,1.0,0.46593401255337386,55.0,57.728813559322035,62.0,0,0,860.285,116.0,3406.0,3522.0,94.0,-22.0,0.02759835584263065,-0.006246450880181715,-0.3728813559322034,-0.3728813559322034,0.596949152542373,-0.003728813559322197,221,219,141,78,0.6438356164383562,0.9909502262443439,0.5784344236231485,55.0,56.65296803652968,61.0,0,0,863.512777,435.0,12407.0,12842.0,1693.0,1258.0,0.13645522688804707,0.0979598193427815,5.744292237442922,5.6923076923076925,0.586392694063927,0.05744292237442916,132,131,87,44,0.6641221374045801,0.9924242424242424,0.5795924913457884,55.0,56.80152671755725,61.0,0,0,862.605709,260.0,7441.0,7701.0,1259.0,999.0,0.1691976884827308,0.12972341254382547,7.625954198473282,7.568181818181818,0.5878625954198473,0.07625954198473284,44,44,25,19,0.5681818181818182,1.0,0.4222414699362943,54.5,55.61363636363637,60.0,0,0,872.459119,88.0,2447.0,2535.0,53.0,-35.0,0.021659174499387004,-0.013806706114398421,-0.7954545454545454,-0.7954545454545454,0.5761363636363636,-0.007954545454545325,45,44,29,15,0.6590909090909091,0.9777777777777777,0.5113914121793824,54.0,57.25,60.25,0,0,862.5918105000001,87.0,2519.0,2606.0,381.0,294.0,0.15125049622866216,0.1128165771297007,6.681818181818182,6.533333333333333,0.5922727272727273,0.06681818181818178,1526.0,1138.0,0.9924242424242424,0.9777777777777777,0.9909502262443439,True,True,False,False,True,True
hazard_kinetic_mean,blend_hazard_kinetic_mean,first-passage score averaged with short-path kinetic confirmation,-15.0,295,293,156,137,0.5324232081911263,0.9932203389830508,0.4752422755916795,54.0,56.74061433447099,63.0,0,0,853.514,575.0,16625.0,17200.0,-1025.0,-1600.0,-0.061654135338345864,-0.09302325581395349,-5.460750853242321,-5.423728813559322,0.5870307167235495,-0.05460750853242313,177,176,100,76,0.5681818181818182,0.9943502824858758,0.4943176665924105,54.0,56.19886363636363,61.0,0,0,855.2785,346.0,9891.0,10237.0,109.0,-237.0,0.011020119300374078,-0.023151313861482857,-1.3465909090909092,-1.3389830508474576,0.5816477272727272,-0.013465909090908945,59,58,26,32,0.4482758620689655,0.9830508474576272,0.3274985404778122,52.0,56.87931034482759,64.75,0,0,852.2635,114.0,3299.0,3413.0,-699.0,-813.0,-0.21188238860260686,-0.23820685613829476,-14.017241379310345,-13.779661016949152,0.588448275862069,-0.14017241379310352,59,59,30,29,0.5084745762711864,1.0,0.3843514305938966,53.0,58.220338983050844,68.0,0,0,838.61,115.0,3435.0,3550.0,-435.0,-550.0,-0.12663755458515283,-0.15492957746478872,-9.322033898305085,-9.322033898305085,0.6016949152542372,-0.09322033898305082,221,219,148,71,0.6757990867579908,0.9909502262443439,0.6112376507734046,54.0,57.19178082191781,62.0,1,0,858.245361,428.0,12525.0,12953.0,2275.0,1847.0,0.18163672654690619,0.14259244962556936,8.4337899543379,8.357466063348417,0.5914611872146118,0.084337899543379,132,131,89,42,0.6793893129770993,0.9924242424242424,0.5953388097642381,54.0,57.38931297709924,62.5,0,0,858.245361,255.0,7518.0,7773.0,1382.0,1127.0,0.18382548550146316,0.14498906471117973,8.603053435114504,8.537878787878787,0.5933587786259543,0.08603053435114494,44,44,30,14,0.6818181818181818,1.0,0.5344310393781776,57.0,57.88636363636363,63.5,1,0,857.2213059999999,87.0,2547.0,2634.0,453.0,366.0,0.17785630153121318,0.13895216400911162,8.318181818181818,8.318181818181818,0.5986363636363637,0.08318181818181802,45,44,29,15,0.6590909090909091,0.9777777777777777,0.5113914121793824,53.0,55.90909090909091,60.0,0,0,860.9943304999999,86.0,2460.0,2546.0,440.0,354.0,0.17886178861788618,0.13904163393558522,8.045454545454545,7.866666666666666,0.5786363636363636,0.08045454545454545,890.0,247.0,0.9924242424242424,0.9777777777777777,0.9909502262443439,True,True,False,False,True,True
hazard_kinetic_min,blend_hazard_kinetic_min,first-passage score requiring kinetic confirmation,-30.0,295,294,172,122,0.5850340136054422,0.9966101694915255,0.5279697970258773,55.0,56.92857142857143,61.0,0,0,860.9014999999999,583.0,16737.0,17320.0,463.0,-120.0,0.027663261038417878,-0.006928406466512702,-0.40816326530612246,-0.4067796610169492,0.5891156462585033,-0.004081632653061162,177,177,109,68,0.615819209039548,1.0,0.542424887668495,55.0,56.621468926553675,60.0,0,0,861.771,351.0,10022.0,10373.0,878.0,527.0,0.08760726401915785,0.05080497445290658,2.977401129943503,2.977401129943503,0.5860451977401131,0.02977401129943491,59,58,28,30,0.4827586206896552,0.9830508474576272,0.35928185424055004,54.0,57.05172413793103,61.0,0,0,859.1055,116.0,3309.0,3425.0,-509.0,-625.0,-0.1538229072227259,-0.18248175182481752,-10.775862068965518,-10.59322033898305,0.5905172413793104,-0.1077586206896552,59,59,35,24,0.5932203389830508,1.0,0.46593401255337386,55.0,57.728813559322035,62.0,0,0,860.285,116.0,3406.0,3522.0,94.0,-22.0,0.02759835584263065,-0.006246450880181715,-0.3728813559322034,-0.3728813559322034,0.596949152542373,-0.003728813559322197,221,219,141,78,0.6438356164383562,0.9909502262443439,0.5784344236231485,55.0,56.65296803652968,61.0,0,0,863.512777,435.0,12407.0,12842.0,1693.0,1258.0,0.13645522688804707,0.0979598193427815,5.744292237442922,5.6923076923076925,0.586392694063927,0.05744292237442916,132,131,87,44,0.6641221374045801,0.9924242424242424,0.5795924913457884,55.0,56.80152671755725,61.0,0,0,862.605709,260.0,7441.0,7701.0,1259.0,999.0,0.1691976884827308,0.12972341254382547,7.625954198473282,7.568181818181818,0.5878625954198473,0.07625954198473284,44,44,25,19,0.5681818181818182,1.0,0.4222414699362943,54.5,55.61363636363637,60.0,0,0,872.459119,88.0,2447.0,2535.0,53.0,-35.0,0.021659174499387004,-0.013806706114398421,-0.7954545454545454,-0.7954545454545454,0.5761363636363636,-0.007954545454545325,45,44,29,15,0.6590909090909091,0.9777777777777777,0.5113914121793824,54.0,57.25,60.25,0,0,862.5918105000001,87.0,2519.0,2606.0,381.0,294.0,0.15125049622866216,0.1128165771297007,6.681818181818182,6.533333333333333,0.5922727272727273,0.06681818181818178,1526.0,1138.0,0.9924242424242424,0.9777777777777777,0.9909502262443439,True,True,False,False,True,True
