lock_name,rule,kept,base,retention,wins,losses,accuracy,net_pnl_cents,net_delta_vs_base,diagnostic_only
book_margin_gap015,blend>=0.50,57,89,0.6404494382022472,44,13,0.7719298245614035,532.0,423.0,True
book_margin,touch_loss<=0.95,82,105,0.780952380952381,61,21,0.7439024390243902,505.0,370.0,True
book_margin_early,touch_loss<=0.95,80,101,0.7920792079207921,59,21,0.7375,441.0,336.0,True
impulse_reversal_book_margin_fade,blend>=0.50,28,58,0.4827586206896552,23,5,0.8214285714285714,429.0,346.0,True
impulse_reversal_book_margin_fade,touch_loss<=0.95,30,58,0.5172413793103449,24,6,0.8,415.0,332.0,True
kinetic_combo_price_guard,blend>=0.45,60,100,0.6,43,17,0.7166666666666667,408.0,216.0,True
book_margin_early,blend>=0.50,63,101,0.6237623762376238,47,16,0.746031746031746,382.0,277.0,True
book_margin,blend>=0.50,63,105,0.6,47,16,0.746031746031746,382.0,247.0,True
kinetic_path_confirm,ask<=70,46,118,0.3898305084745763,34,12,0.7391304347826086,373.0,380.0,True
book_margin_gap015,touch_loss<=0.95,76,89,0.8539325842696629,55,21,0.7236842105263158,361.0,252.0,True
book_margin,score>=0.60,48,105,0.45714285714285713,37,11,0.7708333333333334,330.0,195.0,True
kinetic_combo_price_guard,ask<=60,30,100,0.3,21,9,0.7,329.0,137.0,True
kinetic_price_guard,ask<=60,39,107,0.3644859813084112,26,13,0.6666666666666666,313.0,302.0,True
book_margin,book>=0.65,41,105,0.3904761904761905,33,8,0.8048780487804879,285.0,150.0,True
book_margin,signal_score>=0.65,41,105,0.3904761904761905,33,8,0.8048780487804879,285.0,150.0,True
book_margin_gap015,adverse15<=100,70,89,0.7865168539325843,50,20,0.7142857142857143,283.0,174.0,True
book_margin_early,adverse15<=50,75,101,0.7425742574257426,54,21,0.72,282.0,177.0,True
book_margin,adverse15<=50,78,105,0.7428571428571429,56,22,0.717948717948718,280.0,145.0,True
kinetic_combo_price_guard,blend>=0.50,57,100,0.57,40,17,0.7017543859649122,277.0,85.0,True
impulse_reversal_book_margin_fade,impulse_over_margin<=20,50,58,0.8620689655172413,30,20,0.6,274.0,191.0,True
logit_blend_edge10,adverse15<=0,47,75,0.6266666666666667,32,15,0.6808510638297872,271.0,140.0,True
book_margin_early,score>=0.60,46,101,0.45544554455445546,35,11,0.7608695652173914,266.0,161.0,True
book_margin_gap015,book>=0.65,28,89,0.3146067415730337,23,5,0.8214285714285714,262.0,153.0,True
book_margin_gap015,signal_score>=0.65,28,89,0.3146067415730337,23,5,0.8214285714285714,262.0,153.0,True
book_margin_gap015,blend>=0.45,69,89,0.7752808988764045,49,20,0.7101449275362319,258.0,149.0,True
kinetic_guard,ask<=60,28,126,0.2222222222222222,19,9,0.6785714285714286,253.0,181.0,True
book_margin_gap015,adverse15<=50,66,89,0.7415730337078652,47,19,0.7121212121212122,248.0,139.0,True
kinetic_guard,blend>=0.45,72,126,0.5714285714285714,53,19,0.7361111111111112,247.0,175.0,True
book_margin_early,adverse15<=100,80,101,0.7920792079207921,57,23,0.7125,242.0,137.0,True
logit_blend_edge10,ask<=60,47,75,0.6266666666666667,28,19,0.5957446808510638,242.0,111.0,True
book_margin,adverse15<=100,83,105,0.7904761904761904,59,24,0.7108433734939759,240.0,105.0,True
score_min60,signal_score>=0.70,23,102,0.22549019607843138,21,2,0.9130434782608695,225.0,409.0,True
book_margin_early,score>=0.55,66,101,0.6534653465346535,48,18,0.7272727272727273,224.0,119.0,True
logit_blend_edge10,adverse15<=10,49,75,0.6533333333333333,33,16,0.673469387755102,223.0,92.0,True
book_margin_early,book>=0.65,39,101,0.38613861386138615,31,8,0.7948717948717948,223.0,118.0,True
book_margin_early,signal_score>=0.65,39,101,0.38613861386138615,31,8,0.7948717948717948,223.0,118.0,True
book_margin,score>=0.55,69,105,0.6571428571428571,50,19,0.7246376811594203,222.0,87.0,True
book_margin,score>=0.70,10,105,0.09523809523809523,10,0,1.0,221.0,86.0,True
kinetic_path_confirm,adverse15<=50,101,118,0.8559322033898306,78,23,0.7722772277227723,218.0,225.0,True
kinetic_touch,ask<=60,34,134,0.2537313432835821,22,12,0.6470588235294118,215.0,500.0,True
impulse_reversal_book_margin_fade,score>=0.55,21,58,0.3620689655172414,16,5,0.7619047619047619,213.0,130.0,True
v2_wait_score_min60_early,signal_score>=0.70,22,101,0.21782178217821782,20,2,0.9090909090909091,212.0,407.0,True
kinetic_path_confirm,adverse15<=0,81,118,0.6864406779661016,63,18,0.7777777777777778,208.0,215.0,True
book_margin_gap015,score>=0.60,39,89,0.43820224719101125,29,10,0.7435897435897436,205.0,96.0,True
logit_blend_edge10,ask<=55,36,75,0.48,21,15,0.5833333333333334,204.0,73.0,True
book_margin_gap015,score>=0.55,57,89,0.6404494382022472,41,16,0.7192982456140351,203.0,94.0,True
book_margin,touch_loss<=0.85,45,105,0.42857142857142855,33,12,0.7333333333333333,202.0,67.0,True
logit_blend_edge10,adverse15<=25,51,75,0.68,34,17,0.6666666666666666,201.0,70.0,True
kinetic_price_guard,blend>=0.45,61,107,0.5700934579439252,41,20,0.6721311475409836,201.0,190.0,True
book_margin_gap015,hazard>=0.45,18,89,0.20224719101123595,15,3,0.8333333333333334,196.0,87.0,True
kinetic_combo_price_guard,ask<=70,100,100,1.0,67,33,0.67,192.0,0.0,True
kinetic_combo_price_guard,ask<=75,100,100,1.0,67,33,0.67,192.0,0.0,True
kinetic_combo_price_guard,score>=0.55,100,100,1.0,67,33,0.67,192.0,0.0,True
kinetic_combo_price_guard,adverse15<=100,100,100,1.0,67,33,0.67,192.0,0.0,True
kinetic_combo_price_guard,touch_loss<=0.95,100,100,1.0,67,33,0.67,192.0,0.0,True
kinetic_combo_price_guard,signal_score>=0.55,100,100,1.0,67,33,0.67,192.0,0.0,True
book_margin_early,score>=0.70,9,101,0.0891089108910891,9,0,1.0,191.0,86.0,True
impulse_reversal_book_margin_fade,impulse_over_margin<=40,56,58,0.9655172413793104,33,23,0.5892857142857143,186.0,103.0,True
impulse_reversal_book_margin_fade,adverse15<=0,29,58,0.5,19,10,0.6551724137931034,185.0,102.0,True
kinetic_path_confirm,adverse15<=25,95,118,0.8050847457627118,73,22,0.7684210526315789,184.0,191.0,True
kinetic_touch,blend>=0.45,74,134,0.5522388059701493,52,22,0.7027027027027027,179.0,464.0,True
book_margin_gap015,score>=0.70,8,89,0.0898876404494382,8,0,1.0,176.0,67.0,True
impulse_reversal_book_margin_fade,touch_loss<=0.85,17,58,0.29310344827586204,13,4,0.7647058823529411,173.0,90.0,True
impulse_reversal_book_margin_fade,impulse<=40,50,58,0.8620689655172413,29,21,0.58,172.0,89.0,True
book_margin_early,hazard>=0.45,17,101,0.16831683168316833,14,3,0.8235294117647058,172.0,67.0,True
book_margin,hazard>=0.45,17,105,0.1619047619047619,14,3,0.8235294117647058,172.0,37.0,True
impulse_reversal_book_margin_fade,adverse15<=50,36,58,0.6206896551724138,23,13,0.6388888888888888,171.0,88.0,True
kinetic_path_confirm,touch_loss<=0.75,93,118,0.788135593220339,73,20,0.7849462365591398,168.0,175.0,True
book_margin_early,adverse15<=0,65,101,0.6435643564356436,46,19,0.7076923076923077,168.0,63.0,True
book_margin_early,adverse15<=10,65,101,0.6435643564356436,46,19,0.7076923076923077,168.0,63.0,True
kinetic_price_guard,hazard>=0.45,24,107,0.22429906542056074,18,6,0.75,167.0,156.0,True
book_margin,adverse15<=0,68,105,0.6476190476190476,48,20,0.7058823529411765,166.0,31.0,True
book_margin,adverse15<=10,68,105,0.6476190476190476,48,20,0.7058823529411765,166.0,31.0,True
impulse_reversal_book_margin_fade,book>=0.65,9,58,0.15517241379310345,8,1,0.8888888888888888,163.0,80.0,True
impulse_reversal_book_margin_fade,signal_score>=0.65,9,58,0.15517241379310345,8,1,0.8888888888888888,163.0,80.0,True
book_margin_gap015,touch_loss<=0.85,44,89,0.4943820224719101,32,12,0.7272727272727273,162.0,53.0,True
book_margin,touch_loss<=0.75,23,105,0.21904761904761905,18,5,0.782608695652174,160.0,25.0,True
book_refmargin_score_switch,signal_score>=0.70,14,78,0.1794871794871795,13,1,0.9285714285714286,158.0,273.0,True
kinetic_combo_price_guard,hazard>=0.45,27,100,0.27,20,7,0.7407407407407407,157.0,-35.0,True
kinetic_path_confirm,ask<=75,70,118,0.5932203389830508,50,20,0.7142857142857143,156.0,163.0,True
kinetic_path_confirm,adverse15<=10,86,118,0.7288135593220338,66,20,0.7674418604651163,153.0,160.0,True
kinetic_combo_price_guard,ask<=65,59,100,0.59,38,21,0.6440677966101694,153.0,-39.0,True
impulse_reversal_book_margin_fade,impulse_over_margin<=0,32,58,0.5517241379310345,17,15,0.53125,153.0,70.0,True
v2_wait_score_min60_brownian70_early,signal_score>=0.70,26,97,0.26804123711340205,22,4,0.8461538461538461,153.0,260.0,True
impulse_reversal_book_margin_fade,adverse15<=10,30,58,0.5172413793103449,19,11,0.6333333333333333,151.0,68.0,True
hazard_fallback_score60,ask<=70,35,64,0.546875,25,10,0.7142857142857143,149.0,165.0,True
score_min60_gap020,signal_score>=0.70,19,91,0.2087912087912088,17,2,0.8947368421052632,148.0,328.0,True
kinetic_path_confirm,ask<=65,25,118,0.211864406779661,17,8,0.68,144.0,151.0,True
book_margin_gap015,blend>=0.60,13,89,0.14606741573033707,11,2,0.8461538461538461,140.0,31.0,True
kinetic_price_guard,blend>=0.50,55,107,0.514018691588785,37,18,0.6727272727272727,139.0,128.0,True
book_margin_early,touch_loss<=0.85,43,101,0.42574257425742573,31,12,0.7209302325581395,138.0,33.0,True
kinetic_combo_price_guard,book>=0.55,92,100,0.92,62,30,0.6739130434782609,137.0,-55.0,True
kinetic_guard,ask<=65,53,126,0.42063492063492064,34,19,0.6415094339622641,137.0,65.0,True
book_margin,book>=0.55,105,105,1.0,73,32,0.6952380952380952,135.0,0.0,True
book_margin,book>=0.60,105,105,1.0,73,32,0.6952380952380952,135.0,0.0,True
book_margin,signal_score>=0.55,105,105,1.0,73,32,0.6952380952380952,135.0,0.0,True
book_margin,signal_score>=0.60,105,105,1.0,73,32,0.6952380952380952,135.0,0.0,True
book_margin_gap015,adverse15<=0,56,89,0.6292134831460674,39,17,0.6964285714285714,134.0,25.0,True
book_margin_gap015,adverse15<=10,56,89,0.6292134831460674,39,17,0.6964285714285714,134.0,25.0,True
kinetic_combo_price_guard,blend>=0.55,32,100,0.32,23,9,0.71875,134.0,-58.0,True
impulse_reversal_book_margin_fade,ask<=70,56,58,0.9655172413793104,32,24,0.5714285714285714,132.0,49.0,True
logit_blend_edge10,fair_edge>=-10,75,75,1.0,48,27,0.64,131.0,0.0,True
logit_blend_edge10,ask<=70,59,75,0.7866666666666666,35,24,0.5932203389830508,124.0,-7.0,True
impulse_reversal_book_margin_fade,impulse<=60,57,58,0.9827586206896551,33,24,0.5789473684210527,123.0,40.0,True
logit_blend_thresh55_edge15,book>=0.65,51,69,0.7391304347826086,39,12,0.7647058823529411,121.0,164.0,True
book_margin_early,adverse15<=25,70,101,0.693069306930693,49,21,0.7,121.0,16.0,True
book_margin_gap015,touch_loss<=0.75,22,89,0.24719101123595505,17,5,0.7727272727272727,120.0,11.0,True
book_margin,adverse15<=25,73,105,0.6952380952380952,51,22,0.6986301369863014,119.0,-16.0,True
book_margin_early,blend>=0.55,28,101,0.27722772277227725,21,7,0.75,118.0,13.0,True
book_margin,blend>=0.55,28,105,0.26666666666666666,21,7,0.75,118.0,-17.0,True
kinetic_guard,blend>=0.50,69,126,0.5476190476190477,50,19,0.7246376811594203,116.0,44.0,True
book_margin_early,blend>=0.60,12,101,0.1188118811881188,10,2,0.8333333333333334,116.0,11.0,True
book_margin,blend>=0.60,12,105,0.11428571428571428,10,2,0.8333333333333334,116.0,-19.0,True
book_margin_gap015,signal_score>=0.70,10,89,0.11235955056179775,9,1,0.9,116.0,7.0,True
kinetic_path_confirm,touch_loss<=0.85,111,118,0.940677966101695,85,26,0.7657657657657657,115.0,122.0,True
book_refmargin_score_switch,hazard>=0.60,12,78,0.15384615384615385,11,1,0.9166666666666666,115.0,230.0,True
score_min60_gap020,hazard>=0.60,12,91,0.13186813186813187,11,1,0.9166666666666666,115.0,295.0,True
v2_wait_score_min60_early,hazard>=0.60,12,101,0.1188118811881188,11,1,0.9166666666666666,115.0,310.0,True
score_min60,hazard>=0.60,12,102,0.11764705882352941,11,1,0.9166666666666666,115.0,299.0,True
logit_blend_edge10,ask<=65,52,75,0.6933333333333334,30,22,0.5769230769230769,114.0,-17.0,True
logit_blend_thresh55_edge15,fair_edge>=-10,41,69,0.5942028985507246,30,11,0.7317073170731707,113.0,156.0,True
hazard_fallback_score60,fair_edge>=-5,32,64,0.5,23,9,0.71875,113.0,129.0,True
kinetic_combo_price_guard,ask<=55,7,100,0.07,5,2,0.7142857142857143,113.0,-79.0,True
book_margin_gap015,book>=0.55,89,89,1.0,61,28,0.6853932584269663,109.0,0.0,True
book_margin_gap015,book>=0.60,89,89,1.0,61,28,0.6853932584269663,109.0,0.0,True
book_margin_gap015,signal_score>=0.55,89,89,1.0,61,28,0.6853932584269663,109.0,0.0,True
book_margin_gap015,signal_score>=0.60,89,89,1.0,61,28,0.6853932584269663,109.0,0.0,True
book_margin_early,blend>=0.45,75,101,0.7425742574257426,52,23,0.6933333333333334,108.0,3.0,True
book_margin,blend>=0.45,75,105,0.7142857142857143,52,23,0.6933333333333334,108.0,-27.0,True
hazard_mean_touch80,book>=0.65,58,69,0.8405797101449275,44,14,0.7586206896551724,106.0,114.0,True
book_refmargin_score_switch,hazard>=0.45,58,78,0.7435897435897436,44,14,0.7586206896551724,106.0,221.0,True
score_min60_gap020,hazard>=0.45,58,91,0.6373626373626373,44,14,0.7586206896551724,106.0,286.0,True
score_min60,hazard>=0.45,58,102,0.5686274509803921,44,14,0.7586206896551724,106.0,290.0,True
book_margin_early,book>=0.55,101,101,1.0,70,31,0.693069306930693,105.0,0.0,True
book_margin_early,book>=0.60,101,101,1.0,70,31,0.693069306930693,105.0,0.0,True
book_margin_early,signal_score>=0.55,101,101,1.0,70,31,0.693069306930693,105.0,0.0,True
book_margin_early,signal_score>=0.60,101,101,1.0,70,31,0.693069306930693,105.0,0.0,True
logit_blend_edge10,adverse15<=100,65,75,0.8666666666666667,42,23,0.6461538461538462,104.0,-27.0,True
book_margin_gap015,blend>=0.55,27,89,0.30337078651685395,20,7,0.7407407407407407,100.0,-9.0,True
hazard_fallback_logit55_wait8,hazard>=0.60,10,61,0.16393442622950818,9,1,0.9,100.0,328.0,True
hazard_fallback_logit55_wait8,signal_score>=0.60,10,61,0.16393442622950818,9,1,0.9,100.0,328.0,True
hazard_mean_touch80,hazard>=0.60,10,69,0.14492753623188406,9,1,0.9,100.0,108.0,True
hazard_mean_touch80,signal_score>=0.60,10,69,0.14492753623188406,9,1,0.9,100.0,108.0,True
hazard_mean_touch80_ask76,hazard>=0.60,4,53,0.07547169811320754,4,0,1.0,100.0,210.0,True
hazard_mean_touch80_ask76,signal_score>=0.60,4,53,0.07547169811320754,4,0,1.0,100.0,210.0,True
logit_blend_edge10,ask<=75,66,75,0.88,40,26,0.6060606060606061,97.0,-34.0,True
kinetic_touch,hazard>=0.55,11,134,0.08208955223880597,10,1,0.9090909090909091,97.0,382.0,True
book_margin_early,touch_loss<=0.75,21,101,0.2079207920792079,16,5,0.7619047619047619,96.0,-9.0,True
hazard_fallback_logit55,book>=0.65,50,68,0.7352941176470589,38,12,0.76,94.0,164.0,True
book_margin_gap015,ask<=75,83,89,0.9325842696629213,56,27,0.6746987951807228,92.0,-17.0,True
hazard_fallback_score60,hazard>=0.60,11,64,0.171875,10,1,0.9090909090909091,91.0,107.0,True
v2_wait_score_min60_brownian70_early,hazard>=0.60,11,97,0.1134020618556701,10,1,0.9090909090909091,91.0,198.0,True
kinetic_combo_price_guard,adverse15<=10,82,100,0.82,54,28,0.6585365853658537,90.0,-102.0,True
book_margin_early,signal_score>=0.70,18,101,0.1782178217821782,15,3,0.8333333333333334,90.0,-15.0,True
book_margin,signal_score>=0.70,18,105,0.17142857142857143,15,3,0.8333333333333334,90.0,-45.0,True
impulse_reversal_book_margin_fade,blend>=0.55,9,58,0.15517241379310345,7,2,0.7777777777777778,90.0,7.0,True
impulse_reversal_book_margin_fade,blend>=0.60,3,58,0.05172413793103448,3,0,1.0,90.0,7.0,True
logit_blend_edge10,touch_loss<=0.95,70,75,0.9333333333333333,45,25,0.6428571428571429,89.0,-42.0,True
v2_wait_score_min60_brownian70_early,hazard>=0.45,57,97,0.5876288659793815,43,14,0.7543859649122807,89.0,196.0,True
kinetic_price_guard,ask<=55,13,107,0.12149532710280374,8,5,0.6153846153846154,89.0,78.0,True
kinetic_touch,ask<=55,13,134,0.09701492537313433,8,5,0.6153846153846154,89.0,374.0,True
logit_blend_thresh55_edge15,ask<=75,59,69,0.855072463768116,42,17,0.711864406779661,88.0,131.0,True
kinetic_combo_price_guard,touch_loss<=0.85,86,100,0.86,57,29,0.6627906976744186,87.0,-105.0,True
book_margin_gap015,adverse15<=25,61,89,0.6853932584269663,42,19,0.6885245901639344,87.0,-22.0,True
impulse_reversal_book_margin_fade,blend>=0.45,38,58,0.6551724137931034,26,12,0.6842105263157895,86.0,3.0,True
impulse_reversal_book_margin_fade,book>=0.55,38,58,0.6551724137931034,26,12,0.6842105263157895,86.0,3.0,True
impulse_reversal_book_margin_fade,book>=0.60,38,58,0.6551724137931034,26,12,0.6842105263157895,86.0,3.0,True
impulse_reversal_book_margin_fade,signal_score>=0.55,38,58,0.6551724137931034,26,12,0.6842105263157895,86.0,3.0,True
impulse_reversal_book_margin_fade,signal_score>=0.60,38,58,0.6551724137931034,26,12,0.6842105263157895,86.0,3.0,True
hazard_fallback_logit55_wait8,fair_edge>=-5,11,61,0.18032786885245902,9,2,0.8181818181818182,86.0,314.0,True
impulse_reversal_book_margin_fade,adverse15<=100,43,58,0.7413793103448276,26,17,0.6046511627906976,85.0,2.0,True
hazard_mean_touch80_ask76,hazard>=0.55,11,53,0.20754716981132076,9,2,0.8181818181818182,84.0,194.0,True
hazard_mean_touch80_ask76,signal_score>=0.55,11,53,0.20754716981132076,9,2,0.8181818181818182,84.0,194.0,True
impulse_reversal_book_margin_fade,ask<=75,58,58,1.0,33,25,0.5689655172413793,83.0,0.0,True
impulse_reversal_book_margin_fade,impulse<=80,58,58,1.0,33,25,0.5689655172413793,83.0,0.0,True
impulse_reversal_book_margin_fade,impulse<=120,58,58,1.0,33,25,0.5689655172413793,83.0,0.0,True
book_margin,score>=0.65,18,105,0.17142857142857143,14,4,0.7777777777777778,83.0,-52.0,True
book_margin_gap015,hazard>=0.55,4,89,0.0449438202247191,4,0,1.0,83.0,-26.0,True
book_margin_early,hazard>=0.55,4,101,0.039603960396039604,4,0,1.0,83.0,-22.0,True
book_margin,hazard>=0.55,4,105,0.0380952380952381,4,0,1.0,83.0,-52.0,True
logit_blend_edge10,hazard>=0.55,15,75,0.2,13,2,0.8666666666666667,82.0,-49.0,True
kinetic_path_confirm,ask<=55,4,118,0.03389830508474576,3,1,0.75,81.0,88.0,True
kinetic_touch,blend>=0.50,67,134,0.5,47,20,0.7014925373134329,77.0,362.0,True
hazard_fallback_logit55_wait8,ask<=60,2,61,0.03278688524590164,2,0,1.0,77.0,305.0,True
hazard_fallback_score60,ask<=60,2,64,0.03125,2,0,1.0,77.0,93.0,True
hazard_fallback_logit55,ask<=60,2,68,0.029411764705882353,2,0,1.0,77.0,147.0,True
hazard_mean_touch80,ask<=60,2,69,0.028985507246376812,2,0,1.0,77.0,85.0,True
logit_blend_thresh55_edge15,ask<=60,2,69,0.028985507246376812,2,0,1.0,77.0,120.0,True
hazard_fallback_score60,book>=0.65,47,64,0.734375,36,11,0.7659574468085106,76.0,92.0,True
kinetic_touch,ask<=65,61,134,0.4552238805970149,38,23,0.6229508196721312,75.0,360.0,True
v2_wait_score_min60_early,hazard>=0.45,57,101,0.5643564356435643,43,14,0.7543859649122807,74.0,269.0,True
hazard_mean_touch80,ask<=70,34,69,0.4927536231884058,24,10,0.7058823529411765,74.0,82.0,True
impulse_reversal_book_margin_fade,score>=0.60,11,58,0.1896551724137931,8,3,0.7272727272727273,73.0,-10.0,True
kinetic_guard,hazard>=0.60,13,126,0.10317460317460317,12,1,0.9230769230769231,73.0,1.0,True
kinetic_guard,score>=0.55,126,126,1.0,89,37,0.7063492063492064,72.0,0.0,True
kinetic_guard,adverse15<=50,126,126,1.0,89,37,0.7063492063492064,72.0,0.0,True
kinetic_guard,adverse15<=100,126,126,1.0,89,37,0.7063492063492064,72.0,0.0,True
kinetic_guard,touch_loss<=0.95,126,126,1.0,89,37,0.7063492063492064,72.0,0.0,True
kinetic_guard,signal_score>=0.55,126,126,1.0,89,37,0.7063492063492064,72.0,0.0,True
logit_blend_edge10,adverse15<=50,60,75,0.8,38,22,0.6333333333333333,70.0,-61.0,True
kinetic_price_guard,ask<=65,66,107,0.616822429906542,41,25,0.6212121212121212,70.0,59.0,True
kinetic_guard,hazard>=0.45,41,126,0.3253968253968254,32,9,0.7804878048780488,67.0,-5.0,True
kinetic_guard,hazard>=0.55,17,126,0.1349206349206349,15,2,0.8823529411764706,66.0,-6.0,True
hazard_fallback_logit55,ask<=75,58,68,0.8529411764705882,41,17,0.7068965517241379,61.0,131.0,True
logit_blend_edge10,score>=0.70,14,75,0.18666666666666668,12,2,0.8571428571428571,61.0,-70.0,True
kinetic_guard,ask<=55,8,126,0.06349206349206349,5,3,0.625,59.0,-13.0,True
hazard_fallback_logit55,ask<=70,42,68,0.6176470588235294,29,13,0.6904761904761905,58.0,128.0,True
logit_blend_thresh55_edge15,ask<=70,42,69,0.6086956521739131,29,13,0.6904761904761905,58.0,101.0,True
hazard_fallback_logit55,fair_edge>=-10,39,68,0.5735294117647058,28,11,0.717948717948718,57.0,127.0,True
kinetic_path_confirm,ask<=60,11,118,0.09322033898305085,7,4,0.6363636363636364,57.0,64.0,True
hazard_fallback_score60,ask<=75,51,64,0.796875,36,15,0.7058823529411765,54.0,70.0,True
kinetic_price_guard,hazard>=0.50,14,107,0.1308411214953271,10,4,0.7142857142857143,54.0,43.0,True
book_margin_gap015,hazard>=0.50,10,89,0.11235955056179775,8,2,0.8,54.0,-55.0,True
book_refmargin_score_switch,blend>=0.55,68,78,0.8717948717948718,50,18,0.7352941176470589,53.0,168.0,True
score_min60_gap020,blend>=0.55,68,91,0.7472527472527473,50,18,0.7352941176470589,53.0,233.0,True
score_min60,blend>=0.55,68,102,0.6666666666666666,50,18,0.7352941176470589,53.0,237.0,True
impulse_reversal_book_margin_fade,hazard>=0.45,5,58,0.08620689655172414,4,1,0.8,53.0,-30.0,True
logit_blend_edge10,blend>=0.45,59,75,0.7866666666666666,39,20,0.6610169491525424,50.0,-81.0,True
hazard_fallback_score60,signal_score>=0.60,24,64,0.375,18,6,0.75,50.0,66.0,True
hazard_fallback_logit55,hazard>=0.60,9,68,0.1323529411764706,8,1,0.8888888888888888,50.0,120.0,True
hazard_fallback_logit55,signal_score>=0.60,9,68,0.1323529411764706,8,1,0.8888888888888888,50.0,120.0,True
logit_blend_thresh55_edge15,hazard>=0.60,9,69,0.13043478260869565,8,1,0.8888888888888888,50.0,93.0,True
hazard_mean_touch80_ask76,book>=0.65,46,53,0.8679245283018868,34,12,0.7391304347826086,47.0,157.0,True
hazard_fallback_score60,adverse15<=100,58,64,0.90625,42,16,0.7241379310344828,46.0,62.0,True
book_margin,ask<=75,95,105,0.9047619047619048,64,31,0.6736842105263158,46.0,-89.0,True
impulse_reversal_book_margin_fade,adverse15<=25,32,58,0.5517241379310345,19,13,0.59375,46.0,-37.0,True
book_margin,ask<=70,87,105,0.8285714285714286,58,29,0.6666666666666666,45.0,-90.0,True
kinetic_combo_price_guard,hazard>=0.50,17,100,0.17,12,5,0.7058823529411765,44.0,-148.0,True
kinetic_price_guard,blend>=0.60,17,107,0.1588785046728972,12,5,0.7058823529411765,44.0,33.0,True
book_margin_gap015,hazard>=0.60,2,89,0.02247191011235955,2,0,1.0,41.0,-68.0,True
book_margin_early,hazard>=0.60,2,101,0.019801980198019802,2,0,1.0,41.0,-64.0,True
book_margin,hazard>=0.60,2,105,0.01904761904761905,2,0,1.0,41.0,-94.0,True
kinetic_combo_price_guard,book>=0.65,41,100,0.41,29,12,0.7073170731707317,39.0,-153.0,True
v2_wait_score_min60_brownian70_early,ask<=60,1,97,0.010309278350515464,1,0,1.0,39.0,146.0,True
hazard_fallback_score60,blend>=0.55,60,64,0.9375,44,16,0.7333333333333333,38.0,54.0,True
hazard_mean_touch80_ask76,ask<=60,1,53,0.018867924528301886,1,0,1.0,38.0,148.0,True
v2_wait_score_min60_brownian70_early,blend>=0.55,67,97,0.6907216494845361,49,18,0.7313432835820896,36.0,143.0,True
logit_blend_thresh55_edge15,hazard>=0.45,50,69,0.7246376811594203,37,13,0.74,35.0,78.0,True
kinetic_combo_price_guard,adverse15<=50,95,100,0.95,62,33,0.6526315789473685,34.0,-158.0,True
hazard_mean_touch80,ask<=75,56,69,0.8115942028985508,40,16,0.7142857142857143,34.0,42.0,True
kinetic_combo_price_guard,blend>=0.60,20,100,0.2,14,6,0.7,34.0,-158.0,True
logit_blend_edge10,hazard>=0.60,9,75,0.12,8,1,0.8888888888888888,34.0,-97.0,True
kinetic_touch,hazard>=0.60,8,134,0.05970149253731343,7,1,0.875,32.0,317.0,True
kinetic_guard,adverse15<=25,114,126,0.9047619047619048,80,34,0.7017543859649122,30.0,-42.0,True
book_margin_early,hazard>=0.50,9,101,0.0891089108910891,7,2,0.7777777777777778,30.0,-75.0,True
book_margin,hazard>=0.50,9,105,0.08571428571428572,7,2,0.7777777777777778,30.0,-105.0,True
impulse_reversal_book_margin_fade,hazard>=0.50,1,58,0.017241379310344827,1,0,1.0,30.0,-53.0,True
logit_blend_thresh55_edge15,signal_score>=0.70,8,69,0.11594202898550725,7,1,0.875,29.0,72.0,True
hazard_mean_touch80_ask76,signal_score>=0.65,1,53,0.018867924528301886,1,0,1.0,28.0,138.0,True
hazard_fallback_score60,hazard>=0.45,51,64,0.796875,38,13,0.7450980392156863,25.0,41.0,True
hazard_mean_touch80,signal_score>=0.55,19,69,0.2753623188405797,15,4,0.7894736842105263,25.0,33.0,True
kinetic_touch,hazard>=0.45,36,134,0.26865671641791045,27,9,0.75,23.0,308.0,True
v2_wait_score_min60_early,blend>=0.55,67,101,0.6633663366336634,49,18,0.7313432835820896,21.0,216.0,True
book_margin_early,score>=0.65,16,101,0.15841584158415842,12,4,0.75,19.0,-86.0,True
book_margin_delayed_adv100_brownian55,blend>=0.45,74,81,0.9135802469135802,53,21,0.7162162162162162,18.0,279.0,True
book_margin_delayed_adv100_brownian55,blend>=0.50,74,81,0.9135802469135802,53,21,0.7162162162162162,18.0,279.0,True
hazard_fallback_logit55_wait8,signal_score>=0.70,1,61,0.01639344262295082,1,0,1.0,18.0,246.0,True
hazard_mean_touch80,signal_score>=0.70,1,69,0.014492753623188406,1,0,1.0,18.0,26.0,True
logit_blend_edge10,book>=0.65,23,75,0.30666666666666664,18,5,0.782608695652174,17.0,-114.0,True
book_margin_early,ask<=75,91,101,0.900990099009901,61,30,0.6703296703296703,16.0,-89.0,True
v2_wait_score_min60_brownian70_early,blend>=0.45,72,97,0.7422680412371134,52,20,0.7222222222222222,16.0,123.0,True
v2_wait_score_min60_brownian70_early,blend>=0.50,72,97,0.7422680412371134,52,20,0.7222222222222222,16.0,123.0,True
book_margin_early,ask<=70,83,101,0.8217821782178217,55,28,0.6626506024096386,15.0,-90.0,True
hazard_fallback_score60,fair_edge>=-10,52,64,0.8125,37,15,0.7115384615384616,14.0,30.0,True
kinetic_guard,book>=0.55,118,126,0.9365079365079365,84,34,0.711864406779661,13.0,-59.0,True
logit_blend_edge10,signal_score>=0.70,8,75,0.10666666666666667,7,1,0.875,13.0,-118.0,True
hazard_mean_touch80,adverse15<=100,62,69,0.8985507246376812,45,17,0.7258064516129032,12.0,20.0,True
v2_wait_score_min60_brownian70_early,adverse15<=100,83,97,0.8556701030927835,60,23,0.7228915662650602,12.0,119.0,True
kinetic_combo_price_guard,touch_loss<=0.75,55,100,0.55,37,18,0.6727272727272727,12.0,-180.0,True
kinetic_price_guard,ask<=70,107,107,1.0,69,38,0.6448598130841121,11.0,0.0,True
kinetic_price_guard,ask<=75,107,107,1.0,69,38,0.6448598130841121,11.0,0.0,True
kinetic_price_guard,score>=0.55,107,107,1.0,69,38,0.6448598130841121,11.0,0.0,True
kinetic_price_guard,adverse15<=100,107,107,1.0,69,38,0.6448598130841121,11.0,0.0,True
kinetic_price_guard,touch_loss<=0.95,107,107,1.0,69,38,0.6448598130841121,11.0,0.0,True
kinetic_price_guard,signal_score>=0.55,107,107,1.0,69,38,0.6448598130841121,11.0,0.0,True
book_margin_delayed_adv100_brownian55,blend>=0.55,51,81,0.6296296296296297,38,13,0.7450980392156863,11.0,272.0,True
book_refmargin_score_switch,hazard>=0.55,20,78,0.2564102564102564,16,4,0.8,11.0,126.0,True
score_min60_gap020,hazard>=0.55,20,91,0.21978021978021978,16,4,0.8,11.0,191.0,True
score_min60,hazard>=0.55,20,102,0.19607843137254902,16,4,0.8,11.0,195.0,True
book_refmargin_score_switch,book>=0.65,56,78,0.717948717948718,42,14,0.75,10.0,125.0,True
hazard_fallback_logit55,hazard>=0.45,49,68,0.7205882352941176,36,13,0.7346938775510204,8.0,78.0,True
logit_blend_edge10,signal_score>=0.65,16,75,0.21333333333333335,13,3,0.8125,7.0,-124.0,True
v2_wait_score_min60_brownian70_early,book>=0.65,69,97,0.711340206185567,52,17,0.7536231884057971,4.0,111.0,True
score_min60,adverse15<=100,87,102,0.8529411764705882,63,24,0.7241379310344828,3.0,187.0,True
kinetic_guard,score>=0.70,40,126,0.31746031746031744,32,8,0.8,3.0,-69.0,True
kinetic_guard,signal_score>=0.70,40,126,0.31746031746031744,32,8,0.8,3.0,-69.0,True
hazard_mean_touch80_ask76,ask<=75,49,53,0.9245283018867925,35,14,0.7142857142857143,2.0,112.0,True
v2_wait_score_min60_early,blend>=0.45,72,101,0.7128712871287128,52,20,0.7222222222222222,1.0,196.0,True
v2_wait_score_min60_early,blend>=0.50,72,101,0.7128712871287128,52,20,0.7222222222222222,1.0,196.0,True
impulse_reversal_book_margin_fade,impulse_over_margin<=-20,22,58,0.3793103448275862,9,13,0.4090909090909091,0.0,-83.0,True
book_refmargin_score_switch,blend>=0.45,72,78,0.9230769230769231,52,20,0.7222222222222222,-1.0,114.0,True
book_refmargin_score_switch,blend>=0.50,72,78,0.9230769230769231,52,20,0.7222222222222222,-1.0,114.0,True
score_min60_gap020,blend>=0.45,72,91,0.7912087912087912,52,20,0.7222222222222222,-1.0,179.0,True
score_min60_gap020,blend>=0.50,72,91,0.7912087912087912,52,20,0.7222222222222222,-1.0,179.0,True
score_min60,blend>=0.45,72,102,0.7058823529411765,52,20,0.7222222222222222,-1.0,183.0,True
score_min60,blend>=0.50,72,102,0.7058823529411765,52,20,0.7222222222222222,-1.0,183.0,True
kinetic_combo_price_guard,hazard>=0.55,3,100,0.03,2,1,0.6666666666666666,-1.0,-193.0,True
kinetic_price_guard,hazard>=0.55,3,107,0.028037383177570093,2,1,0.6666666666666666,-1.0,-12.0,True
logit_blend_thresh55_edge15,touch_loss<=0.85,67,69,0.9710144927536232,48,19,0.7164179104477612,-3.0,40.0,True
impulse_reversal_book_margin_fade,ask<=55,20,58,0.3448275862068966,7,13,0.35,-3.0,-86.0,True
impulse_reversal_book_margin_fade,ask<=60,20,58,0.3448275862068966,7,13,0.35,-3.0,-86.0,True
logit_blend_edge10,hazard>=0.50,22,75,0.29333333333333333,17,5,0.7727272727272727,-3.0,-134.0,True
hazard_mean_touch80,hazard>=0.55,18,69,0.2608695652173913,14,4,0.7777777777777778,-4.0,4.0,True
kinetic_path_confirm,score>=0.55,118,118,1.0,89,29,0.7542372881355932,-7.0,0.0,True
kinetic_path_confirm,score>=0.60,118,118,1.0,89,29,0.7542372881355932,-7.0,0.0,True
kinetic_path_confirm,touch_loss<=0.95,118,118,1.0,89,29,0.7542372881355932,-7.0,0.0,True
kinetic_path_confirm,signal_score>=0.55,118,118,1.0,89,29,0.7542372881355932,-7.0,0.0,True
kinetic_path_confirm,signal_score>=0.60,118,118,1.0,89,29,0.7542372881355932,-7.0,0.0,True
kinetic_path_confirm,adverse15<=100,110,118,0.9322033898305084,83,27,0.7545454545454545,-7.0,0.0,True
book_margin_gap015,ask<=70,79,89,0.8876404494382022,52,27,0.6582278481012658,-7.0,-116.0,True
hazard_mean_touch80,score>=0.55,69,69,1.0,50,19,0.7246376811594203,-8.0,0.0,True
hazard_mean_touch80,touch_loss<=0.85,69,69,1.0,50,19,0.7246376811594203,-8.0,0.0,True
hazard_mean_touch80,touch_loss<=0.95,69,69,1.0,50,19,0.7246376811594203,-8.0,0.0,True
hazard_mean_touch80,book>=0.55,69,69,1.0,50,19,0.7246376811594203,-8.0,0.0,True
v2_wait_score_min60_early,adverse15<=100,86,101,0.8514851485148515,62,24,0.7209302325581395,-8.0,187.0,True
score_min60,signal_score>=0.65,54,102,0.5294117647058824,41,13,0.7592592592592593,-10.0,174.0,True
hazard_fallback_score60,adverse15<=0,42,64,0.65625,30,12,0.7142857142857143,-14.0,2.0,True
hazard_fallback_score60,score>=0.55,64,64,1.0,46,18,0.71875,-16.0,0.0,True
hazard_fallback_score60,touch_loss<=0.85,64,64,1.0,46,18,0.71875,-16.0,0.0,True
hazard_fallback_score60,touch_loss<=0.95,64,64,1.0,46,18,0.71875,-16.0,0.0,True
hazard_fallback_score60,blend>=0.45,64,64,1.0,46,18,0.71875,-16.0,0.0,True
hazard_fallback_score60,blend>=0.50,64,64,1.0,46,18,0.71875,-16.0,0.0,True
hazard_fallback_score60,book>=0.55,64,64,1.0,46,18,0.71875,-16.0,0.0,True
book_margin_gap015,score>=0.65,14,89,0.15730337078651685,10,4,0.7142857142857143,-16.0,-125.0,True
hazard_fallback_logit55_wait8,fair_edge>=0,3,61,0.04918032786885246,2,1,0.6666666666666666,-16.0,212.0,True
book_margin_delayed_adv100_brownian55,hazard>=0.45,41,81,0.5061728395061729,31,10,0.7560975609756098,-18.0,243.0,True
v2_wait_score_min60_brownian70_early,adverse15<=0,64,97,0.6597938144329897,46,18,0.71875,-19.0,88.0,True
v2_wait_score_min60_early,hazard>=0.55,19,101,0.18811881188118812,15,4,0.7894736842105263,-21.0,174.0,True
kinetic_guard,blend>=0.60,35,126,0.2777777777777778,27,8,0.7714285714285715,-24.0,-96.0,True
hazard_fallback_logit55_wait8,fair_edge>=-10,18,61,0.29508196721311475,13,5,0.7222222222222222,-25.0,203.0,True
kinetic_combo_price_guard,adverse15<=0,79,100,0.79,51,28,0.6455696202531646,-27.0,-219.0,True
kinetic_guard,blend>=0.55,44,126,0.3492063492063492,33,11,0.75,-27.0,-99.0,True
kinetic_combo_price_guard,score>=0.60,70,100,0.7,46,24,0.6571428571428571,-29.0,-221.0,True
kinetic_combo_price_guard,signal_score>=0.60,70,100,0.7,46,24,0.6571428571428571,-29.0,-221.0,True
hazard_fallback_logit55,touch_loss<=0.85,66,68,0.9705882352941176,47,19,0.7121212121212122,-30.0,40.0,True
hazard_mean_touch80_ask76,ask<=70,28,53,0.5283018867924528,19,9,0.6785714285714286,-31.0,79.0,True
hazard_fallback_logit55,adverse15<=100,61,68,0.8970588235294118,43,18,0.7049180327868853,-34.0,36.0,True
logit_blend_thresh55_edge15,adverse15<=100,61,69,0.8840579710144928,43,18,0.7049180327868853,-34.0,9.0,True
score_min60,book>=0.65,75,102,0.7352941176470589,56,19,0.7466666666666667,-34.0,150.0,True
kinetic_guard,hazard>=0.50,31,126,0.24603174603174602,24,7,0.7741935483870968,-34.0,-106.0,True
book_refmargin_score_switch,adverse15<=100,69,78,0.8846153846153846,49,20,0.7101449275362319,-35.0,80.0,True
hazard_fallback_score60,adverse15<=10,45,64,0.703125,32,13,0.7111111111111111,-35.0,-19.0,True
hazard_mean_touch80,adverse15<=0,46,69,0.6666666666666666,33,13,0.717391304347826,-36.0,-28.0,True
v2_wait_score_min60_brownian70_early,ask<=70,54,97,0.5567010309278351,36,18,0.6666666666666666,-36.0,71.0,True
hazard_mean_touch80,hazard>=0.45,68,69,0.9855072463768116,49,19,0.7205882352941176,-37.0,-29.0,True
hazard_mean_touch80,blend>=0.45,68,69,0.9855072463768116,49,19,0.7205882352941176,-37.0,-29.0,True
hazard_mean_touch80,blend>=0.50,68,69,0.9855072463768116,49,19,0.7205882352941176,-37.0,-29.0,True
hazard_mean_touch80,blend>=0.55,68,69,0.9855072463768116,49,19,0.7205882352941176,-37.0,-29.0,True
hazard_mean_touch80_ask76,adverse15<=100,48,53,0.9056603773584906,34,14,0.7083333333333334,-37.0,73.0,True
v2_wait_score_min60_early,adverse15<=0,67,101,0.6633663366336634,48,19,0.7164179104477612,-39.0,156.0,True
impulse_reversal_book_margin_fade,touch_loss<=0.75,5,58,0.08620689655172414,3,2,0.6,-40.0,-123.0,True
score_min60,adverse15<=0,67,102,0.6568627450980392,48,19,0.7164179104477612,-41.0,143.0,True
kinetic_combo_price_guard,adverse15<=25,84,100,0.84,54,30,0.6428571428571429,-42.0,-234.0,True
hazard_mean_touch80,adverse15<=25,53,69,0.7681159420289855,38,15,0.7169811320754716,-42.0,-34.0,True
logit_blend_thresh55_edge15,touch_loss<=0.95,69,69,1.0,49,20,0.7101449275362319,-43.0,0.0,True
logit_blend_thresh55_edge15,blend>=0.45,69,69,1.0,49,20,0.7101449275362319,-43.0,0.0,True
logit_blend_thresh55_edge15,blend>=0.50,69,69,1.0,49,20,0.7101449275362319,-43.0,0.0,True
logit_blend_thresh55_edge15,blend>=0.55,69,69,1.0,49,20,0.7101449275362319,-43.0,0.0,True
logit_blend_thresh55_edge15,book>=0.55,69,69,1.0,49,20,0.7101449275362319,-43.0,0.0,True
logit_blend_thresh55_edge15,signal_score>=0.55,69,69,1.0,49,20,0.7101449275362319,-43.0,0.0,True
kinetic_price_guard,adverse15<=50,102,107,0.9532710280373832,65,37,0.6372549019607843,-44.0,-55.0,True
kinetic_guard,ask<=70,80,126,0.6349206349206349,51,29,0.6375,-44.0,-116.0,True
hazard_fallback_logit55_wait8,signal_score>=0.65,3,61,0.04918032786885246,2,1,0.6666666666666666,-44.0,184.0,True
hazard_mean_touch80,signal_score>=0.65,3,69,0.043478260869565216,2,1,0.6666666666666666,-44.0,-36.0,True
v2_wait_score_min60_brownian70_early,hazard>=0.55,18,97,0.18556701030927836,14,4,0.7777777777777778,-45.0,62.0,True
hazard_fallback_logit55_wait8,hazard>=0.55,16,61,0.26229508196721313,12,4,0.75,-46.0,182.0,True
hazard_fallback_logit55_wait8,signal_score>=0.55,16,61,0.26229508196721313,12,4,0.75,-46.0,182.0,True
hazard_fallback_logit55_wait8,book>=0.65,52,61,0.8524590163934426,38,14,0.7307692307692307,-47.0,181.0,True
kinetic_touch,score>=0.70,30,134,0.22388059701492538,23,7,0.7666666666666667,-49.0,236.0,True
kinetic_touch,signal_score>=0.70,30,134,0.22388059701492538,23,7,0.7666666666666667,-49.0,236.0,True
hazard_fallback_logit55,hazard>=0.55,13,68,0.19117647058823528,10,3,0.7692307692307693,-49.0,21.0,True
logit_blend_thresh55_edge15,hazard>=0.55,13,69,0.18840579710144928,10,3,0.7692307692307693,-49.0,-6.0,True
impulse_reversal_book_margin_fade,signal_score>=0.70,2,58,0.034482758620689655,1,1,0.5,-49.0,-132.0,True
hazard_fallback_logit55_wait8,ask<=70,30,61,0.4918032786885246,20,10,0.6666666666666666,-51.0,177.0,True
hazard_fallback_logit55,fair_edge>=-5,4,68,0.058823529411764705,2,2,0.5,-51.0,19.0,True
logit_blend_thresh55_edge15,fair_edge>=-5,4,69,0.057971014492753624,2,2,0.5,-51.0,-8.0,True
kinetic_price_guard,touch_loss<=0.85,89,107,0.8317757009345794,57,32,0.6404494382022472,-52.0,-63.0,True
hazard_fallback_score60,adverse15<=25,48,64,0.75,34,14,0.7083333333333334,-53.0,-37.0,True
hazard_fallback_score60,signal_score>=0.65,4,64,0.0625,3,1,0.75,-53.0,-37.0,True
hazard_fallback_score60,signal_score>=0.70,4,64,0.0625,3,1,0.75,-53.0,-37.0,True
hazard_fallback_logit55,signal_score>=0.65,4,68,0.058823529411764705,3,1,0.75,-53.0,17.0,True
hazard_fallback_logit55,signal_score>=0.70,4,68,0.058823529411764705,3,1,0.75,-53.0,17.0,True
v2_wait_score_min60_early,signal_score>=0.65,52,101,0.5148514851485149,39,13,0.75,-55.0,140.0,True
hazard_fallback_score60,hazard>=0.55,17,64,0.265625,13,4,0.7647058823529411,-55.0,-39.0,True
book_margin_delayed_adv100_brownian55,hazard>=0.55,16,81,0.19753086419753085,13,3,0.8125,-55.0,206.0,True
kinetic_price_guard,score>=0.60,66,107,0.616822429906542,43,23,0.6515151515151515,-58.0,-69.0,True
kinetic_price_guard,signal_score>=0.60,66,107,0.616822429906542,43,23,0.6515151515151515,-58.0,-69.0,True
book_refmargin_score_switch,signal_score>=0.65,39,78,0.5,29,10,0.7435897435897436,-58.0,57.0,True
kinetic_price_guard,book>=0.65,41,107,0.38317757009345793,28,13,0.6829268292682927,-59.0,-70.0,True
kinetic_price_guard,blend>=0.55,29,107,0.27102803738317754,19,10,0.6551724137931034,-59.0,-70.0,True
hazard_mean_touch80,adverse15<=10,49,69,0.7101449275362319,35,14,0.7142857142857143,-60.0,-52.0,True
score_min60_gap020,adverse15<=100,77,91,0.8461538461538461,55,22,0.7142857142857143,-61.0,119.0,True
score_min60_gap020,book>=0.65,66,91,0.7252747252747253,49,17,0.7424242424242424,-63.0,117.0,True
book_margin_delayed_adv100_brownian55,ask<=70,55,81,0.6790123456790124,36,19,0.6545454545454545,-63.0,198.0,True
book_margin_delayed_adv100_brownian55,book>=0.65,47,81,0.5802469135802469,35,12,0.7446808510638298,-63.0,198.0,True
book_margin_delayed_adv100_brownian55,signal_score>=0.65,47,81,0.5802469135802469,35,12,0.7446808510638298,-63.0,198.0,True
kinetic_touch,blend>=0.60,30,134,0.22388059701492538,22,8,0.7333333333333333,-63.0,222.0,True
kinetic_path_confirm,book>=0.60,107,118,0.9067796610169492,82,25,0.7663551401869159,-64.0,-57.0,True
book_refmargin_score_switch,ask<=75,64,78,0.8205128205128205,44,20,0.6875,-64.0,51.0,True
kinetic_combo_price_guard,hazard>=0.60,1,100,0.01,0,1,0.0,-64.0,-256.0,True
kinetic_price_guard,hazard>=0.60,1,107,0.009345794392523364,0,1,0.0,-64.0,-75.0,True
kinetic_guard,adverse15<=10,101,126,0.8015873015873016,69,32,0.6831683168316832,-65.0,-137.0,True
hazard_mean_touch80_ask76,adverse15<=0,33,53,0.6226415094339622,23,10,0.696969696969697,-65.0,45.0,True
kinetic_guard,book>=0.65,73,126,0.5793650793650794,55,18,0.7534246575342466,-65.0,-137.0,True
v2_wait_score_min60_brownian70_early,signal_score>=0.65,51,97,0.5257731958762887,38,13,0.7450980392156863,-65.0,42.0,True
hazard_fallback_logit55,fair_edge>=0,1,68,0.014705882352941176,0,1,0.0,-65.0,5.0,True
logit_blend_thresh55_edge15,fair_edge>=0,1,69,0.014492753623188406,0,1,0.0,-65.0,-22.0,True
impulse_reversal_book_margin_fade,score>=0.65,1,58,0.017241379310344827,0,1,0.0,-66.0,-149.0,True
kinetic_guard,touch_loss<=0.85,110,126,0.873015873015873,77,33,0.7,-69.0,-141.0,True
book_refmargin_score_switch,ask<=70,44,78,0.5641025641025641,29,15,0.6590909090909091,-69.0,46.0,True
score_min60_gap020,ask<=70,50,91,0.5494505494505495,33,17,0.66,-69.0,111.0,True
hazard_fallback_logit55,touch_loss<=0.95,68,68,1.0,48,20,0.7058823529411765,-70.0,0.0,True
hazard_fallback_logit55,blend>=0.45,68,68,1.0,48,20,0.7058823529411765,-70.0,0.0,True
hazard_fallback_logit55,blend>=0.50,68,68,1.0,48,20,0.7058823529411765,-70.0,0.0,True
hazard_fallback_logit55,blend>=0.55,68,68,1.0,48,20,0.7058823529411765,-70.0,0.0,True
hazard_fallback_logit55,book>=0.55,68,68,1.0,48,20,0.7058823529411765,-70.0,0.0,True
v2_wait_score_min60_brownian70_early,touch_loss<=0.75,76,97,0.7835051546391752,55,21,0.7236842105263158,-73.0,34.0,True
logit_blend_edge10,book>=0.55,39,75,0.52,27,12,0.6923076923076923,-73.0,-204.0,True
logit_blend_thresh55_edge15,score>=0.55,68,69,0.9855072463768116,48,20,0.7058823529411765,-75.0,-32.0,True
hazard_fallback_score60,touch_loss<=0.75,50,64,0.78125,36,14,0.72,-76.0,-60.0,True
logit_blend_thresh55_edge15,signal_score>=0.65,16,69,0.2318840579710145,12,4,0.75,-76.0,-33.0,True
kinetic_price_guard,book>=0.55,94,107,0.8785046728971962,61,33,0.648936170212766,-78.0,-89.0,True
v2_wait_score_min60_brownian70_early,ask<=75,76,97,0.7835051546391752,52,24,0.6842105263157895,-78.0,29.0,True
v2_wait_score_min60_early,book>=0.65,73,101,0.7227722772277227,54,19,0.7397260273972602,-79.0,116.0,True
impulse_reversal_book_margin_fade,ask<=65,49,58,0.8448275862068966,25,24,0.5102040816326531,-80.0,-163.0,True
logit_blend_edge10,blend>=0.60,26,75,0.3466666666666667,19,7,0.7307692307692307,-80.0,-211.0,True
logit_blend_edge10,signal_score>=0.60,26,75,0.3466666666666667,19,7,0.7307692307692307,-80.0,-211.0,True
hazard_fallback_score60,adverse15<=50,54,64,0.84375,38,16,0.7037037037037037,-82.0,-66.0,True
kinetic_price_guard,adverse15<=10,84,107,0.7850467289719626,53,31,0.6309523809523809,-83.0,-94.0,True
hazard_mean_touch80,book>=0.60,67,69,0.9710144927536232,48,19,0.7164179104477612,-85.0,-77.0,True
kinetic_path_confirm,book>=0.55,114,118,0.9661016949152542,86,28,0.7543859649122807,-88.0,-81.0,True
logit_blend_edge10,score>=0.55,45,75,0.6,30,15,0.6666666666666666,-88.0,-219.0,True
hazard_mean_touch80_ask76,adverse15<=10,36,53,0.6792452830188679,25,11,0.6944444444444444,-89.0,21.0,True
hazard_fallback_score60,ask<=65,17,64,0.265625,10,7,0.5882352941176471,-92.0,-76.0,True
hazard_fallback_score60,book>=0.60,62,64,0.96875,44,18,0.7096774193548387,-93.0,-77.0,True
hazard_fallback_logit55,adverse15<=0,45,68,0.6617647058823529,31,14,0.6888888888888889,-93.0,-23.0,True
logit_blend_thresh55_edge15,adverse15<=0,45,69,0.6521739130434783,31,14,0.6888888888888889,-93.0,-50.0,True
book_refmargin_score_switch,adverse15<=0,53,78,0.6794871794871795,37,16,0.6981132075471698,-95.0,20.0,True
score_min60,score>=0.70,40,102,0.39215686274509803,30,10,0.75,-95.0,89.0,True
hazard_fallback_logit55,adverse15<=25,52,68,0.7647058823529411,36,16,0.6923076923076923,-96.0,-26.0,True
logit_blend_thresh55_edge15,adverse15<=25,52,69,0.7536231884057971,36,16,0.6923076923076923,-96.0,-53.0,True
hazard_fallback_score60,signal_score>=0.55,30,64,0.46875,21,9,0.7,-96.0,-80.0,True
hazard_mean_touch80_ask76,adverse15<=25,39,53,0.7358490566037735,27,12,0.6923076923076923,-97.0,13.0,True
hazard_fallback_logit55,score>=0.55,67,68,0.9852941176470589,47,20,0.7014925373134329,-102.0,-32.0,True
kinetic_touch,hazard>=0.50,25,134,0.1865671641791045,18,7,0.72,-102.0,183.0,True
book_refmargin_score_switch,blend>=0.60,48,78,0.6153846153846154,35,13,0.7291666666666666,-103.0,12.0,True
score_min60_gap020,blend>=0.60,48,91,0.5274725274725275,35,13,0.7291666666666666,-103.0,77.0,True
score_min60,blend>=0.60,48,102,0.47058823529411764,35,13,0.7291666666666666,-103.0,81.0,True
book_margin_delayed_adv100_brownian55,blend>=0.60,35,81,0.43209876543209874,26,9,0.7428571428571429,-105.0,156.0,True
v2_wait_score_min60_brownian70_early,score>=0.55,97,97,1.0,69,28,0.711340206185567,-107.0,0.0,True
v2_wait_score_min60_brownian70_early,touch_loss<=0.85,97,97,1.0,69,28,0.711340206185567,-107.0,0.0,True
v2_wait_score_min60_brownian70_early,touch_loss<=0.95,97,97,1.0,69,28,0.711340206185567,-107.0,0.0,True
v2_wait_score_min60_brownian70_early,book>=0.55,97,97,1.0,69,28,0.711340206185567,-107.0,0.0,True
v2_wait_score_min60_brownian70_early,signal_score>=0.55,97,97,1.0,69,28,0.711340206185567,-107.0,0.0,True
v2_wait_score_min60_brownian70_early,adverse15<=10,68,97,0.7010309278350515,48,20,0.7058823529411765,-107.0,0.0,True
hazard_fallback_logit55,score>=0.70,18,68,0.2647058823529412,13,5,0.7222222222222222,-107.0,-37.0,True
logit_blend_thresh55_edge15,score>=0.70,18,69,0.2608695652173913,13,5,0.7222222222222222,-107.0,-64.0,True
hazard_mean_touch80,adverse15<=50,58,69,0.8405797101449275,41,17,0.7068965517241379,-108.0,-100.0,True
v2_wait_score_min60_brownian70_early,adverse15<=25,72,97,0.7422680412371134,51,21,0.7083333333333334,-108.0,-1.0,True
score_min60_gap020,signal_score>=0.65,46,91,0.5054945054945055,34,12,0.7391304347826086,-108.0,72.0,True
logit_blend_edge10,hazard>=0.45,28,75,0.37333333333333335,20,8,0.7142857142857143,-108.0,-239.0,True
hazard_mean_touch80,score>=0.60,62,69,0.8985507246376812,44,18,0.7096774193548387,-109.0,-101.0,True
hazard_mean_touch80_ask76,score>=0.55,53,53,1.0,37,16,0.6981132075471698,-110.0,0.0,True
hazard_mean_touch80_ask76,touch_loss<=0.85,53,53,1.0,37,16,0.6981132075471698,-110.0,0.0,True
hazard_mean_touch80_ask76,touch_loss<=0.95,53,53,1.0,37,16,0.6981132075471698,-110.0,0.0,True
hazard_mean_touch80_ask76,hazard>=0.45,53,53,1.0,37,16,0.6981132075471698,-110.0,0.0,True
hazard_mean_touch80_ask76,blend>=0.45,53,53,1.0,37,16,0.6981132075471698,-110.0,0.0,True
hazard_mean_touch80_ask76,blend>=0.50,53,53,1.0,37,16,0.6981132075471698,-110.0,0.0,True
hazard_mean_touch80_ask76,blend>=0.55,53,53,1.0,37,16,0.6981132075471698,-110.0,0.0,True
hazard_mean_touch80_ask76,book>=0.55,53,53,1.0,37,16,0.6981132075471698,-110.0,0.0,True
kinetic_guard,ask<=75,101,126,0.8015873015873016,66,35,0.6534653465346535,-110.0,-182.0,True
logit_blend_edge10,book>=0.60,28,75,0.37333333333333335,20,8,0.7142857142857143,-111.0,-242.0,True
v2_wait_score_min60_brownian70_early,ask<=65,28,97,0.28865979381443296,17,11,0.6071428571428571,-111.0,-4.0,True
kinetic_combo_price_guard,score>=0.70,16,100,0.16,10,6,0.625,-112.0,-304.0,True
kinetic_combo_price_guard,signal_score>=0.70,16,100,0.16,10,6,0.625,-112.0,-304.0,True
score_min60_gap020,ask<=75,72,91,0.7912087912087912,49,23,0.6805555555555556,-113.0,67.0,True
hazard_fallback_logit55,adverse15<=10,48,68,0.7058823529411765,33,15,0.6875,-114.0,-44.0,True
logit_blend_thresh55_edge15,adverse15<=10,48,69,0.6956521739130435,33,15,0.6875,-114.0,-71.0,True
hazard_mean_touch80,ask<=65,11,69,0.15942028985507245,6,5,0.5454545454545454,-114.0,-106.0,True
book_refmargin_score_switch,score>=0.55,78,78,1.0,55,23,0.7051282051282052,-115.0,0.0,True
book_refmargin_score_switch,touch_loss<=0.85,78,78,1.0,55,23,0.7051282051282052,-115.0,0.0,True
book_refmargin_score_switch,touch_loss<=0.95,78,78,1.0,55,23,0.7051282051282052,-115.0,0.0,True
book_refmargin_score_switch,book>=0.55,78,78,1.0,55,23,0.7051282051282052,-115.0,0.0,True
book_refmargin_score_switch,book>=0.60,78,78,1.0,55,23,0.7051282051282052,-115.0,0.0,True
book_refmargin_score_switch,signal_score>=0.55,78,78,1.0,55,23,0.7051282051282052,-115.0,0.0,True
book_refmargin_score_switch,signal_score>=0.60,78,78,1.0,55,23,0.7051282051282052,-115.0,0.0,True
score_min60,touch_loss<=0.75,82,102,0.803921568627451,59,23,0.7195121951219512,-116.0,68.0,True
book_refmargin_score_switch,adverse15<=10,56,78,0.717948717948718,39,17,0.6964285714285714,-116.0,-1.0,True
v2_wait_score_min60_early,ask<=65,28,101,0.27722772277227725,17,11,0.6071428571428571,-116.0,79.0,True
hazard_mean_touch80_ask76,blend>=0.60,40,53,0.7547169811320755,28,12,0.7,-117.0,-7.0,True
kinetic_touch,blend>=0.55,41,134,0.30597014925373134,29,12,0.7073170731707317,-117.0,168.0,True
score_min60_gap020,ask<=65,25,91,0.27472527472527475,15,10,0.6,-117.0,63.0,True
book_margin_early,ask<=65,62,101,0.6138613861386139,39,23,0.6290322580645161,-118.0,-223.0,True
logit_blend_thresh55_edge15,book>=0.60,67,69,0.9710144927536232,47,20,0.7014925373134329,-120.0,-77.0,True
logit_blend_thresh55_edge15,blend>=0.60,39,69,0.5652173913043478,28,11,0.717948717948718,-120.0,-77.0,True
logit_blend_thresh55_edge15,signal_score>=0.60,39,69,0.5652173913043478,28,11,0.717948717948718,-120.0,-77.0,True
book_margin_delayed_adv100_brownian55,hazard>=0.60,13,81,0.16049382716049382,10,3,0.7692307692307693,-124.0,137.0,True
book_refmargin_score_switch,ask<=65,22,78,0.28205128205128205,13,9,0.5909090909090909,-125.0,-10.0,True
logit_blend_edge10,score>=0.60,32,75,0.4266666666666667,22,10,0.6875,-126.0,-257.0,True
v2_wait_score_min60_early,adverse15<=10,71,101,0.7029702970297029,50,21,0.704225352112676,-127.0,68.0,True
hazard_fallback_logit55,signal_score>=0.55,32,68,0.47058823529411764,22,10,0.6875,-127.0,-57.0,True
v2_wait_score_min60_early,adverse15<=25,75,101,0.7425742574257426,53,22,0.7066666666666667,-128.0,67.0,True
score_min60,adverse15<=10,71,102,0.696078431372549,50,21,0.704225352112676,-129.0,55.0,True
score_min60,adverse15<=25,75,102,0.7352941176470589,53,22,0.7066666666666667,-130.0,54.0,True
kinetic_price_guard,adverse15<=25,88,107,0.822429906542056,55,33,0.625,-131.0,-142.0,True
kinetic_price_guard,score>=0.70,12,107,0.11214953271028037,7,5,0.5833333333333334,-131.0,-142.0,True
kinetic_price_guard,signal_score>=0.70,12,107,0.11214953271028037,7,5,0.5833333333333334,-131.0,-142.0,True
hazard_fallback_score60,blend>=0.60,43,64,0.671875,31,12,0.7209302325581395,-133.0,-117.0,True
book_refmargin_score_switch,adverse15<=25,59,78,0.7564102564102564,41,18,0.6949152542372882,-134.0,-19.0,True
v2_wait_score_min60_early,blend>=0.60,47,101,0.46534653465346537,34,13,0.723404255319149,-135.0,60.0,True
logit_blend_edge10,blend>=0.55,30,75,0.4,21,9,0.7,-135.0,-266.0,True
logit_blend_edge10,signal_score>=0.55,30,75,0.4,21,9,0.7,-135.0,-266.0,True
v2_wait_score_min60_brownian70_early,adverse15<=50,78,97,0.8041237113402062,55,23,0.7051282051282052,-137.0,-30.0,True
kinetic_combo_price_guard,book>=0.60,70,100,0.7,46,24,0.6571428571428571,-137.0,-329.0,True
logit_blend_edge10,blend>=0.50,42,75,0.56,28,14,0.6666666666666666,-137.0,-268.0,True
v2_wait_score_min60_early,score>=0.70,38,101,0.37623762376237624,28,10,0.7368421052631579,-140.0,55.0,True
v2_wait_score_min60_brownian70_early,signal_score>=0.60,96,97,0.9896907216494846,68,28,0.7083333333333334,-141.0,-34.0,True
score_min60_gap020,adverse15<=0,60,91,0.6593406593406593,42,18,0.7,-142.0,38.0,True
kinetic_path_confirm,score>=0.70,65,118,0.5508474576271186,51,14,0.7846153846153846,-142.0,-135.0,True
kinetic_path_confirm,signal_score>=0.70,65,118,0.5508474576271186,51,14,0.7846153846153846,-142.0,-135.0,True
hazard_mean_touch80_ask76,score>=0.70,17,53,0.32075471698113206,11,6,0.6470588235294118,-142.0,-32.0,True
logit_blend_edge10,touch_loss<=0.85,48,75,0.64,31,17,0.6458333333333334,-143.0,-274.0,True
kinetic_guard,adverse15<=0,95,126,0.753968253968254,64,31,0.6736842105263158,-145.0,-217.0,True
v2_wait_score_min60_brownian70_early,book>=0.60,96,97,0.9896907216494846,68,28,0.7083333333333334,-146.0,-39.0,True
score_min60,adverse15<=50,82,102,0.803921568627451,58,24,0.7073170731707317,-146.0,38.0,True
hazard_fallback_logit55,book>=0.60,66,68,0.9705882352941176,46,20,0.696969696969697,-147.0,-77.0,True
hazard_fallback_logit55,blend>=0.60,38,68,0.5588235294117647,27,11,0.7105263157894737,-147.0,-77.0,True
hazard_mean_touch80_ask76,book>=0.60,52,53,0.9811320754716981,36,16,0.6923076923076923,-148.0,-38.0,True
v2_wait_score_min60_early,ask<=70,57,101,0.5643564356435643,37,20,0.6491228070175439,-148.0,47.0,True
book_margin,ask<=65,64,105,0.6095238095238096,40,24,0.625,-150.0,-285.0,True
score_min60,ask<=70,57,102,0.5588235294117647,37,20,0.6491228070175439,-150.0,34.0,True
score_min60,ask<=65,27,102,0.2647058823529412,16,11,0.5925925925925926,-150.0,34.0,True
book_margin_gap015,ask<=65,61,89,0.6853932584269663,38,23,0.6229508196721312,-153.0,-262.0,True
hazard_fallback_logit55_wait8,adverse15<=100,56,61,0.9180327868852459,39,17,0.6964285714285714,-155.0,73.0,True
book_margin_delayed_adv100_brownian55,ask<=75,67,81,0.8271604938271605,44,23,0.6567164179104478,-156.0,105.0,True
hazard_mean_touch80_ask76,adverse15<=50,44,53,0.8301886792452831,30,14,0.6818181818181818,-157.0,-47.0,True
v2_wait_score_min60_early,adverse15<=50,81,101,0.801980198019802,57,24,0.7037037037037037,-157.0,38.0,True
hazard_mean_touch80_ask76,ask<=65,7,53,0.1320754716981132,3,4,0.42857142857142855,-157.0,-47.0,True
logit_blend_thresh55_edge15,touch_loss<=0.75,49,69,0.7101449275362319,34,15,0.6938775510204082,-158.0,-115.0,True
v2_wait_score_min60_brownian70_early,blend>=0.60,46,97,0.4742268041237113,33,13,0.717391304347826,-159.0,-52.0,True
book_refmargin_score_switch,score>=0.70,28,78,0.358974358974359,20,8,0.7142857142857143,-160.0,-45.0,True
v2_wait_score_min60_early,touch_loss<=0.75,80,101,0.7920792079207921,57,23,0.7125,-161.0,34.0,True
hazard_fallback_logit55,adverse15<=50,57,68,0.8382352941176471,39,18,0.6842105263157895,-162.0,-92.0,True
logit_blend_thresh55_edge15,adverse15<=50,57,69,0.8260869565217391,39,18,0.6842105263157895,-162.0,-119.0,True
book_refmargin_score_switch,adverse15<=50,65,78,0.8333333333333334,45,20,0.6923076923076923,-163.0,-48.0,True
score_min60_gap020,adverse15<=10,63,91,0.6923076923076923,44,19,0.6984126984126984,-163.0,17.0,True
hazard_fallback_logit55,ask<=65,18,68,0.2647058823529412,10,8,0.5555555555555556,-164.0,-94.0,True
logit_blend_thresh55_edge15,ask<=65,18,69,0.2608695652173913,10,8,0.5555555555555556,-164.0,-121.0,True
book_margin_delayed_adv100_brownian55,score>=0.55,75,81,0.9259259259259259,52,23,0.6933333333333334,-165.0,96.0,True
hazard_fallback_score60,score>=0.60,53,64,0.828125,37,16,0.6981132075471698,-166.0,-150.0,True
v2_wait_score_min60_early,ask<=75,80,101,0.7920792079207921,54,26,0.675,-166.0,29.0,True
hazard_fallback_logit55_wait8,ask<=75,49,61,0.8032786885245902,33,16,0.673469387755102,-167.0,61.0,True
score_min60,ask<=75,80,102,0.7843137254901961,54,26,0.675,-168.0,16.0,True
logit_blend_thresh55_edge15,score>=0.60,58,69,0.8405797101449275,40,18,0.6896551724137931,-174.0,-131.0,True
hazard_mean_touch80,score>=0.70,26,69,0.37681159420289856,18,8,0.6923076923076923,-174.0,-166.0,True
logit_blend_edge10,touch_loss<=0.75,31,75,0.41333333333333333,21,10,0.6774193548387096,-177.0,-308.0,True
book_margin_delayed_adv100_brownian55,hazard>=0.50,29,81,0.35802469135802467,21,8,0.7241379310344828,-177.0,84.0,True
kinetic_price_guard,touch_loss<=0.75,52,107,0.48598130841121495,33,19,0.6346153846153846,-178.0,-189.0,True
score_min60_gap020,touch_loss<=0.75,72,91,0.7912087912087912,51,21,0.7083333333333334,-179.0,1.0,True
score_min60_gap020,score>=0.55,91,91,1.0,64,27,0.7032967032967034,-180.0,0.0,True
score_min60_gap020,touch_loss<=0.85,91,91,1.0,64,27,0.7032967032967034,-180.0,0.0,True
score_min60_gap020,touch_loss<=0.95,91,91,1.0,64,27,0.7032967032967034,-180.0,0.0,True
score_min60_gap020,book>=0.55,91,91,1.0,64,27,0.7032967032967034,-180.0,0.0,True
score_min60_gap020,book>=0.60,91,91,1.0,64,27,0.7032967032967034,-180.0,0.0,True
score_min60_gap020,signal_score>=0.55,91,91,1.0,64,27,0.7032967032967034,-180.0,0.0,True
score_min60_gap020,signal_score>=0.60,91,91,1.0,64,27,0.7032967032967034,-180.0,0.0,True
kinetic_guard,book>=0.60,98,126,0.7777777777777778,70,28,0.7142857142857143,-181.0,-253.0,True
score_min60_gap020,adverse15<=25,66,91,0.7252747252747253,46,20,0.696969696969697,-181.0,-1.0,True
hazard_fallback_logit55_wait8,ask<=65,9,61,0.14754098360655737,4,5,0.4444444444444444,-181.0,47.0,True
kinetic_path_confirm,book>=0.65,92,118,0.7796610169491526,71,21,0.7717391304347826,-183.0,-176.0,True
hazard_fallback_score60,score>=0.70,23,64,0.359375,16,7,0.6956521739130435,-183.0,-167.0,True
score_min60,score>=0.55,102,102,1.0,72,30,0.7058823529411765,-184.0,0.0,True
score_min60,touch_loss<=0.85,102,102,1.0,72,30,0.7058823529411765,-184.0,0.0,True
score_min60,touch_loss<=0.95,102,102,1.0,72,30,0.7058823529411765,-184.0,0.0,True
score_min60,book>=0.55,102,102,1.0,72,30,0.7058823529411765,-184.0,0.0,True
score_min60,book>=0.60,102,102,1.0,72,30,0.7058823529411765,-184.0,0.0,True
score_min60,signal_score>=0.55,102,102,1.0,72,30,0.7058823529411765,-184.0,0.0,True
score_min60,signal_score>=0.60,102,102,1.0,72,30,0.7058823529411765,-184.0,0.0,True
hazard_mean_touch80_ask76,score>=0.60,47,53,0.8867924528301887,32,15,0.6808510638297872,-185.0,-75.0,True
hazard_mean_touch80,touch_loss<=0.75,59,69,0.855072463768116,41,18,0.6949152542372882,-185.0,-177.0,True
hazard_fallback_logit55,touch_loss<=0.75,48,68,0.7058823529411765,33,15,0.6875,-185.0,-115.0,True
logit_blend_edge10,fair_edge>=-5,12,75,0.16,5,7,0.4166666666666667,-185.0,-316.0,True
kinetic_touch,ask<=70,92,134,0.6865671641791045,57,35,0.6195652173913043,-187.0,98.0,True
v2_wait_score_min60_brownian70_early,score>=0.60,82,97,0.845360824742268,58,24,0.7073170731707317,-193.0,-86.0,True
v2_wait_score_min60_brownian70_early,score>=0.70,36,97,0.3711340206185567,26,10,0.7222222222222222,-194.0,-87.0,True
v2_wait_score_min60_early,score>=0.55,101,101,1.0,71,30,0.7029702970297029,-195.0,0.0,True
v2_wait_score_min60_early,touch_loss<=0.85,101,101,1.0,71,30,0.7029702970297029,-195.0,0.0,True
v2_wait_score_min60_early,touch_loss<=0.95,101,101,1.0,71,30,0.7029702970297029,-195.0,0.0,True
v2_wait_score_min60_early,book>=0.55,101,101,1.0,71,30,0.7029702970297029,-195.0,0.0,True
v2_wait_score_min60_early,book>=0.60,101,101,1.0,71,30,0.7029702970297029,-195.0,0.0,True
v2_wait_score_min60_early,signal_score>=0.55,101,101,1.0,71,30,0.7029702970297029,-195.0,0.0,True
book_margin_delayed_adv100_brownian55,ask<=65,34,81,0.41975308641975306,20,14,0.5882352941176471,-198.0,63.0,True
book_margin_delayed_adv100_brownian55,signal_score>=0.70,26,81,0.32098765432098764,19,7,0.7307692307692307,-198.0,63.0,True
hazard_fallback_logit55,score>=0.60,57,68,0.8382352941176471,39,18,0.6842105263157895,-201.0,-131.0,True
book_refmargin_score_switch,touch_loss<=0.75,63,78,0.8076923076923077,44,19,0.6984126984126984,-201.0,-86.0,True
score_min60,score>=0.60,86,102,0.8431372549019608,61,25,0.7093023255813954,-202.0,-18.0,True
hazard_fallback_logit55_wait8,adverse15<=0,40,61,0.6557377049180327,27,13,0.675,-203.0,25.0,True
hazard_mean_touch80_ask76,touch_loss<=0.75,46,53,0.8679245283018868,31,15,0.6739130434782609,-206.0,-96.0,True
hazard_fallback_logit55_wait8,adverse15<=25,47,61,0.7704918032786885,32,15,0.6808510638297872,-209.0,19.0,True
score_min60_gap020,adverse15<=50,72,91,0.7912087912087912,50,22,0.6944444444444444,-210.0,-30.0,True
score_min60,score>=0.65,63,102,0.6176470588235294,45,18,0.7142857142857143,-211.0,-27.0,True
v2_wait_score_min60_early,score>=0.60,85,101,0.8415841584158416,60,25,0.7058823529411765,-213.0,-18.0,True
hazard_fallback_logit55_wait8,adverse15<=10,43,61,0.7049180327868853,29,14,0.6744186046511628,-227.0,1.0,True
hazard_fallback_logit55_wait8,score>=0.55,61,61,1.0,42,19,0.6885245901639344,-228.0,0.0,True
hazard_fallback_logit55_wait8,touch_loss<=0.85,61,61,1.0,42,19,0.6885245901639344,-228.0,0.0,True
hazard_fallback_logit55_wait8,touch_loss<=0.95,61,61,1.0,42,19,0.6885245901639344,-228.0,0.0,True
hazard_fallback_logit55_wait8,hazard>=0.45,61,61,1.0,42,19,0.6885245901639344,-228.0,0.0,True
hazard_fallback_logit55_wait8,blend>=0.45,61,61,1.0,42,19,0.6885245901639344,-228.0,0.0,True
hazard_fallback_logit55_wait8,blend>=0.50,61,61,1.0,42,19,0.6885245901639344,-228.0,0.0,True
hazard_fallback_logit55_wait8,blend>=0.55,61,61,1.0,42,19,0.6885245901639344,-228.0,0.0,True
hazard_fallback_logit55_wait8,book>=0.55,61,61,1.0,42,19,0.6885245901639344,-228.0,0.0,True
hazard_fallback_score60,score>=0.65,38,64,0.59375,26,12,0.6842105263157895,-228.0,-212.0,True
v2_wait_score_min60_early,signal_score>=0.60,100,101,0.9900990099009901,70,30,0.7,-229.0,-34.0,True
kinetic_price_guard,adverse15<=0,80,107,0.7476635514018691,49,31,0.6125,-236.0,-247.0,True
v2_wait_score_min60_brownian70_early,score>=0.65,58,97,0.5979381443298969,41,17,0.7068965517241379,-236.0,-129.0,True
hazard_mean_touch80,blend>=0.60,49,69,0.7101449275362319,34,15,0.6938775510204082,-237.0,-229.0,True
hazard_mean_touch80_ask76,hazard>=0.50,32,53,0.6037735849056604,21,11,0.65625,-241.0,-131.0,True
hazard_fallback_logit55,hazard>=0.50,31,68,0.45588235294117646,21,10,0.6774193548387096,-245.0,-175.0,True
logit_blend_thresh55_edge15,hazard>=0.50,31,69,0.4492753623188406,21,10,0.6774193548387096,-245.0,-202.0,True
hazard_fallback_logit55_wait8,score>=0.70,23,61,0.3770491803278688,15,8,0.6521739130434783,-245.0,-17.0,True
kinetic_guard,score>=0.60,95,126,0.753968253968254,66,29,0.6947368421052632,-249.0,-321.0,True
kinetic_guard,signal_score>=0.60,95,126,0.753968253968254,66,29,0.6947368421052632,-249.0,-321.0,True
logit_blend_edge10,score>=0.65,23,75,0.30666666666666664,15,8,0.6521739130434783,-252.0,-383.0,True
kinetic_guard,touch_loss<=0.75,74,126,0.5873015873015873,52,22,0.7027027027027027,-253.0,-325.0,True
book_refmargin_score_switch,hazard>=0.50,39,78,0.5,27,12,0.6923076923076923,-255.0,-140.0,True
score_min60_gap020,hazard>=0.50,39,91,0.42857142857142855,27,12,0.6923076923076923,-255.0,-75.0,True
score_min60,hazard>=0.50,39,102,0.38235294117647056,27,12,0.6923076923076923,-255.0,-71.0,True
v2_wait_score_min60_early,score>=0.65,61,101,0.6039603960396039,43,18,0.7049180327868853,-256.0,-61.0,True
hazard_fallback_score60,hazard>=0.50,35,64,0.546875,24,11,0.6857142857142857,-258.0,-242.0,True
book_margin_delayed_adv100_brownian55,adverse15<=100,81,81,1.0,55,26,0.6790123456790124,-261.0,0.0,True
book_margin_delayed_adv100_brownian55,touch_loss<=0.95,81,81,1.0,55,26,0.6790123456790124,-261.0,0.0,True
book_margin_delayed_adv100_brownian55,book>=0.55,81,81,1.0,55,26,0.6790123456790124,-261.0,0.0,True
book_margin_delayed_adv100_brownian55,book>=0.60,81,81,1.0,55,26,0.6790123456790124,-261.0,0.0,True
book_margin_delayed_adv100_brownian55,signal_score>=0.55,81,81,1.0,55,26,0.6790123456790124,-261.0,0.0,True
book_margin_delayed_adv100_brownian55,signal_score>=0.60,81,81,1.0,55,26,0.6790123456790124,-261.0,0.0,True
score_min60_gap020,score>=0.70,33,91,0.3626373626373626,23,10,0.696969696969697,-261.0,-81.0,True
book_margin_delayed_adv100_brownian55,adverse15<=25,66,81,0.8148148148148148,44,22,0.6666666666666666,-262.0,-1.0,True
book_margin_delayed_adv100_brownian55,touch_loss<=0.85,69,81,0.8518518518518519,47,22,0.6811594202898551,-264.0,-3.0,True
hazard_fallback_logit55_wait8,adverse15<=50,52,61,0.8524590163934426,35,17,0.6730769230769231,-275.0,-47.0,True
kinetic_touch,score>=0.55,134,134,1.0,89,45,0.664179104477612,-285.0,0.0,True
kinetic_touch,touch_loss<=0.95,134,134,1.0,89,45,0.664179104477612,-285.0,0.0,True
kinetic_touch,signal_score>=0.55,134,134,1.0,89,45,0.664179104477612,-285.0,0.0,True
book_margin_delayed_adv100_brownian55,score>=0.70,22,81,0.2716049382716049,15,7,0.6818181818181818,-285.0,-24.0,True
v2_wait_score_min60_early,hazard>=0.50,38,101,0.37623762376237624,26,12,0.6842105263157895,-287.0,-92.0,True
book_refmargin_score_switch,score>=0.60,66,78,0.8461538461538461,45,21,0.6818181818181818,-300.0,-185.0,True
book_margin_delayed_adv100_brownian55,adverse15<=10,60,81,0.7407407407407407,39,21,0.65,-302.0,-41.0,True
kinetic_price_guard,book>=0.60,68,107,0.6355140186915887,43,25,0.6323529411764706,-302.0,-313.0,True
hazard_fallback_logit55_wait8,book>=0.60,59,61,0.9672131147540983,40,19,0.6779661016949152,-305.0,-77.0,True
hazard_fallback_logit55_wait8,blend>=0.60,46,61,0.7540983606557377,31,15,0.6739130434782609,-306.0,-78.0,True
kinetic_touch,ask<=75,115,134,0.8582089552238806,73,42,0.6347826086956522,-308.0,-23.0,True
book_margin_delayed_adv100_brownian55,adverse15<=0,56,81,0.691358024691358,36,20,0.6428571428571429,-308.0,-47.0,True
kinetic_touch,adverse15<=50,111,134,0.8283582089552238,72,39,0.6486486486486487,-311.0,-26.0,True
v2_wait_score_min60_brownian70_early,hazard>=0.50,37,97,0.38144329896907214,25,12,0.6756756756756757,-311.0,-204.0,True
kinetic_touch,adverse15<=100,118,134,0.8805970149253731,77,41,0.652542372881356,-314.0,-29.0,True
kinetic_combo_price_guard,score>=0.65,37,100,0.37,22,15,0.5945945945945946,-320.0,-512.0,True
kinetic_combo_price_guard,signal_score>=0.65,37,100,0.37,22,15,0.5945945945945946,-320.0,-512.0,True
kinetic_path_confirm,score>=0.65,86,118,0.7288135593220338,64,22,0.7441860465116279,-322.0,-315.0,True
kinetic_path_confirm,signal_score>=0.65,86,118,0.7288135593220338,64,22,0.7441860465116279,-322.0,-315.0,True
book_margin_delayed_adv100_brownian55,adverse15<=50,74,81,0.9135802469135802,49,25,0.6621621621621622,-323.0,-62.0,True
hazard_fallback_logit55_wait8,score>=0.60,54,61,0.8852459016393442,36,18,0.6666666666666666,-329.0,-101.0,True
score_min60_gap020,score>=0.60,77,91,0.8461538461538461,53,24,0.6883116883116883,-333.0,-153.0,True
kinetic_touch,adverse15<=25,101,134,0.753731343283582,65,36,0.6435643564356436,-336.0,-51.0,True
kinetic_price_guard,score>=0.65,36,107,0.3364485981308411,21,15,0.5833333333333334,-339.0,-350.0,True
kinetic_price_guard,signal_score>=0.65,36,107,0.3364485981308411,21,15,0.5833333333333334,-339.0,-350.0,True
hazard_mean_touch80,hazard>=0.50,38,69,0.5507246376811594,25,13,0.6578947368421053,-341.0,-333.0,True
score_min60_gap020,score>=0.65,54,91,0.5934065934065934,37,17,0.6851851851851852,-342.0,-162.0,True
book_refmargin_score_switch,score>=0.65,45,78,0.5769230769230769,30,15,0.6666666666666666,-346.0,-231.0,True
hazard_fallback_logit55,score>=0.65,36,68,0.5294117647058824,23,13,0.6388888888888888,-348.0,-278.0,True
logit_blend_thresh55_edge15,score>=0.65,36,69,0.5217391304347826,23,13,0.6388888888888888,-348.0,-305.0,True
kinetic_guard,score>=0.65,61,126,0.48412698412698413,43,18,0.7049180327868853,-348.0,-420.0,True
kinetic_guard,signal_score>=0.65,61,126,0.48412698412698413,43,18,0.7049180327868853,-348.0,-420.0,True
hazard_fallback_logit55_wait8,touch_loss<=0.75,53,61,0.8688524590163934,35,18,0.660377358490566,-350.0,-122.0,True
hazard_mean_touch80_ask76,score>=0.65,34,53,0.6415094339622641,21,13,0.6176470588235294,-353.0,-243.0,True
book_margin_delayed_adv100_brownian55,score>=0.60,60,81,0.7407407407407407,40,20,0.6666666666666666,-360.0,-99.0,True
kinetic_touch,book>=0.65,73,134,0.5447761194029851,51,22,0.6986301369863014,-360.0,-75.0,True
kinetic_touch,adverse15<=10,93,134,0.6940298507462687,59,34,0.6344086021505376,-365.0,-80.0,True
hazard_mean_touch80,score>=0.65,46,69,0.6666666666666666,30,16,0.6521739130434783,-373.0,-365.0,True
kinetic_touch,book>=0.55,121,134,0.9029850746268657,81,40,0.6694214876033058,-374.0,-89.0,True
kinetic_touch,score>=0.60,87,134,0.6492537313432836,58,29,0.6666666666666666,-378.0,-93.0,True
kinetic_touch,signal_score>=0.60,87,134,0.6492537313432836,58,29,0.6666666666666666,-378.0,-93.0,True
hazard_fallback_logit55_wait8,hazard>=0.50,36,61,0.5901639344262295,23,13,0.6388888888888888,-383.0,-155.0,True
kinetic_touch,adverse15<=0,89,134,0.664179104477612,56,33,0.6292134831460674,-396.0,-111.0,True
book_margin_delayed_adv100_brownian55,touch_loss<=0.75,44,81,0.5432098765432098,29,15,0.6590909090909091,-410.0,-149.0,True
kinetic_touch,touch_loss<=0.75,68,134,0.5074626865671642,45,23,0.6617647058823529,-426.0,-141.0,True
kinetic_touch,score>=0.65,50,134,0.373134328358209,33,17,0.66,-437.0,-152.0,True
kinetic_touch,signal_score>=0.65,50,134,0.373134328358209,33,17,0.66,-437.0,-152.0,True
kinetic_touch,touch_loss<=0.85,110,134,0.8208955223880597,71,39,0.6454545454545455,-490.0,-205.0,True
kinetic_touch,book>=0.60,100,134,0.746268656716418,67,33,0.67,-500.0,-215.0,True
hazard_fallback_logit55_wait8,score>=0.65,41,61,0.6721311475409836,25,16,0.6097560975609756,-507.0,-279.0,True
book_margin_delayed_adv100_brownian55,score>=0.65,33,81,0.4074074074074074,20,13,0.6060606060606061,-540.0,-279.0,True
