name,path,fresh_metric_source,label,overlay,lock_close_dt,fresh_base_markets,fresh_markets,fresh_wins,fresh_losses,fresh_accuracy,fresh_break_even,fresh_coverage,fresh_net_pnl_cents,fresh_net_roi,fresh_avg_entry_cost_cents,all_accuracy,all_break_even,all_net_pnl_cents,all_net_roi,posterior_alpha,posterior_beta,prob_win_rate_gt_break_even,posterior_mean_win_rate,posterior_p05_win_rate,posterior_p95_win_rate,posterior_mean_edge_cents,posterior_p05_edge_cents,posterior_p95_edge_cents,posterior_extra_perfect_wins_to_gate,posterior_ready
original,logs\edge_research\profit_frontier_fresh_validation_latest.json,registered_signal_readiness,choose=brownian_p_rv_15m; brownian_p_rv_15m>=0.55; ask<=95; sec_to_close>=120; adverse15<=10_or_margin_rv15>=0.5,,2026-05-02T20:30:00+00:00,200,137,92,45,0.6715328467153284,0.6636496350364963,0.685,108.0,0.011878574571051475,66.36496350364963,0.6575342465753424,0.6556506849315068,55.0,0.002872812744841995,93.0,46.0,0.56336,0.6691857974212488,0.6027069811796467,0.7330016278737441,0.553616238475241,-6.094265385684958,6.9351992837247805,27,False
frontier_v2,logs\edge_research\profit_frontier_v2_fresh_validation_latest.json,registered_signal_readiness,choose=brownian_p_rv_15m; brownian_p_rv_15m>=0.55; ask<=95; sec_to_close>=120,,2026-05-03T13:30:00+00:00,142,115,71,44,0.6173913043478261,0.6320869565217392,0.8098591549295775,-169.0,-0.023249415325354243,63.208695652173915,0.6279863481228669,0.6273037542662117,20.0,0.001088139281828074,72.0,45.0,0.36169,0.6155501051366525,0.5408916762619064,0.6881113389032877,-1.6536851385086588,-9.119528025983282,5.60243823815485,31,False
frontier_v2_continuous,logs\edge_research\profit_frontier_v2_continuous_validation_latest.json,registered_signal_readiness,choose=brownian_p_rv_15m; brownian_p_rv_15m>=0.55; ask<=95; sec_to_close>=120,,2026-05-03T22:00:00+00:00,109,106,65,41,0.6132075471698113,0.6335849056603774,0.9724770642201835,-216.0,-0.03216200119118523,63.35849056603774,0.6279863481228669,0.6273037542662117,20.0,0.001088139281828074,66.0,42.0,0.32064,0.6111448574309055,0.5335701060157206,0.6869172644353236,-2.2440048229472125,-10.001479964465668,5.333235877494624,32,False
book_margin,logs\edge_research\profit_frontier_book_margin_validation_latest.json,registered_signal_readiness,choose=book_p_side; book_p_side>=0.6; ask<=95; sec_to_close>=120; margin_rv15>=0,,2026-05-03T22:15:00+00:00,108,105,73,32,0.6952380952380952,0.6823809523809524,0.9722222222222222,135.0,0.01884159106769016,68.23809523809524,0.7098976109215017,0.6761774744027303,988.0,0.049868766404199474,74.0,33.0,0.593105,0.6917309678190136,0.6171822801290964,0.762745199199971,0.9350015438061199,-6.5198672251856085,8.036424681901854,24,False
book_margin_early,logs\edge_research\profit_frontier_book_margin_early_validation_latest.json,registered_signal_readiness,choose=book_p_side; book_p_side>=0.6; ask<=95; sec_to_close>=480; margin_rv15>=0,,2026-05-03T23:15:00+00:00,104,101,70,31,0.693069306930693,0.6826732673267327,0.9711538461538461,105.0,0.015228426395939087,68.26732673267327,0.712280701754386,0.6765614035087719,1018.0,0.0527953531791308,71.0,32.0,0.56869,0.6894331279661778,0.6129719409333616,0.7619956322708126,0.6759860639445197,-6.970132639337107,7.9322364944079915,24,False
book_margin_gap015,logs\edge_research\profit_frontier_book_margin_gap015_validation_latest.json,registered_signal_readiness,choose=book_p_side; book_p_side>=0.6; ask<=95; sec_to_close>=120; margin_rv15>=0; abs_book_rv15_gap<=0.15,,2026-05-03T23:45:00+00:00,102,89,61,28,0.6853932584269663,0.6731460674157304,0.8725490196078431,109.0,0.018193957603071274,67.31460674157303,0.7159090909090909,0.6679166666666666,1267.0,0.07185391028185788,62.0,29.0,0.574885,0.6811395436261506,0.5986857172837362,0.7590823231586279,0.7993476210420295,-7.446035013199411,8.593625574289762,22,False
book_margin_adverse100,logs\edge_research\profit_frontier_book_margin_adverse100_validation_latest.json,registered_signal_readiness,choose=book_p_side; book_p_side>=0.6; ask<=95; sec_to_close>=120; margin_rv15>=0; adverse_move_15m<=100,,2026-05-04T03:00:00+00:00,90,69,46,23,0.6666666666666666,0.6771014492753623,0.7666666666666667,-72.0,-0.015410958904109588,67.71014492753623,0.7201492537313433,0.6767537313432836,1163.0,0.06412306335116061,47.0,24.0,0.40344,0.6619429500860899,0.5677385969142039,0.7507391378025265,-1.515849918927241,-10.936285236115843,7.363768852716421,26,False
book_margin_delayed_adv100_brownian55,logs\edge_research\profit_book_margin_delayed_adv100_brownian55_validation_latest.json,registered_signal_readiness,choose=book_p_side; book_p_side>=0.6; ask<=95; sec_to_close>=120; margin_rv15>=0; delayed until adverse_move_15m<=100 and brownian_p_rv_15m>=0.55,,2026-05-04T04:15:00+00:00,85,81,55,26,0.6790123456790124,0.7112345679012345,0.9529411764705882,-261.0,-0.04530463461204652,71.12345679012346,0.7406143344709898,0.691877133105802,1428.0,0.07044198895027624,56.0,27.0,0.242055,0.6746776670521349,0.5880343438643113,0.7560852316888255,-3.6556900849099505,-12.320022403692322,4.485066378759093,38,False
book_hour04_v2_switch,logs\edge_research\profit_book_hour04_v2_switch_validation_latest.json,registered_signal_readiness,,,2026-05-04T03:45:00+00:00,87,85,52,33,0.611764705882353,0.6483529411764706,0.9770114942528736,-311.0,-0.0564325893667211,64.83529411764705,0.726962457337884,0.6737201365187713,1560.0,0.0790273556231003,53.0,34.0,0.22974,0.6093288427698669,0.5222103425345318,0.6937152192394695,-3.9024098406603764,-12.614259864193873,4.536227806299903,34,False
book_refmargin_score_switch,logs\edge_research\profit_book_refmargin_score_switch_validation_latest.json,registered_signal_readiness,,,2026-05-04T04:30:00+00:00,84,78,55,23,0.7051282051282052,0.7198717948717949,0.9285714285714286,-115.0,-0.020480854853072127,71.98717948717949,0.7568493150684932,0.714623287671233,1233.0,0.05908851296305171,56.0,24.0,0.360545,0.7000569471134892,0.6135266069899361,0.7810353300773281,-1.9814847758305727,-10.634518788185876,6.116353520553307,33,False
score_min60,logs\edge_research\profit_frontier_score_min60_validation_latest.json,registered_signal_readiness,choose=score_min_book_rv15; score_min_book_rv15>=0.6; ask<=95; sec_to_close>=120,,2026-05-03T22:15:00+00:00,108,102,72,30,0.7058823529411765,0.7239215686274509,0.9444444444444444,-184.0,-0.024918743228602384,72.3921568627451,0.7568493150684932,0.7148287671232877,1227.0,0.05878407512096968,73.0,31.0,0.32021,0.7018287629576049,0.6260687045991853,0.7731183777130552,-2.2092805669846003,-9.785286402826564,4.919680908560427,39,False
score_min60_gap020,logs\edge_research\profit_frontier_score_min60_gap020_validation_latest.json,registered_signal_readiness,choose=score_min_book_rv15; score_min_book_rv15>=0.6; ask<=95; sec_to_close>=120; abs_book_rv15_gap<=0.20,,2026-05-04T01:15:00+00:00,97,91,64,27,0.7032967032967034,0.7230769230769231,0.9381443298969072,-180.0,-0.02735562310030395,72.3076923076923,0.7620689655172413,0.714,1394.0,0.06732348111658457,65.0,28.0,0.31527,0.698987919030787,0.6184614509056905,0.774335579200764,-2.408900404613599,-10.461547217123256,5.125865612384091,38,False
book_early_score_gap020_wait,logs\edge_research\profit_book_early_score_gap020_wait_validation_latest.json,registered_signal_readiness,,,2026-05-04T02:00:00+00:00,94,88,61,27,0.6931818181818182,0.7197727272727273,0.9361702127659575,-234.0,-0.03694347963372276,71.97727272727273,0.7605633802816901,0.7139084507042254,1325.0,0.06535141800246609,62.0,28.0,0.27042,0.6889915464554014,0.6067373196661934,0.7663786648566143,-3.0781180817325953,-11.303540760653394,4.660593758388707,39,False
book_score_gap020_wait,logs\edge_research\profit_book_score_gap020_wait_validation_latest.json,registered_signal_readiness,,,2026-05-04T02:45:00+00:00,91,85,58,27,0.6823529411764706,0.7194117647058823,0.9340659340659341,-315.0,-0.05151267375306623,71.94117647058823,0.7568493150684932,0.7125,1295.0,0.06224465272770968,59.0,28.0,0.20889,0.6782878362375856,0.5934425281402158,0.7581029553556817,-4.112392846829672,-12.596923656566656,3.8691190649799387,42,False
v2_wait_score_min60_early,logs\edge_research\profit_v2_wait_score_min60_early_validation_latest.json,registered_signal_readiness,,,2026-05-03T22:00:00+00:00,107,101,71,30,0.7029702970297029,0.7222772277227724,0.9439252336448598,-195.0,-0.026730637422892393,72.22772277227723,0.7615658362989324,0.7145907473309608,1320.0,0.06573705179282868,72.0,31.0,0.311335,0.6990480458149915,0.6228215107641328,0.770842633188918,-2.3229181907780907,-9.945571695863956,4.856540546614567,39,False
v2_wait_score_min60_brownian70_early,logs\edge_research\profit_v2_wait_score_min60_brownian70_early_validation_latest.json,registered_signal_readiness,,,2026-05-03T23:30:00+00:00,103,97,69,28,0.711340206185567,0.7223711340206185,0.941747572815534,-107.0,-0.015270443841872414,72.23711340206185,0.7615658362989324,0.7119928825622776,1393.0,0.0696256310291398,70.0,29.0,0.378555,0.7069593164722704,0.6298362059464173,0.7794622814353909,-1.5411817548348052,-9.253492807420123,5.709114741477234,35,False
challenger,logs\edge_research\profit_challenger_fresh_validation_latest.json,registered_signal_readiness,choose=brownian_p_rv_15m; brownian_p_rv_15m>=0.55; ask<=95; sec_to_close>=120; adverse15<=10_or_margin_rv15>=0.5,ask>=50 AND ask<=80,2026-05-02T21:15:00+00:00,199,128,87,41,0.6796875,0.66859375,0.6432160804020101,142.0,0.016592661836877774,66.859375,0.6642857142857143,0.6570714285714285,202.0,0.01097945428850962,88.0,42.0,0.5889,0.6769794864519346,0.6081219170451442,0.7427517693062851,0.8385736451934757,-6.047183295485582,7.415801930628514,25,False
touch_hazard,logs\edge_research\profit_touch_hazard_fresh_validation_latest.json,registered_signal_readiness,choose=book_touch_blend_15; book_touch_blend_15>=0.35; 0<=ask<=80; sec>=120; gate=none,,2026-05-02T22:00:00+00:00,196,146,87,59,0.5958904109589042,0.6026027397260274,0.7448979591836735,-98.0,-0.01113889520345533,60.26027397260274,0.5924657534246576,0.5922945205479452,5.0,0.0002891008962127783,88.0,60.0,0.424425,0.5945355430655919,0.5276485834112931,0.6601244565635747,-0.806719666043568,-7.495415631473434,5.752171683754722,30,False
touch_overlay,logs\edge_research\profit_touch_hazard_overlay_fresh_validation_latest.json,registered_signal_readiness,choose=book_touch_blend_15; book_touch_blend_15>=0.35; 0<=ask<=80; sec>=120; gate=none,ask>=50 AND touch_loss15>=0.80,2026-05-03T00:00:00+00:00,189,138,84,54,0.6086956521739131,0.600072463768116,0.7301587301587301,119.0,0.014370245139475908,60.007246376811594,0.6028368794326241,0.593936170212766,251.0,0.014985969311600693,85.0,55.0,0.572425,0.6070978890485653,0.5386079830941936,0.6738076949937919,0.7025425280449311,-6.1464480673922415,7.373523122567598,23,False
kinetic_touch,logs\edge_research\profit_kinetic_touch_fresh_validation_latest.json,registered_signal_readiness,choose=kinetic_touch_score_15; kinetic_touch_score_15>=0.55; 50<=ask<=95; sec>=120; gate=touch_loss15<=0.90,,2026-05-03T02:15:00+00:00,187,134,89,45,0.664179104477612,0.6854477611940298,0.7165775401069518,-285.0,-0.031028851388132824,68.54477611940298,0.6791808873720137,0.669283276450512,290.0,0.014788373278939317,90.0,46.0,0.28645,0.6617929637728822,0.5937313096254647,0.726892343278723,-2.365479742114768,-9.171645156856503,4.144458208469315,42,False
hazard_mean_touch80,logs\edge_research\profit_hazard_mean_touch80_fresh_validation_latest.json,registered_signal_readiness,choose=hazard_discounted_mean_15; hazard_discounted_mean_15>=0.45; 0<=ask<=80; sec>=60; gate=touch_loss15<=0.80,,2026-05-04T05:30:00+00:00,79,69,50,19,0.7246376811594203,0.7257971014492753,0.8734177215189873,-8.0,-0.001597444089456869,72.57971014492753,0.7517241379310344,0.7168275862068966,1012.0,0.0486819318837791,51.0,20.0,0.459725,0.7183993308033904,0.6274356287641666,0.8021387380880262,-0.7397770645884946,-9.836147268510876,7.634163663875076,27,False
logit_blend_edge10,logs\edge_research\profit_logit_blend_edge10_fresh_validation_latest.json,registered_signal_readiness,choose=blend_logit_book_rv_hazard_mean; fair_edge>=-10c; ask<=95; sec>=60,,2026-05-04T05:45:00+00:00,78,75,48,27,0.64,0.6225333333333333,0.9615384615384616,131.0,0.028057399871492826,62.25333333333333,0.621160409556314,0.6160750853242322,149.0,0.008254390338485403,49.0,28.0,0.608025,0.6365043822782741,0.5449148374724389,0.723840111865782,1.3971048944940923,-7.761849586089448,10.130677853244874,17,False
logit_blend_thresh55_edge15,logs\edge_research\profit_logit_blend_thresh55_edge15_fresh_validation_latest.json,registered_signal_readiness,choose=blend_logit_book_rv_hazard_mean; blend>=0.55; fair_edge>=-15c; ask<=95; sec>=60,,2026-05-04T06:15:00+00:00,76,69,49,20,0.7101449275362319,0.716376811594203,0.9078947368421053,-43.0,-0.008699170544203924,71.6376811594203,0.7431506849315068,0.7042465753424657,1136.0,0.055242170783894186,50.0,21.0,0.42543,0.7043512987585606,0.6125797489514795,0.7895756991532427,-1.2025512835642567,-10.379706264272345,7.319888755903976,28,False
hazard_fallback_logit55,logs\edge_research\profit_hazard_fallback_logit55_fresh_validation_latest.json,registered_signal_readiness,,,2026-05-04T06:30:00+00:00,75,68,48,20,0.7058823529411765,0.7161764705882354,0.9066666666666666,-70.0,-0.014373716632443531,71.61764705882354,0.7417218543046358,0.7046688741721855,1119.0,0.05258211550209107,49.0,21.0,0.39446,0.6998325289075421,0.6075154498924765,0.7856007921053949,-1.6343941680693195,-10.866102069575879,6.9424321517159555,29,False
hazard_fallback_logit55_wait8,logs\edge_research\profit_hazard_fallback_logit55_wait8_fresh_validation_latest.json,registered_signal_readiness,,,2026-05-04T07:30:00+00:00,71,61,42,19,0.6885245901639344,0.7259016393442623,0.8591549295774648,-228.0,-0.051490514905149054,72.59016393442623,0.7558528428093646,0.7195986622073578,1084.0,0.050381111730804985,43.0,20.0,0.234455,0.6823632689924509,0.5830481988841872,0.7747696703920022,-4.3538370351811295,-14.285344046007506,4.886803104773994,35,False
hazard_fallback_score60,logs\edge_research\profit_hazard_fallback_score60_fresh_validation_latest.json,registered_signal_readiness,,,2026-05-04T07:45:00+00:00,70,64,46,18,0.71875,0.72125,0.9142857142857143,-16.0,-0.0034662045060658577,72.125,0.7516556291390728,0.709635761589404,1269.0,0.0592132891605618,47.0,19.0,0.45033,0.7121473593313371,0.6174747698522665,0.7995474135859494,-0.9102640668662885,-10.377523014773356,7.82974135859494,27,False
impulse_reversal_book_margin_fade,logs\edge_research\profit_impulse_reversal_book_margin_fade_fresh_validation_latest.json,registered_signal_readiness,,,,61,58,33,25,0.5689655172413793,0.5546551724137931,0.9508196721311475,83.0,0.025800435188063412,55.46551724137932,0.5689655172413793,0.5546551724137931,83.0,0.025800435188063412,34.0,26.0,0.57928,0.5667341567626917,0.4611898940582341,0.6696200902695958,1.2078984348898574,-9.34652783555591,11.49649178558026,14,False
kinetic_guard,logs\edge_research\profit_kinetic_guard_fresh_validation_latest.json,registered_signal_readiness,choose=kinetic_touch_score_15; kinetic_touch_score_15>=0.55; 50<=ask<=95; sec>=120; gate=touch_loss15<=0.90,kinetic>=0.57 AND adverse15<=50,2026-05-03T02:30:00+00:00,186,126,89,37,0.7063492063492064,0.7006349206349206,0.6774193548387096,72.0,0.008155867693701857,70.06349206349206,0.7044673539518901,0.6855670103092784,550.0,0.02756892230576441,90.0,38.0,0.5359,0.7031819936911623,0.6352737752939205,0.7672628139107119,0.25470730562416644,-6.536114534100007,6.662789327579131,30,False
kinetic_price_guard,logs\edge_research\profit_kinetic_price_guard_fresh_validation_latest.json,registered_signal_readiness,choose=kinetic_touch_score_15; kinetic_touch_score_15>=0.55; 50<=ask<=95; sec>=120; gate=touch_loss15<=0.90,adverse15<=100 AND ask<=70,2026-05-03T03:00:00+00:00,185,107,69,38,0.6448598130841121,0.6438317757009345,0.5783783783783784,11.0,0.0015967484395412977,64.38317757009345,0.667910447761194,0.6448134328358209,619.0,0.035819686360743015,70.0,39.0,0.49276,0.6421729411144727,0.5652604390300354,0.7162693212935936,-0.16588345864619009,-7.8571336670899035,7.243754559265907,26,False
kinetic_combo_price_guard,logs\edge_research\profit_kinetic_combo_price_guard_fresh_validation_latest.json,registered_signal_readiness,choose=kinetic_touch_score_15; kinetic_touch_score_15>=0.55; 50<=ask<=95; sec>=120; gate=touch_loss15<=0.90,kinetic>=0.57 AND adverse15<=100 AND ask<=70,2026-05-03T09:45:00+00:00,158,100,67,33,0.67,0.6507999999999999,0.6329113924050633,192.0,0.02950215119852489,65.08,0.6806083650190115,0.6509505703422053,780.0,0.0455607476635514,68.0,34.0,0.64202,0.6668315754746048,0.5883748313953914,0.7413068939045332,1.603157547460486,-6.242516860460857,9.050689390453316,20,False
kinetic_path_confirm,logs\edge_research\profit_kinetic_path_confirm_fresh_validation_latest.json,registered_signal_readiness,choose=kinetic_touch_score_15; kinetic_touch_score_15>=0.55; 50<=ask<=95; sec>=120; gate=touch_loss15<=0.90,same_side_for>=60s AND confirm_score>=0.6,2026-05-03T04:00:00+00:00,180,118,89,29,0.7542372881355932,0.7548305084745763,0.6555555555555556,-7.0,-0.0007858987313349051,75.48305084745763,0.8006872852233677,0.7450515463917526,1619.0,0.07467367741340344,90.0,30.0,0.46668,0.750051566578744,0.6829505572895979,0.8121418216652649,-0.47789418958324037,-7.187995118497842,5.7311313190688615,37,False
book_p80_ask90_frontier,logs\edge_research\book_p80_ask90_frontier_validation_latest.json,registered_signal_readiness,,,,51,40,34,6,0.85,0.848,0.7843137254901961,8.0,0.0023584905660377358,84.8,0.85,0.848,8.0,0.0023584905660377358,35.0,7.0,0.434055,0.8334622999013926,0.7319597442487705,0.9169482267146221,-1.4537700098607165,-11.60402557512294,6.894822671462207,34,False
book_p80_profit_frontier,logs\edge_research\book_p80_profit_frontier_validation_latest.json,registered_signal_readiness,,,,52,41,34,7,0.8292682926829268,0.8502439024390245,0.7884615384615384,-86.0,-0.024670109007458405,85.02439024390245,0.8292682926829268,0.8502439024390245,-86.0,-0.024670109007458405,35.0,8.0,0.287185,0.8138535236673712,0.7091356554959907,0.9014408558281727,-3.6390378771653182,-14.110824694303378,5.1196953389148225,43,False
hazard_mean_touch80_ask76,logs\edge_research\hazard_mean_touch80_ask76_validation_latest.json,registered_signal_readiness,,,,65,53,37,16,0.6981132075471698,0.718867924528302,0.8153846153846154,-110.0,-0.028871391076115485,71.88679245283019,0.6981132075471698,0.718867924528302,-110.0,-0.028871391076115485,38.0,17.0,0.336975,0.6908352940530685,0.5852864005653954,0.7885733133155508,-2.8032630475233495,-13.35815239629065,6.970538878724889,29,False
