candidate_id,split,bin,p_min,p_max,rows,avg_pred,win_rate,brier
v28_raw,all,0,0.0,0.1,67,0.05365483582089553,0.08955223880597014,0.08407485538480597
v28_raw,all,1,0.1,0.2,130,0.13510242307692308,0.1076923076923077,0.0971292671999923
v28_raw,all,2,0.2,0.3,24,0.24901533333333334,0.041666666666666664,0.08214820253858333
v28_raw,all,3,0.3,0.4,50,0.36836262,0.56,0.28060629633934
v28_raw,all,4,0.4,0.5,93,0.45667029032258066,0.34408602150537637,0.23949651051973117
v28_raw,all,5,0.5,0.6,144,0.5417372569444444,0.5555555555555556,0.23817802090285417
v28_raw,all,6,0.6,0.7,34,0.6401848529411764,0.5588235294117647,0.24322761150814706
v28_raw,all,7,0.7,0.8,17,0.7470173529411764,0.6470588235294118,0.23562398183817646
v28_raw,all,8,0.8,0.9,154,0.8626790714285714,0.8181818181818182,0.14925074346517533
v28_raw,all,9,0.9,1.0,82,0.9393471097560977,0.9512195121951219,0.045561929295768286
v28_raw,train,0,0.0,0.1,36,0.05428180555555557,0.08333333333333333,0.07832169452369445
v28_raw,train,1,0.1,0.2,82,0.13610314634146342,0.0975609756097561,0.08978129417382927
v28_raw,train,2,0.2,0.3,18,0.24523894444444444,0.05555555555555555,0.08646216547227778
v28_raw,train,3,0.3,0.4,32,0.36675725,0.75,0.333633380851875
v28_raw,train,4,0.4,0.5,57,0.46142485964912283,0.3508771929824561,0.2441653633101579
v28_raw,train,5,0.5,0.6,79,0.5401407721518987,0.5443037974683544,0.23820204186844304
v28_raw,train,6,0.6,0.7,14,0.6456984285714286,0.7142857142857143,0.19495137768357143
v28_raw,train,7,0.7,0.8,8,0.75818925,0.5,0.3185813171725
v28_raw,train,8,0.8,0.9,119,0.8614432352941177,0.8151260504201681,0.15169086117147057
v28_raw,train,9,0.9,1.0,52,0.9419710769230769,0.9615384615384616,0.03602380741473077
v28_raw,validation,0,0.0,0.1,14,0.05480414285714285,0.21428571428571427,0.19659424773357143
v28_raw,validation,1,0.1,0.2,19,0.12552368421052632,0.15789473684210525,0.13268868094178946
v28_raw,validation,2,0.2,0.3,4,0.28451725,0.0,0.08133768260575
v28_raw,validation,3,0.3,0.4,6,0.3714326666666667,0.3333333333333333,0.20917333778733335
v28_raw,validation,4,0.4,0.5,17,0.4410187058823529,0.35294117647058826,0.22699103507811763
v28_raw,validation,5,0.5,0.6,33,0.5443636363636363,0.6363636363636364,0.2352040437929697
v28_raw,validation,6,0.6,0.7,10,0.6434131,0.7,0.21592322336789999
v28_raw,validation,7,0.7,0.8,6,0.7516203333333333,1.0,0.061768462571
v28_raw,validation,8,0.8,0.9,14,0.8683765,0.7857142857142857,0.16950364127135714
v28_raw,validation,9,0.9,1.0,16,0.93533275,0.9375,0.058991044749375
v28_raw,chronological_holdout,0,0.0,0.1,17,0.05138064705882353,0.0,0.003594990568176471
v28_raw,chronological_holdout,1,0.1,0.2,29,0.13854851724137932,0.10344827586206896,0.09460874744313794
v28_raw,chronological_holdout,2,0.2,0.3,2,0.21199900000000002,0.0,0.044943576001000005
v28_raw,chronological_holdout,3,0.3,0.4,12,0.37110858333333335,0.16666666666666666,0.17491721691524997
v28_raw,chronological_holdout,4,0.4,0.5,19,0.45641063157894735,0.3157894736842105,0.23667906175410527
v28_raw,chronological_holdout,5,0.5,0.6,32,0.542970125,0.5,0.241185633038625
v28_raw,chronological_holdout,6,0.6,0.7,10,0.6292376,0.2,0.3381187270028
v28_raw,chronological_holdout,7,0.7,0.8,3,0.7080196666666666,0.3333333333333333,0.36211545948100005
v28_raw,chronological_holdout,8,0.8,0.9,21,0.8658838571428572,0.8571428571428571,0.12192147792538095
v28_raw,chronological_holdout,9,0.9,1.0,14,0.9341887857142857,0.9285714285714286,0.06564167862121428
v28_raw,post_freeze_forward,0,0.0,0.1,0,,,
v28_raw,post_freeze_forward,1,0.1,0.2,0,,,
v28_raw,post_freeze_forward,2,0.2,0.3,0,,,
v28_raw,post_freeze_forward,3,0.3,0.4,0,,,
v28_raw,post_freeze_forward,4,0.4,0.5,0,,,
v28_raw,post_freeze_forward,5,0.5,0.6,0,,,
v28_raw,post_freeze_forward,6,0.6,0.7,0,,,
v28_raw,post_freeze_forward,7,0.7,0.8,0,,,
v28_raw,post_freeze_forward,8,0.8,0.9,0,,,
v28_raw,post_freeze_forward,9,0.9,1.0,0,,,
v28s_logistic_calibration_v001,all,0,0.0,0.1,2,0.07236344204294261,0.5,0.46024412046314045
v28s_logistic_calibration_v001,all,1,0.1,0.2,10,0.1601684983358948,0.0,0.026473148003958454
v28s_logistic_calibration_v001,all,2,0.2,0.3,42,0.26517341364109803,0.09523809523809523,0.11530209031918405
v28s_logistic_calibration_v001,all,3,0.3,0.4,151,0.3433718746579816,0.09933774834437085,0.14974693747658313
v28s_logistic_calibration_v001,all,4,0.4,0.5,129,0.466952459655523,0.3953488372093023,0.24207771586474852
v28s_logistic_calibration_v001,all,5,0.5,0.6,212,0.5272721948502341,0.5235849056603774,0.24531328708278383
v28s_logistic_calibration_v001,all,6,0.6,0.7,174,0.6649782126558482,0.8103448275862069,0.17305449021784547
v28s_logistic_calibration_v001,all,7,0.7,0.8,66,0.7356471119078598,0.9545454545454546,0.09079285547762973
v28s_logistic_calibration_v001,all,8,0.8,0.9,8,0.8522508657570858,1.0,0.022733478019141818
v28s_logistic_calibration_v001,all,9,0.9,1.0,1,0.9252289634347755,1.0,0.005590707909038146
v28s_logistic_calibration_v001,train,0,0.0,0.1,1,0.045703120049932856,1.0,0.9106825350824329
v28s_logistic_calibration_v001,train,1,0.1,0.2,5,0.1736148616673952,0.0,0.030615097286634158
v28s_logistic_calibration_v001,train,2,0.2,0.3,21,0.2585268626988344,0.047619047619047616,0.08733474385657647
v28s_logistic_calibration_v001,train,3,0.3,0.4,97,0.34439909982830014,0.09278350515463918,0.1486334321743086
v28s_logistic_calibration_v001,train,4,0.4,0.5,79,0.4644011956708244,0.4936708860759494,0.24844855614364864
v28s_logistic_calibration_v001,train,5,0.5,0.6,115,0.5234451966266688,0.5130434782608696,0.24314993927229755
v28s_logistic_calibration_v001,train,6,0.6,0.7,133,0.6652136423630169,0.7969924812030075,0.1765137179669978
v28s_logistic_calibration_v001,train,7,0.7,0.8,39,0.7392754561463966,0.9743589743589743,0.07983902523764842
v28s_logistic_calibration_v001,train,8,0.8,0.9,6,0.8560279190170816,1.0,0.021684255431332535
v28s_logistic_calibration_v001,train,9,0.9,1.0,1,0.9252289634347755,1.0,0.005590707909038146
v28s_logistic_calibration_v001,validation,0,0.0,0.1,1,0.09902376403595237,0.0,0.009805705843847974
v28s_logistic_calibration_v001,validation,1,0.1,0.2,1,0.15905278579907928,0.0,0.025297788670447796
v28s_logistic_calibration_v001,validation,2,0.2,0.3,11,0.2750748836203794,0.2727272727272727,0.2073637847047209
v28s_logistic_calibration_v001,validation,3,0.3,0.4,20,0.3350098330364792,0.15,0.1600855626229475
v28s_logistic_calibration_v001,validation,4,0.4,0.5,25,0.4684816513703144,0.24,0.22982881676241035
v28s_logistic_calibration_v001,validation,5,0.5,0.6,46,0.5326355252439463,0.6739130434782609,0.23804805639085283
v28s_logistic_calibration_v001,validation,6,0.6,0.7,19,0.6555785696367927,0.8421052631578947,0.17111046140632905
v28s_logistic_calibration_v001,validation,7,0.7,0.8,15,0.7284954200611916,0.9333333333333333,0.10480839455045403
v28s_logistic_calibration_v001,validation,8,0.8,0.9,1,0.8648906433003813,1.0,0.018254538267784788
v28s_logistic_calibration_v001,validation,9,0.9,1.0,0,,,
v28s_logistic_calibration_v001,chronological_holdout,0,0.0,0.1,0,,,
v28s_logistic_calibration_v001,chronological_holdout,1,0.1,0.2,4,0.14363947230572324,0.0,0.02158955123399149
v28s_logistic_calibration_v001,chronological_holdout,2,0.2,0.3,10,0.2682395536426422,0.0,0.07276565406656946
v28s_logistic_calibration_v001,chronological_holdout,3,0.3,0.4,34,0.3453601096847212,0.08823529411764706,0.14684215839991677
v28s_logistic_calibration_v001,chronological_holdout,4,0.4,0.5,25,0.47348526213237946,0.24,0.23419475968576242
v28s_logistic_calibration_v001,chronological_holdout,5,0.5,0.6,51,0.5310641869600234,0.4117647058823529,0.25674437747562207
v28s_logistic_calibration_v001,chronological_holdout,6,0.6,0.7,22,0.6716728065789671,0.8636363636363636,0.1538208200715523
v28s_logistic_calibration_v001,chronological_holdout,7,0.7,0.8,12,0.7327946079409506,0.9166666666666666,0.10887337991653857
v28s_logistic_calibration_v001,chronological_holdout,8,0.8,0.9,1,0.8169487686538149,1.0,0.033507753297354566
v28s_logistic_calibration_v001,chronological_holdout,9,0.9,1.0,0,,,
v28s_logistic_calibration_v001,post_freeze_forward,0,0.0,0.1,0,,,
v28s_logistic_calibration_v001,post_freeze_forward,1,0.1,0.2,0,,,
v28s_logistic_calibration_v001,post_freeze_forward,2,0.2,0.3,0,,,
v28s_logistic_calibration_v001,post_freeze_forward,3,0.3,0.4,0,,,
v28s_logistic_calibration_v001,post_freeze_forward,4,0.4,0.5,0,,,
v28s_logistic_calibration_v001,post_freeze_forward,5,0.5,0.6,0,,,
v28s_logistic_calibration_v001,post_freeze_forward,6,0.6,0.7,0,,,
v28s_logistic_calibration_v001,post_freeze_forward,7,0.7,0.8,0,,,
v28s_logistic_calibration_v001,post_freeze_forward,8,0.8,0.9,0,,,
v28s_logistic_calibration_v001,post_freeze_forward,9,0.9,1.0,0,,,
v28s_logistic_boundary_physics_v001,all,0,0.0,0.1,1,0.07278011183202981,1.0,0.8597367210142232
v28s_logistic_boundary_physics_v001,all,1,0.1,0.2,5,0.17985099743544422,0.0,0.03242572497450833
v28s_logistic_boundary_physics_v001,all,2,0.2,0.3,29,0.25058999064762977,0.0,0.06373326231071427
v28s_logistic_boundary_physics_v001,all,3,0.3,0.4,151,0.3655200396400834,0.10596026490066225,0.16253625353037196
v28s_logistic_boundary_physics_v001,all,4,0.4,0.5,225,0.46501197801388705,0.3688888888888889,0.23855611795714474
v28s_logistic_boundary_physics_v001,all,5,0.5,0.6,149,0.5361442060028198,0.6040268456375839,0.24333720403297887
v28s_logistic_boundary_physics_v001,all,6,0.6,0.7,157,0.664521920025129,0.8343949044585988,0.16544009114696073
v28s_logistic_boundary_physics_v001,all,7,0.7,0.8,68,0.7416346048874357,0.9411764705882353,0.09390430702298243
v28s_logistic_boundary_physics_v001,all,8,0.8,0.9,9,0.843848597470852,1.0,0.025284349021142932
v28s_logistic_boundary_physics_v001,all,9,0.9,1.0,1,0.9270551332412026,1.0,0.005320953586458708
v28s_logistic_boundary_physics_v001,train,0,0.0,0.1,1,0.07278011183202981,1.0,0.8597367210142232
v28s_logistic_boundary_physics_v001,train,1,0.1,0.2,1,0.16951831546019758,0.0,0.02873645927646306
v28s_logistic_boundary_physics_v001,train,2,0.2,0.3,19,0.2540999792860994,0.0,0.06545950884750852
v28s_logistic_boundary_physics_v001,train,3,0.3,0.4,96,0.3670587753779479,0.09375,0.15785000931761148
v28s_logistic_boundary_physics_v001,train,4,0.4,0.5,144,0.46484324547993006,0.4236111111111111,0.2410049098816696
v28s_logistic_boundary_physics_v001,train,5,0.5,0.6,68,0.5340863183493617,0.6617647058823529,0.23778087494243855
v28s_logistic_boundary_physics_v001,train,6,0.6,0.7,119,0.6645045427689478,0.8151260504201681,0.17121242437784223
v28s_logistic_boundary_physics_v001,train,7,0.7,0.8,41,0.7438451770305915,0.9512195121951219,0.0878253498780918
v28s_logistic_boundary_physics_v001,train,8,0.8,0.9,7,0.8480163645880359,1.0,0.02417608460754068
v28s_logistic_boundary_physics_v001,train,9,0.9,1.0,1,0.9270551332412026,1.0,0.005320953586458708
v28s_logistic_boundary_physics_v001,validation,0,0.0,0.1,0,,,
v28s_logistic_boundary_physics_v001,validation,1,0.1,0.2,1,0.17507160828534488,0.0,0.030650068027617237
v28s_logistic_boundary_physics_v001,validation,2,0.2,0.3,1,0.2416113400395622,0.0,0.05837603963571295
v28s_logistic_boundary_physics_v001,validation,3,0.3,0.4,22,0.36772386366653903,0.18181818181818182,0.19347404136579469
v28s_logistic_boundary_physics_v001,validation,4,0.4,0.5,34,0.4618565739425838,0.29411764705882354,0.23063084702830577
v28s_logistic_boundary_physics_v001,validation,5,0.5,0.6,49,0.5412892295491563,0.6122448979591837,0.24269881672489765
v28s_logistic_boundary_physics_v001,validation,6,0.6,0.7,15,0.6664545171153683,0.9333333333333333,0.13743442579464638
v28s_logistic_boundary_physics_v001,validation,7,0.7,0.8,16,0.7386095669705064,0.9375,0.09923883847803365
v28s_logistic_boundary_physics_v001,validation,8,0.8,0.9,1,0.8326686442795861,1.0,0.027999782607231696
v28s_logistic_boundary_physics_v001,validation,9,0.9,1.0,0,,,
v28s_logistic_boundary_physics_v001,chronological_holdout,0,0.0,0.1,0,,,
v28s_logistic_boundary_physics_v001,chronological_holdout,1,0.1,0.2,3,0.18488835447722618,0.0,0.03424736585615378
v28s_logistic_boundary_physics_v001,chronological_holdout,2,0.2,0.3,9,0.24417764247842363,0.0,0.06068421103025991
v28s_logistic_boundary_physics_v001,chronological_holdout,3,0.3,0.4,33,0.35957450147593123,0.09090909090909091,0.15554377207721157
v28s_logistic_boundary_physics_v001,chronological_holdout,4,0.4,0.5,47,0.4678115785099322,0.2553191489361702,0.23678661103052667
v28s_logistic_boundary_physics_v001,chronological_holdout,5,0.5,0.6,32,0.5326388999610906,0.46875,0.25612193391587657
v28s_logistic_boundary_physics_v001,chronological_holdout,6,0.6,0.7,23,0.6633514390308669,0.8695652173913043,0.15383910531260506
v28s_logistic_boundary_physics_v001,chronological_holdout,7,0.7,0.8,11,0.7377952547784797,0.9090909090909091,0.10880291971931842
v28s_logistic_boundary_physics_v001,chronological_holdout,8,0.8,0.9,1,0.8258541808418304,1.0,0.030326766330269917
v28s_logistic_boundary_physics_v001,chronological_holdout,9,0.9,1.0,0,,,
v28s_logistic_boundary_physics_v001,post_freeze_forward,0,0.0,0.1,0,,,
v28s_logistic_boundary_physics_v001,post_freeze_forward,1,0.1,0.2,0,,,
v28s_logistic_boundary_physics_v001,post_freeze_forward,2,0.2,0.3,0,,,
v28s_logistic_boundary_physics_v001,post_freeze_forward,3,0.3,0.4,0,,,
v28s_logistic_boundary_physics_v001,post_freeze_forward,4,0.4,0.5,0,,,
v28s_logistic_boundary_physics_v001,post_freeze_forward,5,0.5,0.6,0,,,
v28s_logistic_boundary_physics_v001,post_freeze_forward,6,0.6,0.7,0,,,
v28s_logistic_boundary_physics_v001,post_freeze_forward,7,0.7,0.8,0,,,
v28s_logistic_boundary_physics_v001,post_freeze_forward,8,0.8,0.9,0,,,
v28s_logistic_boundary_physics_v001,post_freeze_forward,9,0.9,1.0,0,,,
v28s_logistic_book_reliability_diag_v001,all,0,0.0,0.1,0,,,
v28s_logistic_book_reliability_diag_v001,all,1,0.1,0.2,2,0.19099476628388157,0.5,0.35139826513855527
v28s_logistic_book_reliability_diag_v001,all,2,0.2,0.3,20,0.26448984877058224,0.05,0.09067301163410438
v28s_logistic_book_reliability_diag_v001,all,3,0.3,0.4,200,0.3485611138276332,0.1,0.15154464775594118
v28s_logistic_book_reliability_diag_v001,all,4,0.4,0.5,157,0.43425362301259224,0.49044585987261147,0.24991896354734403
v28s_logistic_book_reliability_diag_v001,all,5,0.5,0.6,163,0.554045230695029,0.5030674846625767,0.25048672360168456
v28s_logistic_book_reliability_diag_v001,all,6,0.6,0.7,179,0.6700822856353436,0.8044692737430168,0.17298581803262197
v28s_logistic_book_reliability_diag_v001,all,7,0.7,0.8,69,0.7302181880450022,0.9420289855072463,0.09813418818393671
v28s_logistic_book_reliability_diag_v001,all,8,0.8,0.9,5,0.8418382038641032,1.0,0.02578055894371316
v28s_logistic_book_reliability_diag_v001,all,9,0.9,1.0,0,,,
v28s_logistic_book_reliability_diag_v001,train,0,0.0,0.1,0,,,
v28s_logistic_book_reliability_diag_v001,train,1,0.1,0.2,1,0.18511530368967594,1.0,0.664037068280769
v28s_logistic_book_reliability_diag_v001,train,2,0.2,0.3,11,0.269022880383558,0.0,0.07269846391162783
v28s_logistic_book_reliability_diag_v001,train,3,0.3,0.4,120,0.3486443678533882,0.1,0.1504734328052175
v28s_logistic_book_reliability_diag_v001,train,4,0.4,0.5,91,0.42997574722953225,0.5164835164835165,0.25521181964232
v28s_logistic_book_reliability_diag_v001,train,5,0.5,0.6,95,0.5510679688885578,0.5052631578947369,0.24980930495979362
v28s_logistic_book_reliability_diag_v001,train,6,0.6,0.7,133,0.6717634261833451,0.8120300751879699,0.17161280466534315
v28s_logistic_book_reliability_diag_v001,train,7,0.7,0.8,42,0.7336672924539429,0.9523809523809523,0.09182080924861721
v28s_logistic_book_reliability_diag_v001,train,8,0.8,0.9,4,0.8451242154830167,1.0,0.024889275751428127
v28s_logistic_book_reliability_diag_v001,train,9,0.9,1.0,0,,,
v28s_logistic_book_reliability_diag_v001,validation,0,0.0,0.1,0,,,
v28s_logistic_book_reliability_diag_v001,validation,1,0.1,0.2,1,0.19687422887808723,0.0,0.03875946199634148
v28s_logistic_book_reliability_diag_v001,validation,2,0.2,0.3,2,0.27371290176152346,0.5,0.2759739270778211
v28s_logistic_book_reliability_diag_v001,validation,3,0.3,0.4,33,0.3452696870303291,0.15151515151515152,0.16854335534885717
v28s_logistic_book_reliability_diag_v001,validation,4,0.4,0.5,32,0.4427494230908724,0.53125,0.2468673636002779
v28s_logistic_book_reliability_diag_v001,validation,5,0.5,0.6,35,0.557760236511298,0.5714285714285714,0.2441600738066091
v28s_logistic_book_reliability_diag_v001,validation,6,0.6,0.7,20,0.6572880606038142,0.8,0.1792819073206588
v28s_logistic_book_reliability_diag_v001,validation,7,0.7,0.8,15,0.7208131753979868,0.9333333333333333,0.10749686972639567
v28s_logistic_book_reliability_diag_v001,validation,8,0.8,0.9,1,0.8286941573884495,1.0,0.029345691712853297
v28s_logistic_book_reliability_diag_v001,validation,9,0.9,1.0,0,,,
v28s_logistic_book_reliability_diag_v001,chronological_holdout,0,0.0,0.1,0,,,
v28s_logistic_book_reliability_diag_v001,chronological_holdout,1,0.1,0.2,0,,,
v28s_logistic_book_reliability_diag_v001,chronological_holdout,2,0.2,0.3,7,0.25473135538135144,0.0,0.0659756107855056
v28s_logistic_book_reliability_diag_v001,chronological_holdout,3,0.3,0.4,47,0.35065955215147243,0.06382978723404255,0.14234440187340103
v28s_logistic_book_reliability_diag_v001,chronological_holdout,4,0.4,0.5,34,0.43770718459357727,0.38235294117647056,0.2386248839492059
v28s_logistic_book_reliability_diag_v001,chronological_holdout,5,0.5,0.6,33,0.5586759782115545,0.42424242424242425,0.25914695129281423
v28s_logistic_book_reliability_diag_v001,chronological_holdout,6,0.6,0.7,26,0.6713243167025127,0.7692307692307693,0.1751661638821354
v28s_logistic_book_reliability_diag_v001,chronological_holdout,7,0.7,0.8,12,0.7299025884224788,0.9166666666666666,0.1085276625294812
v28s_logistic_book_reliability_diag_v001,chronological_holdout,8,0.8,0.9,0,,,
v28s_logistic_book_reliability_diag_v001,chronological_holdout,9,0.9,1.0,0,,,
v28s_logistic_book_reliability_diag_v001,post_freeze_forward,0,0.0,0.1,0,,,
v28s_logistic_book_reliability_diag_v001,post_freeze_forward,1,0.1,0.2,0,,,
v28s_logistic_book_reliability_diag_v001,post_freeze_forward,2,0.2,0.3,0,,,
v28s_logistic_book_reliability_diag_v001,post_freeze_forward,3,0.3,0.4,0,,,
v28s_logistic_book_reliability_diag_v001,post_freeze_forward,4,0.4,0.5,0,,,
v28s_logistic_book_reliability_diag_v001,post_freeze_forward,5,0.5,0.6,0,,,
v28s_logistic_book_reliability_diag_v001,post_freeze_forward,6,0.6,0.7,0,,,
v28s_logistic_book_reliability_diag_v001,post_freeze_forward,7,0.7,0.8,0,,,
v28s_logistic_book_reliability_diag_v001,post_freeze_forward,8,0.8,0.9,0,,,
v28s_logistic_book_reliability_diag_v001,post_freeze_forward,9,0.9,1.0,0,,,
v28s_monotonic_tabular_v001,all,0,0.0,0.1,67,0.06909719732290927,0.08955223880597014,0.0820689802234907
v28s_monotonic_tabular_v001,all,1,0.1,0.2,154,0.12093313820049667,0.09740259740259741,0.09004265534057798
v28s_monotonic_tabular_v001,all,2,0.2,0.3,0,,,
v28s_monotonic_tabular_v001,all,3,0.3,0.4,0,,,
v28s_monotonic_tabular_v001,all,4,0.4,0.5,143,0.4529775360010776,0.4195804195804196,0.24629586237830248
v28s_monotonic_tabular_v001,all,5,0.5,0.6,144,0.543117677191216,0.5555555555555556,0.24514369099975386
v28s_monotonic_tabular_v001,all,6,0.6,0.7,47,0.6749106753799392,0.5957446808510638,0.24380037716954453
v28s_monotonic_tabular_v001,all,7,0.7,0.8,4,0.7029033142857144,0.5,0.2916298706070674
v28s_monotonic_tabular_v001,all,8,0.8,0.9,154,0.8299681291397135,0.8181818181818182,0.14854728166045253
v28s_monotonic_tabular_v001,all,9,0.9,1.0,82,0.9527518834896812,0.9512195121951219,0.04608284652165576
v28s_monotonic_tabular_v001,train,0,0.0,0.1,36,0.06922259126984126,0.08333333333333333,0.07666784265336274
v28s_monotonic_tabular_v001,train,1,0.1,0.2,100,0.1224831033869969,0.09,0.08421095837273533
v28s_monotonic_tabular_v001,train,2,0.2,0.3,0,,,
v28s_monotonic_tabular_v001,train,3,0.3,0.4,0,,,
v28s_monotonic_tabular_v001,train,4,0.4,0.5,89,0.4532962529807271,0.4943820224719101,0.25559290744779445
v28s_monotonic_tabular_v001,train,5,0.5,0.6,79,0.5427983802327069,0.5443037974683544,0.24591001048809913
v28s_monotonic_tabular_v001,train,6,0.6,0.7,18,0.6743260933706816,0.6666666666666666,0.2222356883135538
v28s_monotonic_tabular_v001,train,7,0.7,0.8,4,0.7029033142857144,0.5,0.2916298706070674
v28s_monotonic_tabular_v001,train,8,0.8,0.9,119,0.8297209619128229,0.8151260504201681,0.15062903738344344
v28s_monotonic_tabular_v001,train,9,0.9,1.0,52,0.953276676923077,0.9615384615384616,0.03664478402082118
v28s_monotonic_tabular_v001,validation,0,0.0,0.1,14,0.06932705873015874,0.21428571428571427,0.18984498400766112
v28s_monotonic_tabular_v001,validation,1,0.1,0.2,23,0.12172373698422756,0.13043478260869565,0.1172316190358961
v28s_monotonic_tabular_v001,validation,2,0.2,0.3,0,,,
v28s_monotonic_tabular_v001,validation,3,0.3,0.4,0,,,
v28s_monotonic_tabular_v001,validation,4,0.4,0.5,23,0.4523920047149724,0.34782608695652173,0.23544112621865573
v28s_monotonic_tabular_v001,validation,5,0.5,0.6,33,0.5436429530750544,0.6363636363636364,0.23897185435433327
v28s_monotonic_tabular_v001,validation,6,0.6,0.7,16,0.679094556407563,0.8125,0.16643180727698134
v28s_monotonic_tabular_v001,validation,7,0.7,0.8,0,,,
v28s_monotonic_tabular_v001,validation,8,0.8,0.9,14,0.8311076148539992,0.7857142857142857,0.1691926142327833
v28s_monotonic_tabular_v001,validation,9,0.9,1.0,16,0.9519490115384617,0.9375,0.0588029528455111
v28s_monotonic_tabular_v001,chronological_holdout,0,0.0,0.1,17,0.06864235957049487,0.0,0.004749974314444831
v28s_monotonic_tabular_v001,chronological_holdout,1,0.1,0.2,31,0.11534667721095368,0.0967741935483871,0.08868212410806017
v28s_monotonic_tabular_v001,chronological_holdout,2,0.2,0.3,0,,,
v28s_monotonic_tabular_v001,chronological_holdout,3,0.3,0.4,0,,,
v28s_monotonic_tabular_v001,chronological_holdout,4,0.4,0.5,31,0.4524969362717746,0.25806451612903225,0.22765785981336994
v28s_monotonic_tabular_v001,chronological_holdout,5,0.5,0.6,32,0.5433642508023271,0.5,0.24961654630349148
v28s_monotonic_tabular_v001,chronological_holdout,6,0.6,0.7,13,0.6705707045895282,0.23076923076923078,0.36888203237637857
v28s_monotonic_tabular_v001,chronological_holdout,7,0.7,0.8,0,,,
v28s_monotonic_tabular_v001,chronological_holdout,8,0.8,0.9,21,0.8306090862825707,0.8571428571428571,0.12298711084861694
v28s_monotonic_tabular_v001,chronological_holdout,9,0.9,1.0,14,0.9517202186813188,0.9285714285714286,0.06660124286892093
v28s_monotonic_tabular_v001,post_freeze_forward,0,0.0,0.1,0,,,
v28s_monotonic_tabular_v001,post_freeze_forward,1,0.1,0.2,0,,,
v28s_monotonic_tabular_v001,post_freeze_forward,2,0.2,0.3,0,,,
v28s_monotonic_tabular_v001,post_freeze_forward,3,0.3,0.4,0,,,
v28s_monotonic_tabular_v001,post_freeze_forward,4,0.4,0.5,0,,,
v28s_monotonic_tabular_v001,post_freeze_forward,5,0.5,0.6,0,,,
v28s_monotonic_tabular_v001,post_freeze_forward,6,0.6,0.7,0,,,
v28s_monotonic_tabular_v001,post_freeze_forward,7,0.7,0.8,0,,,
v28s_monotonic_tabular_v001,post_freeze_forward,8,0.8,0.9,0,,,
v28s_monotonic_tabular_v001,post_freeze_forward,9,0.9,1.0,0,,,
v28s_boundary_monotonic_blend_v001,all,0,0.0,0.1,67,0.06909719732290927,0.08955223880597014,0.0820689802234907
v28s_boundary_monotonic_blend_v001,all,1,0.1,0.2,154,0.12093313820049667,0.09740259740259741,0.09004265534057798
v28s_boundary_monotonic_blend_v001,all,2,0.2,0.3,0,,,
v28s_boundary_monotonic_blend_v001,all,3,0.3,0.4,0,,,
v28s_boundary_monotonic_blend_v001,all,4,0.4,0.5,143,0.4529775360010776,0.4195804195804196,0.24629586237830248
v28s_boundary_monotonic_blend_v001,all,5,0.5,0.6,144,0.543117677191216,0.5555555555555556,0.24514369099975386
v28s_boundary_monotonic_blend_v001,all,6,0.6,0.7,47,0.6749106753799392,0.5957446808510638,0.24380037716954453
v28s_boundary_monotonic_blend_v001,all,7,0.7,0.8,4,0.7029033142857144,0.5,0.2916298706070674
v28s_boundary_monotonic_blend_v001,all,8,0.8,0.9,154,0.8299681291397135,0.8181818181818182,0.14854728166045253
v28s_boundary_monotonic_blend_v001,all,9,0.9,1.0,82,0.9527518834896812,0.9512195121951219,0.04608284652165576
v28s_boundary_monotonic_blend_v001,train,0,0.0,0.1,36,0.06922259126984126,0.08333333333333333,0.07666784265336274
v28s_boundary_monotonic_blend_v001,train,1,0.1,0.2,100,0.1224831033869969,0.09,0.08421095837273533
v28s_boundary_monotonic_blend_v001,train,2,0.2,0.3,0,,,
v28s_boundary_monotonic_blend_v001,train,3,0.3,0.4,0,,,
v28s_boundary_monotonic_blend_v001,train,4,0.4,0.5,89,0.4532962529807271,0.4943820224719101,0.25559290744779445
v28s_boundary_monotonic_blend_v001,train,5,0.5,0.6,79,0.5427983802327069,0.5443037974683544,0.24591001048809913
v28s_boundary_monotonic_blend_v001,train,6,0.6,0.7,18,0.6743260933706816,0.6666666666666666,0.2222356883135538
v28s_boundary_monotonic_blend_v001,train,7,0.7,0.8,4,0.7029033142857144,0.5,0.2916298706070674
v28s_boundary_monotonic_blend_v001,train,8,0.8,0.9,119,0.8297209619128229,0.8151260504201681,0.15062903738344344
v28s_boundary_monotonic_blend_v001,train,9,0.9,1.0,52,0.953276676923077,0.9615384615384616,0.03664478402082118
v28s_boundary_monotonic_blend_v001,validation,0,0.0,0.1,14,0.06932705873015874,0.21428571428571427,0.18984498400766112
v28s_boundary_monotonic_blend_v001,validation,1,0.1,0.2,23,0.12172373698422756,0.13043478260869565,0.1172316190358961
v28s_boundary_monotonic_blend_v001,validation,2,0.2,0.3,0,,,
v28s_boundary_monotonic_blend_v001,validation,3,0.3,0.4,0,,,
v28s_boundary_monotonic_blend_v001,validation,4,0.4,0.5,23,0.4523920047149724,0.34782608695652173,0.23544112621865573
v28s_boundary_monotonic_blend_v001,validation,5,0.5,0.6,33,0.5436429530750544,0.6363636363636364,0.23897185435433327
v28s_boundary_monotonic_blend_v001,validation,6,0.6,0.7,16,0.679094556407563,0.8125,0.16643180727698134
v28s_boundary_monotonic_blend_v001,validation,7,0.7,0.8,0,,,
v28s_boundary_monotonic_blend_v001,validation,8,0.8,0.9,14,0.8311076148539992,0.7857142857142857,0.1691926142327833
v28s_boundary_monotonic_blend_v001,validation,9,0.9,1.0,16,0.9519490115384617,0.9375,0.0588029528455111
v28s_boundary_monotonic_blend_v001,chronological_holdout,0,0.0,0.1,17,0.06864235957049487,0.0,0.004749974314444831
v28s_boundary_monotonic_blend_v001,chronological_holdout,1,0.1,0.2,31,0.11534667721095368,0.0967741935483871,0.08868212410806017
v28s_boundary_monotonic_blend_v001,chronological_holdout,2,0.2,0.3,0,,,
v28s_boundary_monotonic_blend_v001,chronological_holdout,3,0.3,0.4,0,,,
v28s_boundary_monotonic_blend_v001,chronological_holdout,4,0.4,0.5,31,0.4524969362717746,0.25806451612903225,0.22765785981336994
v28s_boundary_monotonic_blend_v001,chronological_holdout,5,0.5,0.6,32,0.5433642508023271,0.5,0.24961654630349148
v28s_boundary_monotonic_blend_v001,chronological_holdout,6,0.6,0.7,13,0.6705707045895282,0.23076923076923078,0.36888203237637857
v28s_boundary_monotonic_blend_v001,chronological_holdout,7,0.7,0.8,0,,,
v28s_boundary_monotonic_blend_v001,chronological_holdout,8,0.8,0.9,21,0.8306090862825707,0.8571428571428571,0.12298711084861694
v28s_boundary_monotonic_blend_v001,chronological_holdout,9,0.9,1.0,14,0.9517202186813188,0.9285714285714286,0.06660124286892093
v28s_boundary_monotonic_blend_v001,post_freeze_forward,0,0.0,0.1,0,,,
v28s_boundary_monotonic_blend_v001,post_freeze_forward,1,0.1,0.2,0,,,
v28s_boundary_monotonic_blend_v001,post_freeze_forward,2,0.2,0.3,0,,,
v28s_boundary_monotonic_blend_v001,post_freeze_forward,3,0.3,0.4,0,,,
v28s_boundary_monotonic_blend_v001,post_freeze_forward,4,0.4,0.5,0,,,
v28s_boundary_monotonic_blend_v001,post_freeze_forward,5,0.5,0.6,0,,,
v28s_boundary_monotonic_blend_v001,post_freeze_forward,6,0.6,0.7,0,,,
v28s_boundary_monotonic_blend_v001,post_freeze_forward,7,0.7,0.8,0,,,
v28s_boundary_monotonic_blend_v001,post_freeze_forward,8,0.8,0.9,0,,,
v28s_boundary_monotonic_blend_v001,post_freeze_forward,9,0.9,1.0,0,,,
v28s_boundary_monotonic_light_v001,all,0,0.0,0.1,67,0.058750815116560065,0.08955223880597014,0.08324275823014325
v28s_boundary_monotonic_light_v001,all,1,0.1,0.2,136,0.13026068578236671,0.10294117647058823,0.0940663895959043
v28s_boundary_monotonic_light_v001,all,2,0.2,0.3,18,0.23344202371929823,0.05555555555555555,0.0838036177604624
v28s_boundary_monotonic_light_v001,all,3,0.3,0.4,28,0.3789913358913446,0.5,0.26571956847546835
v28s_boundary_monotonic_light_v001,all,4,0.4,0.5,115,0.4483437050342018,0.4,0.24722101218154868
v28s_boundary_monotonic_light_v001,all,5,0.5,0.6,144,0.5421927956258791,0.5555555555555556,0.2403530834166664
v28s_boundary_monotonic_light_v001,all,6,0.6,0.7,34,0.6490962783193277,0.5588235294117647,0.24727784019742405
v28s_boundary_monotonic_light_v001,all,7,0.7,0.8,17,0.7304918874789916,0.6470588235294118,0.2332142211150578
v28s_boundary_monotonic_light_v001,all,8,0.8,0.9,154,0.8518844604732483,0.8181818181818182,0.14873422317961316
v28s_boundary_monotonic_light_v001,all,9,0.9,1.0,82,0.9437706850881802,0.9512195121951219,0.045584032173372445
v28s_boundary_monotonic_light_v001,train,0,0.0,0.1,36,0.059212264841269846,0.08333333333333333,0.07760458954940251
v28s_boundary_monotonic_light_v001,train,1,0.1,0.2,86,0.13112539530659753,0.09302325581395349,0.08675857535395225
v28s_boundary_monotonic_light_v001,train,2,0.2,0.3,14,0.22858906752882205,0.07142857142857142,0.0897692689924856
v28s_boundary_monotonic_light_v001,train,3,0.3,0.4,20,0.37975191303420175,0.7,0.315078291973068
v28s_boundary_monotonic_light_v001,train,4,0.4,0.5,69,0.45222265970086845,0.43478260869565216,0.25558279806904677
v28s_boundary_monotonic_light_v001,train,5,0.5,0.6,79,0.5410177828185654,0.5443037974683544,0.24060354617349097
v28s_boundary_monotonic_light_v001,train,6,0.6,0.7,14,0.6531542699831933,0.7142857142857143,0.19752902617260037
v28s_boundary_monotonic_light_v001,train,7,0.7,0.8,8,0.7387144037142858,0.5,0.3083280701191066
v28s_boundary_monotonic_light_v001,train,8,0.8,0.9,119,0.8509748850782903,0.8151260504201681,0.15107414569467195
v28s_boundary_monotonic_light_v001,train,9,0.9,1.0,52,0.9457019249230769,0.9615384615384616,0.03607890260330999
v28s_boundary_monotonic_light_v001,validation,0,0.0,0.1,14,0.05959670509523809,0.21428571428571427,0.19423732938882635
v28s_boundary_monotonic_light_v001,validation,1,0.1,0.2,19,0.12013665327191723,0.15789473684210525,0.1333243335784858
v28s_boundary_monotonic_light_v001,validation,2,0.2,0.3,4,0.2504273703859649,0.0,0.06292383844838118
v28s_boundary_monotonic_light_v001,validation,3,0.3,0.4,2,0.3702726010342018,0.0,0.13710179907663317
v28s_boundary_monotonic_light_v001,validation,4,0.4,0.5,21,0.4385463092246779,0.38095238095238093,0.23468402892221596
v28s_boundary_monotonic_light_v001,validation,5,0.5,0.6,33,0.5441258108784043,0.6363636363636364,0.23636130167672062
v28s_boundary_monotonic_light_v001,validation,6,0.6,0.7,10,0.6514722681546219,0.7,0.21428165252562675
v28s_boundary_monotonic_light_v001,validation,7,0.7,0.8,6,0.7338796810476191,1.0,0.07086119509076975
v28s_boundary_monotonic_light_v001,validation,8,0.8,0.9,14,0.8560777679018197,0.7857142857142857,0.16900905394002064
v28s_boundary_monotonic_light_v001,validation,9,0.9,1.0,16,0.9408161163076924,0.9375,0.05879886531267437
v28s_boundary_monotonic_light_v001,chronological_holdout,0,0.0,0.1,17,0.05707701218767507,0.0,0.003775115658678756
v28s_boundary_monotonic_light_v001,chronological_holdout,1,0.1,0.2,31,0.13406686638284054,0.0967741935483871,0.09027836021328584
v28s_boundary_monotonic_light_v001,chronological_holdout,2,0.2,0.3,0,,,
v28s_boundary_monotonic_light_v001,chronological_holdout,3,0.3,0.4,6,0.37936232370086836,0.0,0.1440630799497479
v28s_boundary_monotonic_light_v001,chronological_holdout,4,0.4,0.5,25,0.4458676026342017,0.32,0.2346735490698935
v28s_boundary_monotonic_light_v001,chronological_holdout,5,0.5,0.6,32,0.5431001865147679,0.5,0.24385127840507465
v28s_boundary_monotonic_light_v001,chronological_holdout,6,0.6,0.7,10,0.6410391001546218,0.2,0.34992236750397454
v28s_boundary_monotonic_light_v001,chronological_holdout,7,0.7,0.8,3,0.7017895903809523,0.3333333333333333,0.3576166758195036
v28s_boundary_monotonic_light_v001,chronological_holdout,8,0.8,0.9,21,0.8542431827589626,0.8571428571428571,0.12195810842067505
v28s_boundary_monotonic_light_v001,chronological_holdout,9,0.9,1.0,14,0.9399741585934066,0.9285714285714286,0.06578613270297366
v28s_boundary_monotonic_light_v001,post_freeze_forward,0,0.0,0.1,0,,,
v28s_boundary_monotonic_light_v001,post_freeze_forward,1,0.1,0.2,0,,,
v28s_boundary_monotonic_light_v001,post_freeze_forward,2,0.2,0.3,0,,,
v28s_boundary_monotonic_light_v001,post_freeze_forward,3,0.3,0.4,0,,,
v28s_boundary_monotonic_light_v001,post_freeze_forward,4,0.4,0.5,0,,,
v28s_boundary_monotonic_light_v001,post_freeze_forward,5,0.5,0.6,0,,,
v28s_boundary_monotonic_light_v001,post_freeze_forward,6,0.6,0.7,0,,,
v28s_boundary_monotonic_light_v001,post_freeze_forward,7,0.7,0.8,0,,,
v28s_boundary_monotonic_light_v001,post_freeze_forward,8,0.8,0.9,0,,,
v28s_boundary_monotonic_light_v001,post_freeze_forward,9,0.9,1.0,0,,,
v28s_boundary_monotonic_time_safe_v001,all,0,0.0,0.1,67,0.05446763931667079,0.08955223880597014,0.08407496423480064
v28s_boundary_monotonic_time_safe_v001,all,1,0.1,0.2,130,0.13374508926020978,0.1076923076923077,0.09714253935142879
v28s_boundary_monotonic_time_safe_v001,all,2,0.2,0.3,24,0.244575163889908,0.041666666666666664,0.0799044868136407
v28s_boundary_monotonic_time_safe_v001,all,3,0.3,0.4,40,0.36851620125273665,0.5,0.2678819009574256
v28s_boundary_monotonic_time_safe_v001,all,4,0.4,0.5,103,0.4516089747651092,0.3883495145631068,0.246933961179099
v28s_boundary_monotonic_time_safe_v001,all,5,0.5,0.6,144,0.5419060033753799,0.5555555555555556,0.23881675193913146
v28s_boundary_monotonic_time_safe_v001,all,6,0.6,0.7,34,0.6428617916939041,0.5588235294117647,0.24447999438287504
v28s_boundary_monotonic_time_safe_v001,all,7,0.7,0.8,17,0.7429939159729725,0.6470588235294118,0.2343349999706816
v28s_boundary_monotonic_time_safe_v001,all,8,0.8,0.9,154,0.8607965352623385,0.8181818181818182,0.14912554561655605
v28s_boundary_monotonic_time_safe_v001,all,9,0.9,1.0,82,0.94013222524714,0.9512195121951219,0.04548608485228323
v28s_boundary_monotonic_time_safe_v001,train,0,0.0,0.1,36,0.05497262743033027,0.08333333333333333,0.07836724718205997
v28s_boundary_monotonic_time_safe_v001,train,1,0.1,0.2,82,0.13468484136122125,0.0975609756097561,0.08974677101683404
v28s_boundary_monotonic_time_safe_v001,train,2,0.2,0.3,18,0.24115939201641476,0.05555555555555555,0.08446287659329774
v28s_boundary_monotonic_time_safe_v001,train,3,0.3,0.4,24,0.36460924061642475,0.6666666666666666,0.3185097378732766
v28s_boundary_monotonic_time_safe_v001,train,4,0.4,0.5,65,0.45406842911976186,0.4307692307692308,0.25758317884763876
v28s_boundary_monotonic_time_safe_v001,train,5,0.5,0.6,79,0.5404405584969386,0.5443037974683544,0.23888611303240564
v28s_boundary_monotonic_time_safe_v001,train,6,0.6,0.7,14,0.6479577744537816,0.7142857142857143,0.19571259946122346
v28s_boundary_monotonic_time_safe_v001,train,7,0.7,0.8,8,0.7527599031667054,0.5,0.31516663603146877
v28s_boundary_monotonic_time_safe_v001,train,8,0.8,0.9,119,0.8594833219739286,0.8151260504201681,0.15150904469211884
v28s_boundary_monotonic_time_safe_v001,train,9,0.9,1.0,52,0.942534341824982,0.9615384615384616,0.035989281652011054
v28s_boundary_monotonic_time_safe_v001,validation,0,0.0,0.1,14,0.05579561592508543,0.21428571428571427,0.19647421856486863
v28s_boundary_monotonic_time_safe_v001,validation,1,0.1,0.2,19,0.1247029700174731,0.15789473684210525,0.13287896277045344
v28s_boundary_monotonic_time_safe_v001,validation,2,0.2,0.3,4,0.27849862254043534,0.0,0.07782203562685347
v28s_boundary_monotonic_time_safe_v001,validation,3,0.3,0.4,6,0.37849993728309145,0.3333333333333333,0.21087936075274152
v28s_boundary_monotonic_time_safe_v001,validation,4,0.4,0.5,17,0.4425190933615228,0.35294117647058826,0.22790398157854747
v28s_boundary_monotonic_time_safe_v001,validation,5,0.5,0.6,33,0.5443311233817246,0.6363636363636364,0.2355582758980673
v28s_boundary_monotonic_time_safe_v001,validation,6,0.6,0.7,10,0.6457753953559127,0.7,0.2155745514170198
v28s_boundary_monotonic_time_safe_v001,validation,7,0.7,0.8,6,0.7484036753201958,1.0,0.06335499019987408
v28s_boundary_monotonic_time_safe_v001,validation,8,0.8,0.9,14,0.8669281650737571,0.7857142857142857,0.16985140547116354
v28s_boundary_monotonic_time_safe_v001,validation,9,0.9,1.0,16,0.9365205672585138,0.9375,0.058800098249752006
v28s_boundary_monotonic_time_safe_v001,chronological_holdout,0,0.0,0.1,17,0.05230462492787395,0.0,0.0035978026629013954
v28s_boundary_monotonic_time_safe_v001,chronological_holdout,1,0.1,0.2,29,0.13701200627155657,0.10344827586206896,0.0946411930919565
v28s_boundary_monotonic_time_safe_v001,chronological_holdout,2,0.2,0.3,2,0.2074701934502924,0.0,0.04304388117030175
v28s_boundary_monotonic_time_safe_v001,chronological_holdout,3,0.3,0.4,10,0.37190266516167225,0.2,0.18057661648219364
v28s_boundary_monotonic_time_safe_v001,chronological_holdout,4,0.4,0.5,21,0.45135485337503994,0.2857142857142857,0.22937731854835092
v28s_boundary_monotonic_time_safe_v001,chronological_holdout,5,0.5,0.6,32,0.5430229154124886,0.5,0.24200582015745817
v28s_boundary_monotonic_time_safe_v001,chronological_holdout,6,0.6,0.7,10,0.6328138121680672,0.2,0.3416597902390424
v28s_boundary_monotonic_time_safe_v001,chronological_holdout,7,0.7,0.8,3,0.7061317647619049,0.3333333333333333,0.3607439900168641
v28s_boundary_monotonic_time_safe_v001,chronological_holdout,8,0.8,0.9,21,0.8641503240223818,0.8571428571428571,0.1218018109519618
v28s_boundary_monotonic_time_safe_v001,chronological_holdout,9,0.9,1.0,14,0.9353376870878718,0.9285714285714286,0.06554390999904416
v28s_boundary_monotonic_time_safe_v001,post_freeze_forward,0,0.0,0.1,0,,,
v28s_boundary_monotonic_time_safe_v001,post_freeze_forward,1,0.1,0.2,0,,,
v28s_boundary_monotonic_time_safe_v001,post_freeze_forward,2,0.2,0.3,0,,,
v28s_boundary_monotonic_time_safe_v001,post_freeze_forward,3,0.3,0.4,0,,,
v28s_boundary_monotonic_time_safe_v001,post_freeze_forward,4,0.4,0.5,0,,,
v28s_boundary_monotonic_time_safe_v001,post_freeze_forward,5,0.5,0.6,0,,,
v28s_boundary_monotonic_time_safe_v001,post_freeze_forward,6,0.6,0.7,0,,,
v28s_boundary_monotonic_time_safe_v001,post_freeze_forward,7,0.7,0.8,0,,,
v28s_boundary_monotonic_time_safe_v001,post_freeze_forward,8,0.8,0.9,0,,,
v28s_boundary_monotonic_time_safe_v001,post_freeze_forward,9,0.9,1.0,0,,,
v28s_boundary_monotonic_micro_time_safe_v001,all,0,0.0,0.1,67,0.053898676869628105,0.08955223880597014,0.084074173424473
v28s_boundary_monotonic_micro_time_safe_v001,all,1,0.1,0.2,130,0.1346952229319091,0.1076923076923077,0.09713253140750638
v28s_boundary_monotonic_micro_time_safe_v001,all,2,0.2,0.3,24,0.24768328250030572,0.041666666666666664,0.08146762223062437
v28s_boundary_monotonic_micro_time_safe_v001,all,3,0.3,0.4,48,0.36918797949774035,0.5416666666666666,0.2764338641914919
v28s_boundary_monotonic_micro_time_safe_v001,all,4,0.4,0.5,95,0.45555596125666503,0.35789473684210527,0.241976747464801
v28s_boundary_monotonic_micro_time_safe_v001,all,5,0.5,0.6,144,0.5417878808737251,0.5555555555555556,0.23836850239358412
v28s_boundary_monotonic_micro_time_safe_v001,all,6,0.6,0.7,34,0.6409879345669948,0.5588235294117647,0.24360112823956126
v28s_boundary_monotonic_micro_time_safe_v001,all,7,0.7,0.8,17,0.7458103218507153,0.6470588235294118,0.23523278636893138
v28s_boundary_monotonic_micro_time_safe_v001,all,8,0.8,0.9,154,0.8621143105787016,0.8181818181818182,0.14921188460583548
v28s_boundary_monotonic_micro_time_safe_v001,all,9,0.9,1.0,82,0.9395826444034103,0.9512195121951219,0.045538601174979126
v28s_boundary_monotonic_micro_time_safe_v001,train,0,0.0,0.1,36,0.05448905211798798,0.08333333333333333,0.07833475490694115
v28s_boundary_monotonic_micro_time_safe_v001,train,1,0.1,0.2,82,0.13567765484739075,0.0975609756097561,0.08977018550545697
v28s_boundary_monotonic_micro_time_safe_v001,train,2,0.2,0.3,18,0.24401507871603556,0.05555555555555555,0.08585602095546396
v28s_boundary_monotonic_micro_time_safe_v001,train,3,0.3,0.4,30,0.36687414491826076,0.7333333333333333,0.33011559965174553
v28s_boundary_monotonic_micro_time_safe_v001,train,4,0.4,0.5,59,0.45931374326653884,0.3728813559322034,0.24792895036706877
v28s_boundary_monotonic_micro_time_safe_v001,train,5,0.5,0.6,79,0.5402307080554107,0.5443037974683544,0.23840593252303133
v28s_boundary_monotonic_micro_time_safe_v001,train,6,0.6,0.7,14,0.6463762323361344,0.7142857142857143,0.19517792873718548
v28s_boundary_monotonic_micro_time_safe_v001,train,7,0.7,0.8,8,0.7565604459500116,0.5,0.3175500948167006
v28s_boundary_monotonic_micro_time_safe_v001,train,8,0.8,0.9,119,0.8608552612980609,0.8151260504201681,0.15163493354310223
v28s_boundary_monotonic_micro_time_safe_v001,train,9,0.9,1.0,52,0.9421400563936484,0.9615384615384616,0.03601300049968327
v28s_boundary_monotonic_micro_time_safe_v001,validation,0,0.0,0.1,14,0.05510158477752563,0.21428571428571427,0.19655731012097202
v28s_boundary_monotonic_micro_time_safe_v001,validation,1,0.1,0.2,19,0.12527746995261035,0.15789473684210525,0.1327453990350751
v28s_boundary_monotonic_micro_time_safe_v001,validation,2,0.2,0.3,4,0.2827116617621306,0.0,0.08026895886758342
v28s_boundary_monotonic_micro_time_safe_v001,validation,3,0.3,0.4,6,0.3735528478515941,0.3333333333333333,0.20967388031260217
v28s_boundary_monotonic_micro_time_safe_v001,validation,4,0.4,0.5,17,0.4414688221261039,0.35294117647058826,0.22726289719647222
v28s_boundary_monotonic_micro_time_safe_v001,validation,5,0.5,0.6,33,0.5443538824690628,0.6363636363636364,0.2353095021657789
v28s_boundary_monotonic_micro_time_safe_v001,validation,6,0.6,0.7,10,0.6441217886067738,0.7,0.2158169582781475
v28s_boundary_monotonic_micro_time_safe_v001,validation,7,0.7,0.8,6,0.750655335929392,1.0,0.0622411333937086
v28s_boundary_monotonic_micro_time_safe_v001,validation,8,0.8,0.9,14,0.8679419995221271,0.7857142857142857,0.1696069308002219
v28s_boundary_monotonic_micro_time_safe_v001,validation,9,0.9,1.0,16,0.9356890951775542,0.9375,0.05893308054807361
v28s_boundary_monotonic_micro_time_safe_v001,chronological_holdout,0,0.0,0.1,17,0.05165784041953866,0.0,0.003595064770364772
v28s_boundary_monotonic_micro_time_safe_v001,chronological_holdout,1,0.1,0.2,29,0.13808756395043248,0.10344827586206896,0.09461763068489425
v28s_boundary_monotonic_micro_time_safe_v001,chronological_holdout,2,0.2,0.3,2,0.21064035803508774,0.0,0.04436936043314996
v28s_boundary_monotonic_micro_time_safe_v001,chronological_holdout,3,0.3,0.4,12,0.3727901317695123,0.16666666666666666,0.17560951748030276
v28s_boundary_monotonic_micro_time_safe_v001,chronological_holdout,4,0.4,0.5,19,0.45649134160598004,0.3157894736842105,0.23665861500836893
v28s_boundary_monotonic_micro_time_safe_v001,chronological_holdout,5,0.5,0.6,32,0.5429859621237466,0.5,0.24143069074643553
v28s_boundary_monotonic_micro_time_safe_v001,chronological_holdout,6,0.6,0.7,10,0.6303104636504202,0.2,0.33917777750430106
v28s_boundary_monotonic_micro_time_safe_v001,chronological_holdout,7,0.7,0.8,3,0.7074532960952382,0.3333333333333333,0.3617032697919922
v28s_boundary_monotonic_micro_time_safe_v001,chronological_holdout,8,0.8,0.9,21,0.8653637972067145,0.8571428571428571,0.12188457649839955
v28s_boundary_monotonic_micro_time_safe_v001,chronological_holdout,9,0.9,1.0,14,0.9345334561263615,0.9285714285714286,0.06561142725682718
v28s_boundary_monotonic_micro_time_safe_v001,post_freeze_forward,0,0.0,0.1,0,,,
v28s_boundary_monotonic_micro_time_safe_v001,post_freeze_forward,1,0.1,0.2,0,,,
v28s_boundary_monotonic_micro_time_safe_v001,post_freeze_forward,2,0.2,0.3,0,,,
v28s_boundary_monotonic_micro_time_safe_v001,post_freeze_forward,3,0.3,0.4,0,,,
v28s_boundary_monotonic_micro_time_safe_v001,post_freeze_forward,4,0.4,0.5,0,,,
v28s_boundary_monotonic_micro_time_safe_v001,post_freeze_forward,5,0.5,0.6,0,,,
v28s_boundary_monotonic_micro_time_safe_v001,post_freeze_forward,6,0.6,0.7,0,,,
v28s_boundary_monotonic_micro_time_safe_v001,post_freeze_forward,7,0.7,0.8,0,,,
v28s_boundary_monotonic_micro_time_safe_v001,post_freeze_forward,8,0.8,0.9,0,,,
v28s_boundary_monotonic_micro_time_safe_v001,post_freeze_forward,9,0.9,1.0,0,,,
v28s_late_dsigma_residual_tilt_v001,all,0,0.0,0.1,67,0.05365483582089553,0.08955223880597014,0.08407485538480597
v28s_late_dsigma_residual_tilt_v001,all,1,0.1,0.2,130,0.13510242307692308,0.1076923076923077,0.0971292671999923
v28s_late_dsigma_residual_tilt_v001,all,2,0.2,0.3,24,0.24901533333333334,0.041666666666666664,0.08214820253858333
v28s_late_dsigma_residual_tilt_v001,all,3,0.3,0.4,50,0.36836262,0.56,0.28060629633934
v28s_late_dsigma_residual_tilt_v001,all,4,0.4,0.5,93,0.45667029032258066,0.34408602150537637,0.23949651051973117
v28s_late_dsigma_residual_tilt_v001,all,5,0.5,0.6,144,0.5417372569444444,0.5555555555555556,0.23817802090285417
v28s_late_dsigma_residual_tilt_v001,all,6,0.6,0.7,34,0.6401848529411764,0.5588235294117647,0.24322761150814706
v28s_late_dsigma_residual_tilt_v001,all,7,0.7,0.8,17,0.7470173529411764,0.6470588235294118,0.23562398183817646
v28s_late_dsigma_residual_tilt_v001,all,8,0.8,0.9,154,0.8626790714285714,0.8181818181818182,0.14925074346517533
v28s_late_dsigma_residual_tilt_v001,all,9,0.9,1.0,82,0.9393471097560975,0.9512195121951219,0.045561929295768286
v28s_late_dsigma_residual_tilt_v001,train,0,0.0,0.1,36,0.05428180555555557,0.08333333333333333,0.07832169452369445
v28s_late_dsigma_residual_tilt_v001,train,1,0.1,0.2,82,0.13610314634146342,0.0975609756097561,0.08978129417382927
v28s_late_dsigma_residual_tilt_v001,train,2,0.2,0.3,18,0.24523894444444444,0.05555555555555555,0.08646216547227777
v28s_late_dsigma_residual_tilt_v001,train,3,0.3,0.4,32,0.36675725000000003,0.75,0.333633380851875
v28s_late_dsigma_residual_tilt_v001,train,4,0.4,0.5,57,0.46142485964912283,0.3508771929824561,0.2441653633101579
v28s_late_dsigma_residual_tilt_v001,train,5,0.5,0.6,79,0.5401407721518987,0.5443037974683544,0.23820204186844304
v28s_late_dsigma_residual_tilt_v001,train,6,0.6,0.7,14,0.6456984285714286,0.7142857142857143,0.19495137768357143
v28s_late_dsigma_residual_tilt_v001,train,7,0.7,0.8,8,0.75818925,0.5,0.3185813171725
v28s_late_dsigma_residual_tilt_v001,train,8,0.8,0.9,119,0.8614432352941177,0.8151260504201681,0.15169086117147057
v28s_late_dsigma_residual_tilt_v001,train,9,0.9,1.0,52,0.9419710769230769,0.9615384615384616,0.036023807414730775
v28s_late_dsigma_residual_tilt_v001,validation,0,0.0,0.1,14,0.05480414285714285,0.21428571428571427,0.19659424773357143
v28s_late_dsigma_residual_tilt_v001,validation,1,0.1,0.2,19,0.12552368421052634,0.15789473684210525,0.13268868094178946
v28s_late_dsigma_residual_tilt_v001,validation,2,0.2,0.3,4,0.28451725,0.0,0.08133768260575
v28s_late_dsigma_residual_tilt_v001,validation,3,0.3,0.4,6,0.3714326666666667,0.3333333333333333,0.20917333778733335
v28s_late_dsigma_residual_tilt_v001,validation,4,0.4,0.5,17,0.4410187058823529,0.35294117647058826,0.22699103507811766
v28s_late_dsigma_residual_tilt_v001,validation,5,0.5,0.6,33,0.5443636363636363,0.6363636363636364,0.2352040437929697
v28s_late_dsigma_residual_tilt_v001,validation,6,0.6,0.7,10,0.6434131000000001,0.7,0.21592322336789999
v28s_late_dsigma_residual_tilt_v001,validation,7,0.7,0.8,6,0.7516203333333333,1.0,0.061768462570999993
v28s_late_dsigma_residual_tilt_v001,validation,8,0.8,0.9,14,0.8683765,0.7857142857142857,0.16950364127135714
v28s_late_dsigma_residual_tilt_v001,validation,9,0.9,1.0,16,0.9353327499999999,0.9375,0.058991044749374985
v28s_late_dsigma_residual_tilt_v001,chronological_holdout,0,0.0,0.1,17,0.05138064705882353,0.0,0.0035949905681764713
v28s_late_dsigma_residual_tilt_v001,chronological_holdout,1,0.1,0.2,29,0.13854851724137932,0.10344827586206896,0.09460874744313794
v28s_late_dsigma_residual_tilt_v001,chronological_holdout,2,0.2,0.3,2,0.21199900000000005,0.0,0.04494357600100002
v28s_late_dsigma_residual_tilt_v001,chronological_holdout,3,0.3,0.4,12,0.37110858333333335,0.16666666666666666,0.17491721691524997
v28s_late_dsigma_residual_tilt_v001,chronological_holdout,4,0.4,0.5,19,0.45641063157894735,0.3157894736842105,0.23667906175410527
v28s_late_dsigma_residual_tilt_v001,chronological_holdout,5,0.5,0.6,32,0.542970125,0.5,0.24118563303862497
v28s_late_dsigma_residual_tilt_v001,chronological_holdout,6,0.6,0.7,10,0.6292376,0.2,0.33811872700279993
v28s_late_dsigma_residual_tilt_v001,chronological_holdout,7,0.7,0.8,3,0.7080196666666666,0.3333333333333333,0.36211545948100005
v28s_late_dsigma_residual_tilt_v001,chronological_holdout,8,0.8,0.9,21,0.8658838571428572,0.8571428571428571,0.12192147792538095
v28s_late_dsigma_residual_tilt_v001,chronological_holdout,9,0.9,1.0,14,0.9341887857142857,0.9285714285714286,0.06564167862121427
v28s_late_dsigma_residual_tilt_v001,post_freeze_forward,0,0.0,0.1,0,,,
v28s_late_dsigma_residual_tilt_v001,post_freeze_forward,1,0.1,0.2,0,,,
v28s_late_dsigma_residual_tilt_v001,post_freeze_forward,2,0.2,0.3,0,,,
v28s_late_dsigma_residual_tilt_v001,post_freeze_forward,3,0.3,0.4,0,,,
v28s_late_dsigma_residual_tilt_v001,post_freeze_forward,4,0.4,0.5,0,,,
v28s_late_dsigma_residual_tilt_v001,post_freeze_forward,5,0.5,0.6,0,,,
v28s_late_dsigma_residual_tilt_v001,post_freeze_forward,6,0.6,0.7,0,,,
v28s_late_dsigma_residual_tilt_v001,post_freeze_forward,7,0.7,0.8,0,,,
v28s_late_dsigma_residual_tilt_v001,post_freeze_forward,8,0.8,0.9,0,,,
v28s_late_dsigma_residual_tilt_v001,post_freeze_forward,9,0.9,1.0,0,,,
