candidate_id,split,slice,rows,markets,avg_pred,win_rate,brier,logloss,ece_10bin,side_accuracy,calibration_intercept,calibration_slope,shadow_trades,shadow_coverage,shadow_net_pnl_cents,shadow_expected_ev_cents
v28_raw,all,all_rows,795,176,0.5161985031446541,0.4968553459119497,0.16330634137287547,0.5009962822456109,0.056954143396226384,0.7509433962264151,-0.11360396084075777,0.940300894247701,425,0.5345911949685535,613.0,2436.4871999999996
v28_raw,all,near_boundary_v28_40_60,237,119,0.5083565485232068,0.47257383966244726,0.2386954029044135,0.6703476622106317,0.05257456540084391,0.5949367088607594,-0.2228365490384485,2.9655013065447857,86,0.3628691983122363,59.0,427.5678
v28_raw,all,near_boundary_abs_d_lte_1,0,0,,,,,,,,,0,0.0,0.0,0.0
v28_raw,all,high_recross,349,168,0.4955627134670487,0.4785100286532951,0.23227838506587678,0.653652024861407,0.1015083123209169,0.5959885386819485,-0.07253660232398373,1.0986681038748138,139,0.3982808022922636,112.0,765.9011999999999
v28_raw,all,prior_recross_seen,0,0,,,,,,,,,0,0.0,0.0,0.0
v28_raw,all,adverse_memory_gt_1sigma,0,0,,,,,,,,,0,0.0,0.0,0.0
v28_raw,all,late_lte_180s,61,43,0.45735067213114755,0.32786885245901637,0.13746061264457377,0.5338799443771307,0.15307686885245902,0.8360655737704918,-0.9255266710238059,0.7263107545577319,23,0.3770491803278688,-12.0,260.5764
v28_raw,all,fresh_feed_lte_1000ms,0,0,,,,,,,,,0,0.0,0.0,0.0
v28_raw,all,stale_feed_gt_1000ms,0,0,,,,,,,,,0,0.0,0.0,0.0
v28_raw,all,entry_source,173,107,0.5449251791907515,0.5260115606936416,0.13363403471027746,0.47325610936565615,0.041544219653179185,0.8439306358381503,-0.08915912821103338,0.7613033498166051,173,1.0,853.0,1544.2554
v28_raw,all,rejected_actionable_source,622,174,0.5082086077170418,0.4887459807073955,0.17155924981761736,0.5087117965675275,0.061240183279742774,0.72508038585209,-0.1163439372628687,1.0752419867988101,252,0.40514469453376206,-240.0,892.2317999999998
v28_raw,train,all_rows,497,105,0.5328712414486922,0.5231388329979879,0.16167412796192154,0.4987378799302173,0.07257437223340044,0.7505030181086519,-0.05145757543936059,0.9188453996422301,267,0.5372233400402414,441.0,1436.3059999999998
v28_raw,train,near_boundary_v28_40_60,136,67,0.507149544117647,0.4632352941176471,0.24070137511974998,0.6743805167182808,0.04875070588235298,0.5882352941176471,-0.23506049436959162,2.7183281469965817,47,0.34558823529411764,352.0,173.1872
v28_raw,train,near_boundary_abs_d_lte_1,0,0,,,,,,,,,0,0.0,0.0,0.0
v28_raw,train,high_recross,208,99,0.489037,0.5,0.23591405907840385,0.6604395405736615,0.12427182692307692,0.5769230769230769,0.043141963292586696,0.9130067366848168,79,0.3798076923076923,253.0,386.48199999999997
v28_raw,train,prior_recross_seen,0,0,,,,,,,,,0,0.0,0.0,0.0
v28_raw,train,adverse_memory_gt_1sigma,0,0,,,,,,,,,0,0.0,0.0,0.0
v28_raw,train,late_lte_180s,42,28,0.48509821428571426,0.38095238095238093,0.1488307680837857,0.6103531309705639,0.13727335714285716,0.8333333333333334,-0.6077883834669151,0.59147374901906,17,0.40476190476190477,-13.0,214.36949999999996
v28_raw,train,fresh_feed_lte_1000ms,0,0,,,,,,,,,0,0.0,0.0,0.0
v28_raw,train,stale_feed_gt_1000ms,0,0,,,,,,,,,0,0.0,0.0,0.0
v28_raw,train,entry_source,113,67,0.5923065132743363,0.5575221238938053,0.14192628612061947,0.5068949875694521,0.06656470796460173,0.831858407079646,-0.11735552132648755,0.7262787945737506,113,1.0,441.0,988.5809999999999
v28_raw,train,rejected_actionable_source,384,103,0.5153811744791666,0.5130208333333334,0.16748534183709637,0.4963374810676299,0.07701570052083334,0.7265625,-0.015997939960605775,1.0716854759783878,154,0.4010416666666667,0.0,447.72499999999985
v28_raw,validation,all_rows,139,35,0.503932654676259,0.5323741007194245,0.1749721360266259,0.5387830854366437,0.08630121582733816,0.762589928057554,0.16445263650589206,0.8451538023502869,68,0.4892086330935252,-156.0,542.3383
v28_raw,validation,near_boundary_v28_40_60,50,26,0.50922636,0.54,0.23241162082991998,0.6576944625907282,0.09066636000000004,0.64,0.03434108984168673,3.435600057814395,20,0.4,-238.0,155.65609999999998
v28_raw,validation,near_boundary_abs_d_lte_1,0,0,,,,,,,,,0,0.0,0.0,0.0
v28_raw,validation,high_recross,66,34,0.5121927575757576,0.5454545454545454,0.21548868441139393,0.621750134405794,0.10372033333333334,0.6818181818181818,0.08327138033760498,2.8395793796553805,28,0.42424242424242425,-149.0,186.00009999999997
v28_raw,validation,prior_recross_seen,0,0,,,,,,,,,0,0.0,0.0,0.0
v28_raw,validation,adverse_memory_gt_1sigma,0,0,,,,,,,,,0,0.0,0.0,0.0
v28_raw,validation,late_lte_180s,7,6,0.6955547142857144,0.42857142857142855,0.23365482582728572,0.6779570702582424,0.3550772857142857,0.7142857142857143,,,2,0.2857142857142857,-58.0,29.9174
v28_raw,validation,fresh_feed_lte_1000ms,0,0,,,,,,,,,0,0.0,0.0,0.0
v28_raw,validation,stale_feed_gt_1000ms,0,0,,,,,,,,,0,0.0,0.0,0.0
v28_raw,validation,entry_source,27,20,0.4642523703703703,0.48148148148148145,0.15987873554170373,0.5343978291737055,0.09564074074074072,0.8148148148148148,0.015397589309742936,0.6053131006529368,27,1.0,71.0,329.23
v28_raw,validation,rejected_actionable_source,112,35,0.5134984375,0.5446428571428571,0.1786107236435268,0.539840245428602,0.0969892767857143,0.75,0.1633819856012446,1.0651170723891095,41,0.36607142857142855,-227.0,213.10829999999999
v28_raw,chronological_holdout,all_rows,159,36,0.47480606289308175,0.3836477987421384,0.15820989236893082,0.47502181876886274,0.0911582641509434,0.7421383647798742,-0.5964528229140542,1.150779429128507,90,0.5660377358490566,328.0,457.8429
v28_raw,chronological_holdout,near_boundary_v28_40_60,51,26,0.5107224705882353,0.43137254901960786,0.2395067143247843,0.6719984811901396,0.07934992156862743,0.5686274509803921,-0.4420079908260098,3.08401520627789,19,0.37254901960784315,-55.0,98.72449999999998
v28_raw,chronological_holdout,near_boundary_abs_d_lte_1,0,0,,,,,,,,,0,0.0,0.0,0.0
v28_raw,chronological_holdout,high_recross,75,35,0.49902625333333334,0.36,0.23697038571374668,0.6629016448870272,0.14288302666666666,0.5733333333333334,-0.6122644608834542,1.0694789277423842,32,0.4266666666666667,8.0,193.4191
v28_raw,chronological_holdout,prior_recross_seen,0,0,,,,,,,,,0,0.0,0.0,0.0
v28_raw,chronological_holdout,adverse_memory_gt_1sigma,0,0,,,,,,,,,0,0.0,0.0,0.0
v28_raw,chronological_holdout,late_lte_180s,12,9,0.22128191666666666,0.08333333333333333,0.04155177758408334,0.1821788012027995,0.15076391666666666,0.9166666666666666,,,4,0.3333333333333333,59.0,16.289500000000018
v28_raw,chronological_holdout,fresh_feed_lte_1000ms,0,0,,,,,,,,,0,0.0,0.0,0.0
v28_raw,chronological_holdout,stale_feed_gt_1000ms,0,0,,,,,,,,,0,0.0,0.0,0.0
v28_raw,chronological_holdout,entry_source,33,20,0.4486850303030303,0.45454545454545453,0.08376641859460607,0.30804339203698133,0.03471381818181817,0.9090909090909091,0.15240360121661564,1.2078151630057565,33,1.0,341.0,226.4444
v28_raw,chronological_holdout,rejected_actionable_source,126,36,0.4816472857142857,0.36507936507936506,0.17770699264315873,0.518754263865308,0.11656792063492061,0.6984126984126984,-0.6949453875093428,1.1410631403369655,57,0.4523809523809524,-13.0,231.3985
v28_raw,post_freeze_forward,all_rows,0,0,,,,,,,,,0,0.0,0.0,0.0
v28_raw,post_freeze_forward,near_boundary_v28_40_60,0,0,,,,,,,,,0,0.0,0.0,0.0
v28_raw,post_freeze_forward,near_boundary_abs_d_lte_1,0,0,,,,,,,,,0,0.0,0.0,0.0
v28_raw,post_freeze_forward,high_recross,0,0,,,,,,,,,0,0.0,0.0,0.0
v28_raw,post_freeze_forward,prior_recross_seen,0,0,,,,,,,,,0,0.0,0.0,0.0
v28_raw,post_freeze_forward,adverse_memory_gt_1sigma,0,0,,,,,,,,,0,0.0,0.0,0.0
v28_raw,post_freeze_forward,late_lte_180s,0,0,,,,,,,,,0,0.0,0.0,0.0
v28_raw,post_freeze_forward,fresh_feed_lte_1000ms,0,0,,,,,,,,,0,0.0,0.0,0.0
v28_raw,post_freeze_forward,stale_feed_gt_1000ms,0,0,,,,,,,,,0,0.0,0.0,0.0
v28_raw,post_freeze_forward,entry_source,0,0,,,,,,,,,0,0.0,0.0,0.0
v28_raw,post_freeze_forward,rejected_actionable_source,0,0,,,,,,,,,0,0.0,0.0,0.0
v28s_logistic_calibration_v001,all,all_rows,795,176,0.5141554404969384,0.4968553459119497,0.1863715793370179,0.559892830313581,0.12259095958721847,0.7383647798742138,-0.19274328031599255,2.590671428507938,158,0.19874213836477989,-395.0,1086.468808502943
v28s_logistic_calibration_v001,all,near_boundary_v28_40_60,237,119,0.5106758268426315,0.47257383966244726,0.24577142673205446,0.6846732288803522,0.03810198718018416,0.5527426160337553,-0.4696836683986204,8.109822774339921,89,0.3755274261603376,-535.0,465.8502718036842
v28s_logistic_calibration_v001,all,near_boundary_abs_d_lte_1,0,0,,,,,,,,,0,0.0,0.0,0.0
v28s_logistic_calibration_v001,all,high_recross,349,168,0.5056810193483152,0.4785100286532951,0.2391042012912155,0.6709067755621995,0.035647355037339734,0.5673352435530086,-0.1649517689796243,3.0239909348562986,139,0.3982808022922636,-366.0,816.0643394803694
v28s_logistic_calibration_v001,all,prior_recross_seen,0,0,,,,,,,,,0,0.0,0.0,0.0
v28s_logistic_calibration_v001,all,adverse_memory_gt_1sigma,0,0,,,,,,,,,0,0.0,0.0,0.0
v28s_logistic_calibration_v001,all,late_lte_180s,61,43,0.48676335122640324,0.32786885245901637,0.1706245273335007,0.542418530460831,0.24480753947588751,0.8360655737704918,-0.9866135255446796,2.001325252047684,3,0.04918032786885246,-121.0,110.03607958689378
v28s_logistic_calibration_v001,all,fresh_feed_lte_1000ms,0,0,,,,,,,,,0,0.0,0.0,0.0
v28s_logistic_calibration_v001,all,stale_feed_gt_1000ms,0,0,,,,,,,,,0,0.0,0.0,0.0
v28s_logistic_calibration_v001,all,entry_source,173,107,0.5279122128199843,0.5260115606936416,0.16056565047317062,0.5121491970679399,0.17320257165135725,0.8439306358381503,-0.1532364233759581,2.097795947059166,14,0.08092485549132948,107.0,191.8359908609208
v28s_logistic_calibration_v001,all,rejected_actionable_source,622,174,0.5103291999633581,0.4887459807073955,0.193549112606223,0.573172008049105,0.10883250081065242,0.7090032154340836,-0.20683001922763644,2.962048093580934,144,0.2315112540192926,-502.0,894.6328176420221
v28s_logistic_calibration_v001,train,all_rows,497,105,0.523138832997983,0.5231388329979879,0.18436750951599626,0.5563840222749881,0.12434627251680373,0.7303822937625755,-0.12879218125794167,2.5316087215375522,89,0.1790744466800805,201.0,626.4395817051094
v28s_logistic_calibration_v001,train,near_boundary_v28_40_60,136,67,0.5102486069319285,0.4632352941176471,0.24669740619824249,0.6865258612982517,0.04701331281428158,0.5147058823529411,-0.46139432500979416,7.431337659288235,46,0.3382352941176471,4.0,182.28768852324856
v28s_logistic_calibration_v001,train,near_boundary_abs_d_lte_1,0,0,,,,,,,,,0,0.0,0.0,0.0
v28s_logistic_calibration_v001,train,high_recross,208,99,0.5033675224009374,0.5,0.23935949449680574,0.6713201692319603,0.047925320222995484,0.5288461538461539,-0.03371561492753355,2.513635336044884,79,0.3798076923076923,233.0,416.0932299569019
v28s_logistic_calibration_v001,train,prior_recross_seen,0,0,,,,,,,,,0,0.0,0.0,0.0
v28s_logistic_calibration_v001,train,adverse_memory_gt_1sigma,0,0,,,,,,,,,0,0.0,0.0,0.0
v28s_logistic_calibration_v001,train,late_lte_180s,42,28,0.49642477204280705,0.38095238095238093,0.17976991289337418,0.5703840778548643,0.2095193348813035,0.8333333333333334,-0.6575608830567662,1.6298351930379427,2,0.047619047619047616,-52.0,110.61072134005727
v28s_logistic_calibration_v001,train,fresh_feed_lte_1000ms,0,0,,,,,,,,,0,0.0,0.0,0.0
v28s_logistic_calibration_v001,train,stale_feed_gt_1000ms,0,0,,,,,,,,,0,0.0,0.0,0.0
v28s_logistic_calibration_v001,train,entry_source,113,67,0.5480476545223764,0.5575221238938053,0.16611409609560232,0.5269341324329914,0.16906754422388237,0.831858407079646,-0.17845868091419576,2.0012769021667722,7,0.061946902654867256,61.0,163.82570053774975
v28s_logistic_calibration_v001,train,rejected_actionable_source,384,103,0.5158088933306485,0.5130208333333334,0.18973895669439342,0.5650502659003674,0.11118610662383535,0.7005208333333334,-0.10620798369214741,2.9523401081276335,82,0.21354166666666666,140.0,462.6138811673597
v28s_logistic_calibration_v001,validation,all_rows,139,35,0.5068035046272338,0.5323741007194245,0.19464191809359363,0.5768916612643349,0.16508337615904892,0.7769784172661871,0.09328551400174086,2.3285576223844577,37,0.26618705035971224,-403.0,277.1816401249923
v28s_logistic_calibration_v001,validation,near_boundary_v28_40_60,50,26,0.5109623504275758,0.54,0.24231078634327322,0.6777483632791416,0.15924225642217782,0.68,-0.2520525894818426,9.404161149271205,22,0.44,-306.0,175.70320106056298
v28s_logistic_calibration_v001,validation,near_boundary_abs_d_lte_1,0,0,,,,,,,,,0,0.0,0.0,0.0
v28s_logistic_calibration_v001,validation,high_recross,66,34,0.5122081171034178,0.5454545454545454,0.23424649545353082,0.6614615739643752,0.1810203825149717,0.7121212121212122,-0.1548064529771177,7.799582920333248,30,0.45454545454545453,-404.0,234.61709875604242
v28s_logistic_calibration_v001,validation,prior_recross_seen,0,0,,,,,,,,,0,0.0,0.0,0.0
v28s_logistic_calibration_v001,validation,adverse_memory_gt_1sigma,0,0,,,,,,,,,0,0.0,0.0,0.0
v28s_logistic_calibration_v001,validation,late_lte_180s,7,6,0.6231882548003053,0.42857142857142855,0.2043750969758395,0.587875936802401,0.41299353922452464,0.7142857142857143,,,1,0.14285714285714285,-69.0,-0.5746417531634904
v28s_logistic_calibration_v001,validation,fresh_feed_lte_1000ms,0,0,,,,,,,,,0,0.0,0.0,0.0
v28s_logistic_calibration_v001,validation,stale_feed_gt_1000ms,0,0,,,,,,,,,0,0.0,0.0,0.0
v28s_logistic_calibration_v001,validation,entry_source,27,20,0.49559182154280607,0.48148148148148145,0.1630896059211869,0.5096430052282412,0.11140874648618626,0.8148148148148148,-0.0355900433560253,1.6680205228576508,6,0.2222222222222222,16.0,28.09073654830648
v28s_logistic_calibration_v001,validation,rejected_actionable_source,112,35,0.5095063210850869,0.5446428571428571,0.2022482790637274,0.5931033908444645,0.18434048858097712,0.7678571428571429,0.0737405103609218,2.9339811937905362,31,0.2767857142857143,-419.0,249.09090357668586
v28s_logistic_calibration_v001,chronological_holdout,all_rows,159,36,0.49250244057788056,0.3836477987421384,0.18540582848094078,0.5560000007099699,0.19203343669508188,0.7295597484276729,-0.6932231662356112,3.1701248036305216,32,0.20125786163522014,-193.0,182.8475866728412
v28s_logistic_calibration_v001,chronological_holdout,near_boundary_v28_40_60,51,26,0.5115341744624032,0.43137254901960786,0.24669493285043656,0.6865219596887089,0.08016162544279551,0.5294117647058824,-0.6980511542384896,8.431095250345717,21,0.4117647058823529,-233.0,107.85938221987269
v28s_logistic_calibration_v001,chronological_holdout,near_boundary_abs_d_lte_1,0,0,,,,,,,,,0,0.0,0.0,0.0
v28s_logistic_calibration_v001,chronological_holdout,high_recross,75,35,0.5063532715245528,0.36,0.24267096927154108,0.6780720745241481,0.15534703308296705,0.5466666666666666,-0.7020805573759126,2.9430280591736135,30,0.4,-195.0,165.35401076742517
v28s_logistic_calibration_v001,chronological_holdout,prior_recross_seen,0,0,,,,,,,,,0,0.0,0.0,0.0
v28s_logistic_calibration_v001,chronological_holdout,adverse_memory_gt_1sigma,0,0,,,,,,,,,0,0.0,0.0,0.0
v28s_logistic_calibration_v001,chronological_holdout,late_lte_180s,12,9,0.37336718461754687,0.08333333333333333,0.11892784558257925,0.41802229421579806,0.33710676862455,0.9166666666666666,,,0,0.0,0.0,0.0
v28s_logistic_calibration_v001,chronological_holdout,fresh_feed_lte_1000ms,0,0,,,,,,,,,0,0.0,0.0,0.0
v28s_logistic_calibration_v001,chronological_holdout,stale_feed_gt_1000ms,0,0,,,,,,,,,0,0.0,0.0,0.0
v28s_logistic_calibration_v001,chronological_holdout,entry_source,33,20,0.48540753561130306,0.45454545454545453,0.13950137312676997,0.46357251474736594,0.23942775912218675,0.9090909090909091,0.0505463388398436,3.327757557936417,1,0.030303030303030304,30.0,-0.08044622513543231
v28s_logistic_calibration_v001,chronological_holdout,rejected_actionable_source,126,36,0.494360629973889,0.36507936507936506,0.19742842393084264,0.5802071994144614,0.17962063796417344,0.6825396825396826,-0.7908668266858964,3.143031718432275,31,0.24603174603174602,-223.0,182.9280328979766
v28s_logistic_calibration_v001,post_freeze_forward,all_rows,0,0,,,,,,,,,0,0.0,0.0,0.0
v28s_logistic_calibration_v001,post_freeze_forward,near_boundary_v28_40_60,0,0,,,,,,,,,0,0.0,0.0,0.0
v28s_logistic_calibration_v001,post_freeze_forward,near_boundary_abs_d_lte_1,0,0,,,,,,,,,0,0.0,0.0,0.0
v28s_logistic_calibration_v001,post_freeze_forward,high_recross,0,0,,,,,,,,,0,0.0,0.0,0.0
v28s_logistic_calibration_v001,post_freeze_forward,prior_recross_seen,0,0,,,,,,,,,0,0.0,0.0,0.0
v28s_logistic_calibration_v001,post_freeze_forward,adverse_memory_gt_1sigma,0,0,,,,,,,,,0,0.0,0.0,0.0
v28s_logistic_calibration_v001,post_freeze_forward,late_lte_180s,0,0,,,,,,,,,0,0.0,0.0,0.0
v28s_logistic_calibration_v001,post_freeze_forward,fresh_feed_lte_1000ms,0,0,,,,,,,,,0,0.0,0.0,0.0
v28s_logistic_calibration_v001,post_freeze_forward,stale_feed_gt_1000ms,0,0,,,,,,,,,0,0.0,0.0,0.0
v28s_logistic_calibration_v001,post_freeze_forward,entry_source,0,0,,,,,,,,,0,0.0,0.0,0.0
v28s_logistic_calibration_v001,post_freeze_forward,rejected_actionable_source,0,0,,,,,,,,,0,0.0,0.0,0.0
v28s_logistic_boundary_physics_v001,all,all_rows,795,176,0.5172687291166762,0.4968553459119497,0.1886011842259968,0.5645900305436534,0.15314029164995438,0.7622641509433963,-0.18768438907324658,2.89217866073967,159,0.2,-240.0,1158.5112462696893
v28s_logistic_boundary_physics_v001,all,near_boundary_v28_40_60,237,119,0.496872293763874,0.47257383966244726,0.24139333700098767,0.6758583425389079,0.11705634791966942,0.6413502109704642,-0.05518132448542307,5.906658022133881,94,0.39662447257383965,-322.0,499.4877100396033
v28s_logistic_boundary_physics_v001,all,near_boundary_abs_d_lte_1,0,0,,,,,,,,,0,0.0,0.0,0.0
v28s_logistic_boundary_physics_v001,all,high_recross,349,168,0.49625893688524986,0.4785100286532951,0.2379737520386932,0.6687943691979084,0.08222299937697114,0.6189111747851003,-0.04060531087514882,3.3671225437886383,143,0.40974212034383956,-313.0,887.1876915595997
v28s_logistic_boundary_physics_v001,all,prior_recross_seen,0,0,,,,,,,,,0,0.0,0.0,0.0
v28s_logistic_boundary_physics_v001,all,adverse_memory_gt_1sigma,0,0,,,,,,,,,0,0.0,0.0,0.0
v28s_logistic_boundary_physics_v001,all,late_lte_180s,61,43,0.4203065272554829,0.32786885245901637,0.154863068163427,0.4998170455668865,0.21027196677950483,0.8524590163934426,-0.3255648489136878,2.238190494280337,2,0.03278688524590164,-52.0,99.24411646798384
v28s_logistic_boundary_physics_v001,all,fresh_feed_lte_1000ms,0,0,,,,,,,,,0,0.0,0.0,0.0
v28s_logistic_boundary_physics_v001,all,stale_feed_gt_1000ms,0,0,,,,,,,,,0,0.0,0.0,0.0
v28s_logistic_boundary_physics_v001,all,entry_source,173,107,0.5438981198922155,0.5260115606936416,0.16468273446964188,0.518622891479233,0.19960966434850502,0.8439306358381503,-0.3587708231802525,2.481338353445692,11,0.06358381502890173,209.0,170.5415040533805
v28s_logistic_boundary_physics_v001,all,rejected_actionable_source,622,174,0.5098621622289459,0.4887459807073955,0.19525374340260354,0.5773751029844005,0.14265903028564628,0.7395498392282959,-0.14480541780222692,3.224267565178584,148,0.2379421221864952,-449.0,987.9697422163089
v28s_logistic_boundary_physics_v001,train,all_rows,497,105,0.5231388329979761,0.5231388329979879,0.18573296308598497,0.5589746852377132,0.14958747568326738,0.7625754527162978,-0.0893034962242937,2.8232944568695872,94,0.1891348088531187,116.0,672.6063407640419
v28s_logistic_boundary_physics_v001,train,near_boundary_v28_40_60,136,67,0.4909316857634104,0.4632352941176471,0.24027674075070457,0.6735821339493646,0.12287601879653498,0.6470588235294118,0.0790728962082204,7.088878513300389,51,0.375,32.0,207.33817593338458
v28s_logistic_boundary_physics_v001,train,near_boundary_abs_d_lte_1,0,0,,,,,,,,,0,0.0,0.0,0.0
v28s_logistic_boundary_physics_v001,train,high_recross,208,99,0.4905254556553352,0.5,0.23691377372358835,0.6666224065013607,0.06757988625439823,0.6057692307692307,0.15034067084229946,3.65766765422762,84,0.40384615384615385,148.0,467.9417625628755
v28s_logistic_boundary_physics_v001,train,prior_recross_seen,0,0,,,,,,,,,0,0.0,0.0,0.0
v28s_logistic_boundary_physics_v001,train,adverse_memory_gt_1sigma,0,0,,,,,,,,,0,0.0,0.0,0.0
v28s_logistic_boundary_physics_v001,train,late_lte_180s,42,28,0.42960661208138873,0.38095238095238093,0.16701528040890934,0.5316871818031146,0.21268626109825875,0.8333333333333334,-0.10764906381369255,1.8973018536363668,2,0.047619047619047616,-52.0,99.24411646798384
v28s_logistic_boundary_physics_v001,train,fresh_feed_lte_1000ms,0,0,,,,,,,,,0,0.0,0.0,0.0
v28s_logistic_boundary_physics_v001,train,stale_feed_gt_1000ms,0,0,,,,,,,,,0,0.0,0.0,0.0
v28s_logistic_boundary_physics_v001,train,entry_source,113,67,0.5594722537643838,0.5575221238938053,0.16855279536695844,0.5286098479319884,0.18588198422283703,0.831858407079646,-0.36121935844543246,2.3547840509002844,7,0.061946902654867256,61.0,146.84225567170316
v28s_logistic_boundary_physics_v001,train,rejected_actionable_source,384,103,0.5124469669911947,0.5130208333333334,0.19078858535746931,0.5679101712156999,0.1398450836067653,0.7421875,0.0075561055779848375,3.309827316263244,87,0.2265625,55.0,525.7640850923387
v28s_logistic_boundary_physics_v001,validation,all_rows,139,35,0.5279146991617517,0.5323741007194245,0.19968693108898317,0.5877134182377078,0.15136201253661685,0.7482014388489209,-0.11198863997100986,2.8554743909046643,34,0.2446043165467626,-401.0,289.3105219306602
v28s_logistic_boundary_physics_v001,validation,near_boundary_v28_40_60,50,26,0.5164865655479027,0.54,0.2445888182698399,0.6823090709053125,0.1162469011424791,0.64,-0.14048154268222632,4.656982388922157,23,0.46,-359.0,184.98636887612662
v28s_logistic_boundary_physics_v001,validation,near_boundary_abs_d_lte_1,0,0,,,,,,,,,0,0.0,0.0,0.0
v28s_logistic_boundary_physics_v001,validation,high_recross,66,34,0.5205075451586006,0.5454545454545454,0.23760930833153135,0.668176743302308,0.12021567089750163,0.6515151515151515,-0.24961660297293678,5.782655277646043,30,0.45454545454545453,-504.0,244.49935188985143
v28s_logistic_boundary_physics_v001,validation,prior_recross_seen,0,0,,,,,,,,,0,0.0,0.0,0.0
v28s_logistic_boundary_physics_v001,validation,adverse_memory_gt_1sigma,0,0,,,,,,,,,0,0.0,0.0,0.0
v28s_logistic_boundary_physics_v001,validation,late_lte_180s,7,6,0.5503770154061288,0.42857142857142855,0.19451927774581304,0.5712922913873482,0.16961454561196138,0.7142857142857143,,,0,0.0,0.0,0.0
v28s_logistic_boundary_physics_v001,validation,fresh_feed_lte_1000ms,0,0,,,,,,,,,0,0.0,0.0,0.0
v28s_logistic_boundary_physics_v001,validation,stale_feed_gt_1000ms,0,0,,,,,,,,,0,0.0,0.0,0.0
v28s_logistic_boundary_physics_v001,validation,entry_source,27,20,0.5364420346032961,0.48148148148148145,0.16883089951409222,0.5215408795251228,0.18958597715968561,0.8148148148148148,-0.39356276099624116,2.120768101070938,3,0.1111111111111111,118.0,21.912557318547755
v28s_logistic_boundary_physics_v001,validation,rejected_actionable_source,112,35,0.5258590022249507,0.5446428571428571,0.20712543870078723,0.603665726677349,0.15250137821369025,0.7321428571428571,-0.10808937005239279,3.4020159804880215,31,0.2767857142857143,-519.0,267.3979646121124
v28s_logistic_boundary_physics_v001,chronological_holdout,all_rows,159,36,0.48961318530993697,0.3836477987421384,0.18787531688405204,0.5619276137359726,0.1915165176229553,0.7735849056603774,-0.5722631503226676,3.1566775931041695,31,0.1949685534591195,45.0,196.59438357498732
v28s_logistic_boundary_physics_v001,chronological_holdout,near_boundary_v28_40_60,51,26,0.49348423687880744,0.43137254901960786,0.24123810222835806,0.6756039886145483,0.10233080085311647,0.6274509803921569,-0.16240482619814872,5.542378427761667,20,0.39215686274509803,5.0,107.16316523009215
v28s_logistic_boundary_physics_v001,chronological_holdout,near_boundary_abs_d_lte_1,0,0,,,,,,,,,0,0.0,0.0,0.0
v28s_logistic_boundary_physics_v001,chronological_holdout,high_recross,75,35,0.4908210162156644,0.36,0.24123413569488647,0.6753614565311291,0.14075793475010492,0.6266666666666667,-0.5226686048003782,2.038293290736786,29,0.38666666666666666,43.0,174.74657710687273
v28s_logistic_boundary_physics_v001,chronological_holdout,prior_recross_seen,0,0,,,,,,,,,0,0.0,0.0,0.0
v28s_logistic_boundary_physics_v001,chronological_holdout,adverse_memory_gt_1sigma,0,0,,,,,,,,,0,0.0,0.0,0.0
v28s_logistic_boundary_physics_v001,chronological_holdout,late_lte_180s,12,9,0.31188177894360236,0.08333333333333333,0.08919753638118029,0.3465776753448189,0.2883436785832161,1.0,,,0,0.0,0.0,0.0
v28s_logistic_boundary_physics_v001,chronological_holdout,fresh_feed_lte_1000ms,0,0,,,,,,,,,0,0.0,0.0,0.0
v28s_logistic_boundary_physics_v001,chronological_holdout,stale_feed_gt_1000ms,0,0,,,,,,,,,0,0.0,0.0,0.0
v28s_logistic_boundary_physics_v001,chronological_holdout,entry_source,33,20,0.4966689433845125,0.45454545454545453,0.1480367545424622,0.4820376867398273,0.2548177676302807,0.9090909090909091,-0.10536618179525292,3.6060715376109833,1,0.030303030303030304,30.0,1.7866910631295951
v28s_logistic_boundary_physics_v001,chronological_holdout,rejected_actionable_source,126,36,0.4877652486713576,0.36507936507936506,0.19830922606875415,0.5828511660444868,0.17493761881151293,0.7380952380952381,-0.632743865152869,2.953080654544007,30,0.23809523809523808,15.0,194.8076925118577
v28s_logistic_boundary_physics_v001,post_freeze_forward,all_rows,0,0,,,,,,,,,0,0.0,0.0,0.0
v28s_logistic_boundary_physics_v001,post_freeze_forward,near_boundary_v28_40_60,0,0,,,,,,,,,0,0.0,0.0,0.0
v28s_logistic_boundary_physics_v001,post_freeze_forward,near_boundary_abs_d_lte_1,0,0,,,,,,,,,0,0.0,0.0,0.0
v28s_logistic_boundary_physics_v001,post_freeze_forward,high_recross,0,0,,,,,,,,,0,0.0,0.0,0.0
v28s_logistic_boundary_physics_v001,post_freeze_forward,prior_recross_seen,0,0,,,,,,,,,0,0.0,0.0,0.0
v28s_logistic_boundary_physics_v001,post_freeze_forward,adverse_memory_gt_1sigma,0,0,,,,,,,,,0,0.0,0.0,0.0
v28s_logistic_boundary_physics_v001,post_freeze_forward,late_lte_180s,0,0,,,,,,,,,0,0.0,0.0,0.0
v28s_logistic_boundary_physics_v001,post_freeze_forward,fresh_feed_lte_1000ms,0,0,,,,,,,,,0,0.0,0.0,0.0
v28s_logistic_boundary_physics_v001,post_freeze_forward,stale_feed_gt_1000ms,0,0,,,,,,,,,0,0.0,0.0,0.0
v28s_logistic_boundary_physics_v001,post_freeze_forward,entry_source,0,0,,,,,,,,,0,0.0,0.0,0.0
v28s_logistic_boundary_physics_v001,post_freeze_forward,rejected_actionable_source,0,0,,,,,,,,,0,0.0,0.0,0.0
v28s_logistic_book_reliability_diag_v001,all,all_rows,795,176,0.5137234915885848,0.4968553459119497,0.18963072043447116,0.566836673146727,0.13989007405727186,0.7245283018867924,-0.14149190189291572,2.3468890382997745,255,0.32075471698113206,-603.0,2373.3392135940203
v28s_logistic_book_reliability_diag_v001,all,near_boundary_v28_40_60,237,119,0.49295591149730333,0.47257383966244726,0.24723514696483828,0.6874855568977669,0.06631138877986319,0.5147679324894515,-0.0888018334382533,0.7747354036368589,177,0.7468354430379747,-681.0,1280.2801346461024
v28s_logistic_book_reliability_diag_v001,all,near_boundary_abs_d_lte_1,0,0,,,,,,,,,0,0.0,0.0,0.0
v28s_logistic_book_reliability_diag_v001,all,high_recross,349,168,0.49534156427712694,0.4785100286532951,0.24379531175422312,0.6803676058631314,0.07278427199000387,0.5300859598853869,-0.06794778525182305,1.0601690907222632,238,0.6819484240687679,-607.0,2038.5994251879893
v28s_logistic_book_reliability_diag_v001,all,prior_recross_seen,0,0,,,,,,,,,0,0.0,0.0,0.0
v28s_logistic_book_reliability_diag_v001,all,adverse_memory_gt_1sigma,0,0,,,,,,,,,0,0.0,0.0,0.0
v28s_logistic_book_reliability_diag_v001,all,late_lte_180s,61,43,0.4817762128054137,0.32786885245901637,0.164154561062046,0.5167032326928288,0.20672791287883766,0.8524590163934426,-1.0102719652964407,2.3267683136289388,3,0.04918032786885246,-121.0,102.12325177142858
v28s_logistic_book_reliability_diag_v001,all,fresh_feed_lte_1000ms,0,0,,,,,,,,,0,0.0,0.0,0.0
v28s_logistic_book_reliability_diag_v001,all,stale_feed_gt_1000ms,0,0,,,,,,,,,0,0.0,0.0,0.0
v28s_logistic_book_reliability_diag_v001,all,entry_source,173,107,0.5401828202776605,0.5260115606936416,0.16178820720393675,0.510230570786287,0.17782622487474628,0.8439306358381503,-0.3054728960731865,2.3100166606371695,12,0.06936416184971098,140.0,176.52312299317467
v28s_logistic_book_reliability_diag_v001,all,rejected_actionable_source,622,174,0.5063642249274753,0.4887459807073955,0.19737469919473233,0.5825808141569457,0.12997173702565304,0.6913183279742765,-0.10736702996565714,2.389142076169712,243,0.39067524115755625,-743.0,2196.8160906008457
v28s_logistic_book_reliability_diag_v001,train,all_rows,497,105,0.5231388329979846,0.5231388329979879,0.1876402933169106,0.5626791020993224,0.14948906587943467,0.7303822937625755,-0.08967324898303192,2.317000430952214,156,0.31388329979879276,87.0,1404.5159976675059
v28s_logistic_book_reliability_diag_v001,train,near_boundary_v28_40_60,136,67,0.4929759540329104,0.4632352941176471,0.24869170457245798,0.6904404092179686,0.06921282905702282,0.5073529411764706,-0.13117828935266498,0.5984660944051086,110,0.8088235294117647,-40.0,664.6975266274885
v28s_logistic_book_reliability_diag_v001,train,near_boundary_abs_d_lte_1,0,0,,,,,,,,,0,0.0,0.0,0.0
v28s_logistic_book_reliability_diag_v001,train,high_recross,208,99,0.49402073888410264,0.5,0.24363474212352826,0.6799874101498002,0.09061921070623227,0.5288461538461539,0.026215939339791137,1.0674695665989116,146,0.7019230769230769,119.0,1152.8340938348372
v28s_logistic_book_reliability_diag_v001,train,prior_recross_seen,0,0,,,,,,,,,0,0.0,0.0,0.0
v28s_logistic_book_reliability_diag_v001,train,adverse_memory_gt_1sigma,0,0,,,,,,,,,0,0.0,0.0,0.0
v28s_logistic_book_reliability_diag_v001,train,late_lte_180s,42,28,0.4940002229391202,0.38095238095238093,0.1729078537556488,0.536711376577759,0.19761358796741488,0.8333333333333334,-0.7051893014927235,2.025144497074332,2,0.047619047619047616,-52.0,101.15683052101674
v28s_logistic_book_reliability_diag_v001,train,fresh_feed_lte_1000ms,0,0,,,,,,,,,0,0.0,0.0,0.0
v28s_logistic_book_reliability_diag_v001,train,stale_feed_gt_1000ms,0,0,,,,,,,,,0,0.0,0.0,0.0
v28s_logistic_book_reliability_diag_v001,train,entry_source,113,67,0.5597995447463004,0.5575221238938053,0.16623578804160077,0.5200485825499767,0.17000319828936203,0.831858407079646,-0.3492931225918788,2.243749768928838,7,0.061946902654867256,61.0,151.56619216291813
v28s_logistic_book_reliability_diag_v001,train,rejected_actionable_source,384,103,0.5123506548012147,0.5130208333333334,0.19393901492136376,0.5752240206125413,0.14345235504005507,0.7005208333333334,-0.027077566661101175,2.42199237079981,149,0.3880208333333333,26.0,1252.9498055045876
v28s_logistic_book_reliability_diag_v001,validation,all_rows,139,35,0.5080175720981286,0.5323741007194245,0.20018297226709675,0.5889443041836196,0.11918780777063322,0.6906474820143885,0.11273173003044763,2.142312249278004,44,0.31654676258992803,-548.0,520.3701806850069
v28s_logistic_book_reliability_diag_v001,validation,near_boundary_v28_40_60,50,26,0.49754909037635353,0.54,0.24738802279277025,0.6878125445243619,0.08210955262385233,0.52,0.17073415578758805,0.8481592674471374,28,0.56,-426.0,339.1431079407682
v28s_logistic_book_reliability_diag_v001,validation,near_boundary_abs_d_lte_1,0,0,,,,,,,,,0,0.0,0.0,0.0
v28s_logistic_book_reliability_diag_v001,validation,high_recross,66,34,0.5028441208799347,0.5454545454545454,0.244494176354436,0.6819126226737655,0.061925326066877825,0.5151515151515151,0.17328930188891875,1.1346042698223802,39,0.5909090909090909,-582.0,466.01755037195187
v28s_logistic_book_reliability_diag_v001,validation,prior_recross_seen,0,0,,,,,,,,,0,0.0,0.0,0.0
v28s_logistic_book_reliability_diag_v001,validation,adverse_memory_gt_1sigma,0,0,,,,,,,,,0,0.0,0.0,0.0
v28s_logistic_book_reliability_diag_v001,validation,late_lte_180s,7,6,0.6045027492922378,0.42857142857142855,0.2011261617475235,0.5856912772807302,0.29784751495131745,0.7142857142857143,,,1,0.14285714285714285,-69.0,0.966421250411841
v28s_logistic_book_reliability_diag_v001,validation,fresh_feed_lte_1000ms,0,0,,,,,,,,,0,0.0,0.0,0.0
v28s_logistic_book_reliability_diag_v001,validation,stale_feed_gt_1000ms,0,0,,,,,,,,,0,0.0,0.0,0.0
v28s_logistic_book_reliability_diag_v001,validation,entry_source,27,20,0.5140031263305119,0.48148148148148145,0.1668618901703677,0.5181772132901838,0.13469634370861613,0.8148148148148148,-0.189492604709007,1.8786208576607921,4,0.14814814814814814,49.0,23.50221557249609
v28s_logistic_book_reliability_diag_v001,validation,rejected_actionable_source,112,35,0.5065746259885362,0.5446428571428571,0.20821573312970104,0.6060042278811444,0.11680864996875381,0.6607142857142857,0.16288537982418352,2.2695749783011765,40,0.35714285714285715,-597.0,496.8679651125107
v28s_logistic_book_reliability_diag_v001,chronological_holdout,all_rows,159,36,0.48928134145463315,0.3836477987421384,0.18662744541995946,0.5605055542563622,0.16584406729947493,0.7358490566037735,-0.560417462472764,2.637926561132849,55,0.34591194968553457,-142.0,448.45303524150756
v28s_logistic_book_reliability_diag_v001,chronological_holdout,near_boundary_v28_40_60,51,26,0.48839934818759634,0.43137254901960786,0.2432011150818407,0.679285374606058,0.0831812834391788,0.5294117647058824,-0.23142776185764463,1.0807704348517768,39,0.7647058823529411,-215.0,276.43950007784554
v28s_logistic_book_reliability_diag_v001,chronological_holdout,near_boundary_abs_d_lte_1,0,0,,,,,,,,,0,0.0,0.0,0.0
v28s_logistic_book_reliability_diag_v001,chronological_holdout,high_recross,75,35,0.49240240355664344,0.36,0.2436256240151629,0.6800624005147448,0.1324024035566434,0.5466666666666666,-0.5578478268759407,0.9513500597146896,53,0.7066666666666667,-144.0,419.7477809812003
v28s_logistic_book_reliability_diag_v001,chronological_holdout,prior_recross_seen,0,0,,,,,,,,,0,0.0,0.0,0.0
v28s_logistic_book_reliability_diag_v001,chronological_holdout,adverse_memory_gt_1sigma,0,0,,,,,,,,,0,0.0,0.0,0.0
v28s_logistic_book_reliability_diag_v001,chronological_holdout,late_lte_180s,12,9,0.3674016977201269,0.08333333333333333,0.11195126956790778,0.40643170308596405,0.3333539179016144,1.0,,,0,0.0,0.0,0.0
v28s_logistic_book_reliability_diag_v001,chronological_holdout,fresh_feed_lte_1000ms,0,0,,,,,,,,,0,0.0,0.0,0.0
v28s_logistic_book_reliability_diag_v001,chronological_holdout,stale_feed_gt_1000ms,0,0,,,,,,,,,0,0.0,0.0,0.0
v28s_logistic_book_reliability_diag_v001,chronological_holdout,entry_source,33,20,0.4944301497205908,0.45454545454545453,0.14240741706000729,0.47010951997107,0.24451633372774564,0.9090909090909091,-0.08354373529207083,3.3670480016655735,1,0.030303030303030304,30.0,1.4547152577604407
v28s_logistic_book_reliability_diag_v001,chronological_holdout,rejected_actionable_source,126,36,0.4879328440516442,0.36507936507936506,0.19820888141899454,0.5841807060929863,0.14973561231833749,0.6904761904761905,-0.6199084563925507,2.397566403929002,54,0.42857142857142855,-172.0,446.99831998374714
v28s_logistic_book_reliability_diag_v001,post_freeze_forward,all_rows,0,0,,,,,,,,,0,0.0,0.0,0.0
v28s_logistic_book_reliability_diag_v001,post_freeze_forward,near_boundary_v28_40_60,0,0,,,,,,,,,0,0.0,0.0,0.0
v28s_logistic_book_reliability_diag_v001,post_freeze_forward,near_boundary_abs_d_lte_1,0,0,,,,,,,,,0,0.0,0.0,0.0
v28s_logistic_book_reliability_diag_v001,post_freeze_forward,high_recross,0,0,,,,,,,,,0,0.0,0.0,0.0
v28s_logistic_book_reliability_diag_v001,post_freeze_forward,prior_recross_seen,0,0,,,,,,,,,0,0.0,0.0,0.0
v28s_logistic_book_reliability_diag_v001,post_freeze_forward,adverse_memory_gt_1sigma,0,0,,,,,,,,,0,0.0,0.0,0.0
v28s_logistic_book_reliability_diag_v001,post_freeze_forward,late_lte_180s,0,0,,,,,,,,,0,0.0,0.0,0.0
v28s_logistic_book_reliability_diag_v001,post_freeze_forward,fresh_feed_lte_1000ms,0,0,,,,,,,,,0,0.0,0.0,0.0
v28s_logistic_book_reliability_diag_v001,post_freeze_forward,stale_feed_gt_1000ms,0,0,,,,,,,,,0,0.0,0.0,0.0
v28s_logistic_book_reliability_diag_v001,post_freeze_forward,entry_source,0,0,,,,,,,,,0,0.0,0.0,0.0
v28s_logistic_book_reliability_diag_v001,post_freeze_forward,rejected_actionable_source,0,0,,,,,,,,,0,0.0,0.0,0.0
v28s_monotonic_tabular_v001,all,all_rows,795,176,0.5115863018878872,0.4968553459119497,0.16247346216524153,0.4920803633382332,0.022684521419534972,0.7509433962264151,-0.09032191233142203,0.9936670200834951,401,0.5044025157232704,1041.0,2479.79743372435
v28s_monotonic_tabular_v001,all,near_boundary_v28_40_60,237,119,0.510169472526625,0.47257383966244726,0.24273882852627232,0.6785806858009922,0.05271001669932466,0.5949367088607594,-0.23815366417216785,2.892752127458326,90,0.379746835443038,-279.0,455.8742444328016
v28s_monotonic_tabular_v001,all,near_boundary_abs_d_lte_1,0,0,,,,,,,,,0,0.0,0.0,0.0
v28s_monotonic_tabular_v001,all,high_recross,349,168,0.5031799708354286,0.4785100286532951,0.2303926137380446,0.6479837769808832,0.04597002819645179,0.5959885386819485,-0.11885964462790206,1.2735130100594532,149,0.4269340974212034,341.0,871.9407481421811
v28s_monotonic_tabular_v001,all,prior_recross_seen,0,0,,,,,,,,,0,0.0,0.0,0.0
v28s_monotonic_tabular_v001,all,adverse_memory_gt_1sigma,0,0,,,,,,,,,0,0.0,0.0,0.0
v28s_monotonic_tabular_v001,all,late_lte_180s,61,43,0.4329674232720798,0.32786885245901637,0.12990289796074317,0.42389649988092654,0.12518810471886618,0.8360655737704918,-0.9206918428500194,0.9278536567580284,20,0.32786885245901637,-43.0,229.7116000813552
v28s_monotonic_tabular_v001,all,fresh_feed_lte_1000ms,0,0,,,,,,,,,0,0.0,0.0,0.0
v28s_monotonic_tabular_v001,all,stale_feed_gt_1000ms,0,0,,,,,,,,,0,0.0,0.0,0.0
v28s_monotonic_tabular_v001,all,entry_source,173,107,0.5267160130865943,0.5260115606936416,0.13123123032044182,0.4331651624648042,0.03684488263402234,0.8439306358381503,0.023533085071454657,0.82840816646029,164,0.9479768786127167,915.0,1500.3871461999863
v28s_monotonic_tabular_v001,all,rejected_actionable_source,622,174,0.507378198933906,0.4887459807073955,0.17116302182625498,0.5084667455747335,0.02859468006132885,0.72508038585209,-0.11619113231042015,1.1107423588282253,237,0.38102893890675243,126.0,979.4102875243636
v28s_monotonic_tabular_v001,train,all_rows,497,105,0.5255964321600072,0.5231388329979879,0.15765179849897956,0.4794356738772402,0.02142404165947262,0.7505030181086519,-0.0171268353658672,1.0121262617006819,250,0.5030181086519114,1125.0,1417.5438423918454
v28s_monotonic_tabular_v001,train,near_boundary_v28_40_60,136,67,0.508139627130485,0.4632352941176471,0.24360910285310416,0.6803279528732631,0.04665327362484027,0.5882352941176471,-0.24287182541384406,2.643404295277507,48,0.35294117647058826,35.0,172.55327927233623
v28s_monotonic_tabular_v001,train,near_boundary_abs_d_lte_1,0,0,,,,,,,,,0,0.0,0.0,0.0
v28s_monotonic_tabular_v001,train,high_recross,208,99,0.49591201297553117,0.5,0.2274405526480703,0.6405473783165587,0.04526270369753956,0.5769230769230769,0.014345588311089317,1.3002227551025083,84,0.40384615384615385,837.0,449.9243971321189
v28s_monotonic_tabular_v001,train,prior_recross_seen,0,0,,,,,,,,,0,0.0,0.0,0.0
v28s_monotonic_tabular_v001,train,adverse_memory_gt_1sigma,0,0,,,,,,,,,0,0.0,0.0,0.0
v28s_monotonic_tabular_v001,train,late_lte_180s,42,28,0.4611405317074256,0.38095238095238093,0.14301079483675422,0.468916801011004,0.10823282785255027,0.8333333333333334,-0.6076517496439682,0.8215738324976393,13,0.30952380952380953,-56.0,185.29955183110047
v28s_monotonic_tabular_v001,train,fresh_feed_lte_1000ms,0,0,,,,,,,,,0,0.0,0.0,0.0
v28s_monotonic_tabular_v001,train,stale_feed_gt_1000ms,0,0,,,,,,,,,0,0.0,0.0,0.0
v28s_monotonic_tabular_v001,train,entry_source,113,67,0.5720644510297723,0.5575221238938053,0.13890112815565908,0.45067395656195036,0.04187464867670214,0.831858407079646,-0.03715636536505311,0.8237102023133454,107,0.9469026548672567,449.0,920.8522411343348
v28s_monotonic_tabular_v001,train,rejected_actionable_source,384,103,0.5119222495238523,0.5130208333333334,0.1631695738864671,0.4878994083997083,0.02835943135781764,0.7265625,-0.0025799700985525034,1.1488913086375199,143,0.3723958333333333,676.0,496.69160125751057
v28s_monotonic_tabular_v001,validation,all_rows,139,35,0.5025011656681511,0.5323741007194245,0.17717861058902007,0.5388796568562765,0.07694785449034879,0.762589928057554,0.1714902439248807,0.8558528730228024,67,0.48201438848920863,-178.0,546.4092545923542
v28s_monotonic_tabular_v001,validation,near_boundary_v28_40_60,50,26,0.5138520264587134,0.54,0.2382970036747156,0.6696696949436255,0.09624332839964164,0.64,-0.042778183020604446,3.697508780487907,23,0.46,-266.0,160.1403266888089
v28s_monotonic_tabular_v001,validation,near_boundary_abs_d_lte_1,0,0,,,,,,,,,0,0.0,0.0,0.0
v28s_monotonic_tabular_v001,validation,high_recross,66,34,0.5205389093839267,0.5454545454545454,0.22109393141092434,0.6325969329033033,0.10896054447820101,0.6818181818181818,-0.03761414121472498,2.7478722510571285,31,0.4696969696969697,-344.0,180.68369769211972
v28s_monotonic_tabular_v001,validation,prior_recross_seen,0,0,,,,,,,,,0,0.0,0.0,0.0
v28s_monotonic_tabular_v001,validation,adverse_memory_gt_1sigma,0,0,,,,,,,,,0,0.0,0.0,0.0
v28s_monotonic_tabular_v001,validation,late_lte_180s,7,6,0.6534783732520539,0.42857142857142855,0.21618324145417045,0.6128245309781762,0.33472527686272896,0.7142857142857143,,,2,0.2857142857142857,-58.0,21.81495763924609
v28s_monotonic_tabular_v001,validation,fresh_feed_lte_1000ms,0,0,,,,,,,,,0,0.0,0.0,0.0
v28s_monotonic_tabular_v001,validation,stale_feed_gt_1000ms,0,0,,,,,,,,,0,0.0,0.0,0.0
v28s_monotonic_tabular_v001,validation,entry_source,27,20,0.461861140002885,0.48148148148148145,0.1572668024401081,0.5155844224403289,0.09872778580512634,0.8148148148148148,0.025685680229222903,0.6265927963275169,27,1.0,71.0,337.56502167384116
v28s_monotonic_tabular_v001,validation,rejected_actionable_source,112,35,0.5122983147124562,0.5446428571428571,0.1819787786249185,0.5444954722958354,0.09247386067608351,0.75,0.16817951194139338,1.060499330754493,40,0.35714285714285715,-249.0,208.844232918513
v28s_monotonic_tabular_v001,chronological_holdout,all_rows,159,36,0.4757359823237344,0.3836477987421384,0.1646895075188704,0.49069236876656935,0.0990971041862,0.7421383647798742,-0.5849395199383536,1.0911932128606703,84,0.5283018867924528,94.0,515.8443367401504
v28s_monotonic_tabular_v001,chronological_holdout,near_boundary_v28_40_60,51,26,0.511972046590755,0.43137254901960786,0.24477282723467833,0.6826575724880414,0.0805994975711472,0.5686274509803921,-0.42409039512120605,2.714197805958793,19,0.37254901960784315,-48.0,123.18063847165652
v28s_monotonic_tabular_v001,chronological_holdout,near_boundary_abs_d_lte_1,0,0,,,,,,,,,0,0.0,0.0,0.0
v28s_monotonic_tabular_v001,chronological_holdout,high_recross,75,35,0.5080605747108661,0.36,0.24676250360877258,0.6821478120648796,0.15263373431475943,0.5733333333333334,-0.6211127889919228,0.7777925296882021,34,0.4533333333333333,-152.0,241.33265331794252
v28s_monotonic_tabular_v001,chronological_holdout,prior_recross_seen,0,0,,,,,,,,,0,0.0,0.0,0.0
v28s_monotonic_tabular_v001,chronological_holdout,adverse_memory_gt_1sigma,0,0,,,,,,,,,0,0.0,0.0,0.0
v28s_monotonic_tabular_v001,chronological_holdout,late_lte_180s,12,9,0.20573015626005134,0.08333333333333333,0.03369505852353858,0.15611742778559318,0.13081281267030773,0.9166666666666666,,,5,0.4166666666666667,71.0,22.597090611008625
v28s_monotonic_tabular_v001,chronological_holdout,fresh_feed_lte_1000ms,0,0,,,,,,,,,0,0.0,0.0,0.0
v28s_monotonic_tabular_v001,chronological_holdout,stale_feed_gt_1000ms,0,0,,,,,,,,,0,0.0,0.0,0.0
v28s_monotonic_tabular_v001,chronological_holdout,entry_source,33,20,0.4244950459860197,0.45454545454545453,0.08366580902921328,0.3057768669400561,0.04379105646708272,0.9090909090909091,0.448261404154263,1.2247305573762646,30,0.9090909090909091,395.0,241.96988339181036
v28s_monotonic_tabular_v001,chronological_holdout,rejected_actionable_source,126,36,0.48915622755504057,0.36507936507936506,0.18590999998044727,0.5391226192449419,0.12407686247567554,0.6984126984126984,-0.714262680309786,1.0663765320299758,54,0.42857142857142855,-301.0,273.87445334834007
v28s_monotonic_tabular_v001,post_freeze_forward,all_rows,0,0,,,,,,,,,0,0.0,0.0,0.0
v28s_monotonic_tabular_v001,post_freeze_forward,near_boundary_v28_40_60,0,0,,,,,,,,,0,0.0,0.0,0.0
v28s_monotonic_tabular_v001,post_freeze_forward,near_boundary_abs_d_lte_1,0,0,,,,,,,,,0,0.0,0.0,0.0
v28s_monotonic_tabular_v001,post_freeze_forward,high_recross,0,0,,,,,,,,,0,0.0,0.0,0.0
v28s_monotonic_tabular_v001,post_freeze_forward,prior_recross_seen,0,0,,,,,,,,,0,0.0,0.0,0.0
v28s_monotonic_tabular_v001,post_freeze_forward,adverse_memory_gt_1sigma,0,0,,,,,,,,,0,0.0,0.0,0.0
v28s_monotonic_tabular_v001,post_freeze_forward,late_lte_180s,0,0,,,,,,,,,0,0.0,0.0,0.0
v28s_monotonic_tabular_v001,post_freeze_forward,fresh_feed_lte_1000ms,0,0,,,,,,,,,0,0.0,0.0,0.0
v28s_monotonic_tabular_v001,post_freeze_forward,stale_feed_gt_1000ms,0,0,,,,,,,,,0,0.0,0.0,0.0
v28s_monotonic_tabular_v001,post_freeze_forward,entry_source,0,0,,,,,,,,,0,0.0,0.0,0.0
v28s_monotonic_tabular_v001,post_freeze_forward,rejected_actionable_source,0,0,,,,,,,,,0,0.0,0.0,0.0
v28s_boundary_monotonic_blend_v001,all,all_rows,795,176,0.5115863018878872,0.4968553459119497,0.16247346216524153,0.4920803633382332,0.022684521419534972,0.7509433962264151,-0.09032191233142203,0.9936670200834951,401,0.5044025157232704,1041.0,2479.79743372435
v28s_boundary_monotonic_blend_v001,all,near_boundary_v28_40_60,237,119,0.510169472526625,0.47257383966244726,0.24273882852627232,0.6785806858009922,0.05271001669932466,0.5949367088607594,-0.23815366417216785,2.892752127458326,90,0.379746835443038,-279.0,455.8742444328016
v28s_boundary_monotonic_blend_v001,all,near_boundary_abs_d_lte_1,0,0,,,,,,,,,0,0.0,0.0,0.0
v28s_boundary_monotonic_blend_v001,all,high_recross,349,168,0.5031799708354286,0.4785100286532951,0.2303926137380446,0.6479837769808832,0.04597002819645179,0.5959885386819485,-0.11885964462790206,1.2735130100594532,149,0.4269340974212034,341.0,871.9407481421811
v28s_boundary_monotonic_blend_v001,all,prior_recross_seen,0,0,,,,,,,,,0,0.0,0.0,0.0
v28s_boundary_monotonic_blend_v001,all,adverse_memory_gt_1sigma,0,0,,,,,,,,,0,0.0,0.0,0.0
v28s_boundary_monotonic_blend_v001,all,late_lte_180s,61,43,0.4329674232720798,0.32786885245901637,0.12990289796074317,0.42389649988092654,0.12518810471886618,0.8360655737704918,-0.9206918428500194,0.9278536567580284,20,0.32786885245901637,-43.0,229.7116000813552
v28s_boundary_monotonic_blend_v001,all,fresh_feed_lte_1000ms,0,0,,,,,,,,,0,0.0,0.0,0.0
v28s_boundary_monotonic_blend_v001,all,stale_feed_gt_1000ms,0,0,,,,,,,,,0,0.0,0.0,0.0
v28s_boundary_monotonic_blend_v001,all,entry_source,173,107,0.5267160130865943,0.5260115606936416,0.13123123032044182,0.4331651624648042,0.03684488263402234,0.8439306358381503,0.023533085071454657,0.82840816646029,164,0.9479768786127167,915.0,1500.3871461999863
v28s_boundary_monotonic_blend_v001,all,rejected_actionable_source,622,174,0.507378198933906,0.4887459807073955,0.17116302182625498,0.5084667455747335,0.02859468006132885,0.72508038585209,-0.11619113231042015,1.1107423588282253,237,0.38102893890675243,126.0,979.4102875243636
v28s_boundary_monotonic_blend_v001,train,all_rows,497,105,0.5255964321600072,0.5231388329979879,0.15765179849897956,0.4794356738772402,0.02142404165947262,0.7505030181086519,-0.0171268353658672,1.0121262617006819,250,0.5030181086519114,1125.0,1417.5438423918454
v28s_boundary_monotonic_blend_v001,train,near_boundary_v28_40_60,136,67,0.508139627130485,0.4632352941176471,0.24360910285310416,0.6803279528732631,0.04665327362484027,0.5882352941176471,-0.24287182541384406,2.643404295277507,48,0.35294117647058826,35.0,172.55327927233623
v28s_boundary_monotonic_blend_v001,train,near_boundary_abs_d_lte_1,0,0,,,,,,,,,0,0.0,0.0,0.0
v28s_boundary_monotonic_blend_v001,train,high_recross,208,99,0.49591201297553117,0.5,0.2274405526480703,0.6405473783165587,0.04526270369753956,0.5769230769230769,0.014345588311089317,1.3002227551025083,84,0.40384615384615385,837.0,449.9243971321189
v28s_boundary_monotonic_blend_v001,train,prior_recross_seen,0,0,,,,,,,,,0,0.0,0.0,0.0
v28s_boundary_monotonic_blend_v001,train,adverse_memory_gt_1sigma,0,0,,,,,,,,,0,0.0,0.0,0.0
v28s_boundary_monotonic_blend_v001,train,late_lte_180s,42,28,0.4611405317074256,0.38095238095238093,0.14301079483675422,0.468916801011004,0.10823282785255027,0.8333333333333334,-0.6076517496439682,0.8215738324976393,13,0.30952380952380953,-56.0,185.29955183110047
v28s_boundary_monotonic_blend_v001,train,fresh_feed_lte_1000ms,0,0,,,,,,,,,0,0.0,0.0,0.0
v28s_boundary_monotonic_blend_v001,train,stale_feed_gt_1000ms,0,0,,,,,,,,,0,0.0,0.0,0.0
v28s_boundary_monotonic_blend_v001,train,entry_source,113,67,0.5720644510297723,0.5575221238938053,0.13890112815565908,0.45067395656195036,0.04187464867670214,0.831858407079646,-0.03715636536505311,0.8237102023133454,107,0.9469026548672567,449.0,920.8522411343348
v28s_boundary_monotonic_blend_v001,train,rejected_actionable_source,384,103,0.5119222495238523,0.5130208333333334,0.1631695738864671,0.4878994083997083,0.02835943135781764,0.7265625,-0.0025799700985525034,1.1488913086375199,143,0.3723958333333333,676.0,496.69160125751057
v28s_boundary_monotonic_blend_v001,validation,all_rows,139,35,0.5025011656681511,0.5323741007194245,0.17717861058902007,0.5388796568562765,0.07694785449034879,0.762589928057554,0.1714902439248807,0.8558528730228024,67,0.48201438848920863,-178.0,546.4092545923542
v28s_boundary_monotonic_blend_v001,validation,near_boundary_v28_40_60,50,26,0.5138520264587134,0.54,0.2382970036747156,0.6696696949436255,0.09624332839964164,0.64,-0.042778183020604446,3.697508780487907,23,0.46,-266.0,160.1403266888089
v28s_boundary_monotonic_blend_v001,validation,near_boundary_abs_d_lte_1,0,0,,,,,,,,,0,0.0,0.0,0.0
v28s_boundary_monotonic_blend_v001,validation,high_recross,66,34,0.5205389093839267,0.5454545454545454,0.22109393141092434,0.6325969329033033,0.10896054447820101,0.6818181818181818,-0.03761414121472498,2.7478722510571285,31,0.4696969696969697,-344.0,180.68369769211972
v28s_boundary_monotonic_blend_v001,validation,prior_recross_seen,0,0,,,,,,,,,0,0.0,0.0,0.0
v28s_boundary_monotonic_blend_v001,validation,adverse_memory_gt_1sigma,0,0,,,,,,,,,0,0.0,0.0,0.0
v28s_boundary_monotonic_blend_v001,validation,late_lte_180s,7,6,0.6534783732520539,0.42857142857142855,0.21618324145417045,0.6128245309781762,0.33472527686272896,0.7142857142857143,,,2,0.2857142857142857,-58.0,21.81495763924609
v28s_boundary_monotonic_blend_v001,validation,fresh_feed_lte_1000ms,0,0,,,,,,,,,0,0.0,0.0,0.0
v28s_boundary_monotonic_blend_v001,validation,stale_feed_gt_1000ms,0,0,,,,,,,,,0,0.0,0.0,0.0
v28s_boundary_monotonic_blend_v001,validation,entry_source,27,20,0.461861140002885,0.48148148148148145,0.1572668024401081,0.5155844224403289,0.09872778580512634,0.8148148148148148,0.025685680229222903,0.6265927963275169,27,1.0,71.0,337.56502167384116
v28s_boundary_monotonic_blend_v001,validation,rejected_actionable_source,112,35,0.5122983147124562,0.5446428571428571,0.1819787786249185,0.5444954722958354,0.09247386067608351,0.75,0.16817951194139338,1.060499330754493,40,0.35714285714285715,-249.0,208.844232918513
v28s_boundary_monotonic_blend_v001,chronological_holdout,all_rows,159,36,0.4757359823237344,0.3836477987421384,0.1646895075188704,0.49069236876656935,0.0990971041862,0.7421383647798742,-0.5849395199383536,1.0911932128606703,84,0.5283018867924528,94.0,515.8443367401504
v28s_boundary_monotonic_blend_v001,chronological_holdout,near_boundary_v28_40_60,51,26,0.511972046590755,0.43137254901960786,0.24477282723467833,0.6826575724880414,0.0805994975711472,0.5686274509803921,-0.42409039512120605,2.714197805958793,19,0.37254901960784315,-48.0,123.18063847165652
v28s_boundary_monotonic_blend_v001,chronological_holdout,near_boundary_abs_d_lte_1,0,0,,,,,,,,,0,0.0,0.0,0.0
v28s_boundary_monotonic_blend_v001,chronological_holdout,high_recross,75,35,0.5080605747108661,0.36,0.24676250360877258,0.6821478120648796,0.15263373431475943,0.5733333333333334,-0.6211127889919228,0.7777925296882021,34,0.4533333333333333,-152.0,241.33265331794252
v28s_boundary_monotonic_blend_v001,chronological_holdout,prior_recross_seen,0,0,,,,,,,,,0,0.0,0.0,0.0
v28s_boundary_monotonic_blend_v001,chronological_holdout,adverse_memory_gt_1sigma,0,0,,,,,,,,,0,0.0,0.0,0.0
v28s_boundary_monotonic_blend_v001,chronological_holdout,late_lte_180s,12,9,0.20573015626005134,0.08333333333333333,0.03369505852353858,0.15611742778559318,0.13081281267030773,0.9166666666666666,,,5,0.4166666666666667,71.0,22.597090611008625
v28s_boundary_monotonic_blend_v001,chronological_holdout,fresh_feed_lte_1000ms,0,0,,,,,,,,,0,0.0,0.0,0.0
v28s_boundary_monotonic_blend_v001,chronological_holdout,stale_feed_gt_1000ms,0,0,,,,,,,,,0,0.0,0.0,0.0
v28s_boundary_monotonic_blend_v001,chronological_holdout,entry_source,33,20,0.4244950459860197,0.45454545454545453,0.08366580902921328,0.3057768669400561,0.04379105646708272,0.9090909090909091,0.448261404154263,1.2247305573762646,30,0.9090909090909091,395.0,241.96988339181036
v28s_boundary_monotonic_blend_v001,chronological_holdout,rejected_actionable_source,126,36,0.48915622755504057,0.36507936507936506,0.18590999998044727,0.5391226192449419,0.12407686247567554,0.6984126984126984,-0.714262680309786,1.0663765320299758,54,0.42857142857142855,-301.0,273.87445334834007
v28s_boundary_monotonic_blend_v001,post_freeze_forward,all_rows,0,0,,,,,,,,,0,0.0,0.0,0.0
v28s_boundary_monotonic_blend_v001,post_freeze_forward,near_boundary_v28_40_60,0,0,,,,,,,,,0,0.0,0.0,0.0
v28s_boundary_monotonic_blend_v001,post_freeze_forward,near_boundary_abs_d_lte_1,0,0,,,,,,,,,0,0.0,0.0,0.0
v28s_boundary_monotonic_blend_v001,post_freeze_forward,high_recross,0,0,,,,,,,,,0,0.0,0.0,0.0
v28s_boundary_monotonic_blend_v001,post_freeze_forward,prior_recross_seen,0,0,,,,,,,,,0,0.0,0.0,0.0
v28s_boundary_monotonic_blend_v001,post_freeze_forward,adverse_memory_gt_1sigma,0,0,,,,,,,,,0,0.0,0.0,0.0
v28s_boundary_monotonic_blend_v001,post_freeze_forward,late_lte_180s,0,0,,,,,,,,,0,0.0,0.0,0.0
v28s_boundary_monotonic_blend_v001,post_freeze_forward,fresh_feed_lte_1000ms,0,0,,,,,,,,,0,0.0,0.0,0.0
v28s_boundary_monotonic_blend_v001,post_freeze_forward,stale_feed_gt_1000ms,0,0,,,,,,,,,0,0.0,0.0,0.0
v28s_boundary_monotonic_blend_v001,post_freeze_forward,entry_source,0,0,,,,,,,,,0,0.0,0.0,0.0
v28s_boundary_monotonic_blend_v001,post_freeze_forward,rejected_actionable_source,0,0,,,,,,,,,0,0.0,0.0,0.0
v28s_boundary_monotonic_light_v001,all,all_rows,795,176,0.514676476729921,0.4968553459119497,0.16273612147155653,0.4938099827621256,0.037914160339670606,0.7509433962264151,-0.10828715708756956,0.9792832852307597,422,0.5308176100628931,864.0,2385.189410704824
v28s_boundary_monotonic_light_v001,all,near_boundary_v28_40_60,237,119,0.5089548134443348,0.47257383966244726,0.23990476626892285,0.6728275350641392,0.0526192643293425,0.5949367088607594,-0.2354064377292052,3.1097522857004933,84,0.35443037974683544,-124.0,431.57372006873163
v28s_boundary_monotonic_light_v001,all,near_boundary_abs_d_lte_1,0,0,,,,,,,,,0,0.0,0.0,0.0
v28s_boundary_monotonic_light_v001,all,high_recross,349,168,0.49807640839861406,0.4785100286532951,0.23130818865785688,0.6510155473701998,0.06911786470986725,0.5959885386819485,-0.08577092937086153,1.1816469227961222,135,0.3868194842406877,337.0,769.4687682535548
v28s_boundary_monotonic_light_v001,all,prior_recross_seen,0,0,,,,,,,,,0,0.0,0.0,0.0
v28s_boundary_monotonic_light_v001,all,adverse_memory_gt_1sigma,0,0,,,,,,,,,0,0.0,0.0,0.0
v28s_boundary_monotonic_light_v001,all,late_lte_180s,61,43,0.4493042000076552,0.32786885245901637,0.13455987460198146,0.45216513942180936,0.14387357668837342,0.8360655737704918,-1.0151982860429842,0.9075208193660493,23,0.3770491803278688,-12.0,247.43525574551097
v28s_boundary_monotonic_light_v001,all,fresh_feed_lte_1000ms,0,0,,,,,,,,,0,0.0,0.0,0.0
v28s_boundary_monotonic_light_v001,all,stale_feed_gt_1000ms,0,0,,,,,,,,,0,0.0,0.0,0.0
v28s_boundary_monotonic_light_v001,all,entry_source,173,107,0.5389161543763796,0.5260115606936416,0.1326242982279431,0.4432292624774686,0.03892997415940077,0.8439306358381503,-0.06353274264054741,0.8158762441325436,173,1.0,853.0,1526.4885529576334
v28s_boundary_monotonic_light_v001,all,rejected_actionable_source,622,174,0.507934572818607,0.4887459807073955,0.17111127488175767,0.5078782538380833,0.03936088905972926,0.72508038585209,-0.11661113502573382,1.0973498598033273,249,0.4003215434083601,11.0,858.7008577471905
v28s_boundary_monotonic_light_v001,train,all_rows,497,105,0.5304705543834262,0.5231388329979879,0.16004464532082877,0.4860996056011498,0.04440317203573549,0.7505030181086519,-0.04359890538413317,0.9764700481041678,268,0.5392354124748491,888.0,1382.837029917242
v28s_boundary_monotonic_light_v001,train,near_boundary_v28_40_60,136,67,0.5074762715118836,0.4632352941176471,0.2415377453516608,0.6761104876838623,0.0480585532373738,0.5882352941176471,-0.24390577058598348,2.8607710023705493,45,0.33088235294117646,253.0,169.82130215940435
v28s_boundary_monotonic_light_v001,train,near_boundary_abs_d_lte_1,0,0,,,,,,,,,0,0.0,0.0,0.0
v28s_boundary_monotonic_light_v001,train,high_recross,208,99,0.49130575428192524,0.5,0.2327330868425828,0.6529371311746364,0.06978309974481321,0.5769230769230769,0.03894576195046318,1.0499935043886737,78,0.375,662.0,383.73905472591946
v28s_boundary_monotonic_light_v001,train,prior_recross_seen,0,0,,,,,,,,,0,0.0,0.0,0.0
v28s_boundary_monotonic_light_v001,train,adverse_memory_gt_1sigma,0,0,,,,,,,,,0,0.0,0.0,0.0
v28s_boundary_monotonic_light_v001,train,late_lte_180s,42,28,0.47719217903487904,0.38095238095238093,0.14649991820631658,0.49822356548519925,0.12768998247705587,0.8333333333333334,-0.6876526065470945,0.7949225285295509,17,0.40476190476190477,-13.0,202.02900525362986
v28s_boundary_monotonic_light_v001,train,fresh_feed_lte_1000ms,0,0,,,,,,,,,0,0.0,0.0,0.0
v28s_boundary_monotonic_light_v001,train,stale_feed_gt_1000ms,0,0,,,,,,,,,0,0.0,0.0,0.0
v28s_boundary_monotonic_light_v001,train,entry_source,113,67,0.5856266327336301,0.5575221238938053,0.14069427593524345,0.46352324802699474,0.05692708071858916,0.831858407079646,-0.12358407440826534,0.8078914028387536,113,1.0,441.0,964.0298349154223
v28s_boundary_monotonic_light_v001,train,rejected_actionable_source,384,103,0.5142397292439129,0.5130208333333334,0.16573889464523278,0.49274316915812766,0.0443487897678466,0.7265625,-0.011168286946698561,1.1067249364714602,155,0.4036458333333333,447.0,418.8071950018198
v28s_boundary_monotonic_light_v001,validation,all_rows,139,35,0.5034602633035834,0.5323741007194245,0.17540693352549547,0.5377506598864701,0.08632209337093538,0.762589928057554,0.1666529857349849,0.8579327177095043,68,0.4892086330935252,-120.0,535.5034882216651
v28s_boundary_monotonic_light_v001,validation,near_boundary_v28_40_60,50,26,0.5107528299313754,0.54,0.23422458243085356,0.6614060780465232,0.09250675957188174,0.64,0.00393531682762617,3.6487908157958695,21,0.42,-280.0,155.01180035536353
v28s_boundary_monotonic_light_v001,validation,near_boundary_abs_d_lte_1,0,0,,,,,,,,,0,0.0,0.0,0.0
v28s_boundary_monotonic_light_v001,validation,high_recross,66,34,0.5149469876724534,0.5454545454545454,0.21699437379986064,0.6248169680916897,0.10544960301113965,0.6818181818181818,0.04152801235637657,2.890146919859017,28,0.42424242424242425,-216.0,178.93372944011998
v28s_boundary_monotonic_light_v001,validation,prior_recross_seen,0,0,,,,,,,,,0,0.0,0.0,0.0
v28s_boundary_monotonic_light_v001,validation,adverse_memory_gt_1sigma,0,0,,,,,,,,,0,0.0,0.0,0.0
v28s_boundary_monotonic_light_v001,validation,late_lte_180s,7,6,0.6816695217446064,0.42857142857142855,0.22722099054434358,0.6537223614306998,0.34836112279327197,0.7142857142857143,,,2,0.2857142857142857,-58.0,27.24359402095122
v28s_boundary_monotonic_light_v001,validation,fresh_feed_lte_1000ms,0,0,,,,,,,,,0,0.0,0.0,0.0
v28s_boundary_monotonic_light_v001,validation,stale_feed_gt_1000ms,0,0,,,,,,,,,0,0.0,0.0,0.0
v28s_boundary_monotonic_light_v001,validation,entry_source,27,20,0.4634632643491002,0.48148148148148145,0.15889024797344437,0.5254760241638886,0.09665946561198802,0.8148148148148148,0.022885234215154707,0.6185467888917285,27,1.0,71.0,331.9805571523676
v28s_boundary_monotonic_light_v001,validation,rejected_actionable_source,112,35,0.5131023969801106,0.5446428571428571,0.1793886345067935,0.5407097238553067,0.09549918946953612,0.75,0.16426451880732904,1.0756928463745183,41,0.36607142857142855,-191.0,203.5229310692975
v28s_boundary_monotonic_light_v001,chronological_holdout,all_rows,159,36,0.47511293630519713,0.3836477987421384,0.1600721011659854,0.4794974250811264,0.09223108928710635,0.7421383647798742,-0.5942192859715673,1.1401084984514234,86,0.5408805031446541,96.0,466.8488925659166
v28s_boundary_monotonic_light_v001,chronological_holdout,near_boundary_v28_40_60,51,26,0.5111348306690667,0.43137254901960786,0.2411189630660032,0.6752705016248934,0.07976228164945895,0.5686274509803921,-0.44746197684409184,3.158052352123666,18,0.35294117647058826,-97.0,106.74061755396374
v28s_boundary_monotonic_light_v001,chronological_holdout,near_boundary_abs_d_lte_1,0,0,,,,,,,,,0,0.0,0.0,0.0
v28s_boundary_monotonic_light_v001,chronological_holdout,high_recross,75,35,0.5020075793879192,0.36,0.23995262810058718,0.6687411047176512,0.14610076019053725,0.5733333333333334,-0.6182725447926252,0.9872244276770642,29,0.38666666666666666,-109.0,206.79598408751536
v28s_boundary_monotonic_light_v001,chronological_holdout,prior_recross_seen,0,0,,,,,,,,,0,0.0,0.0,0.0
v28s_boundary_monotonic_light_v001,chronological_holdout,adverse_memory_gt_1sigma,0,0,,,,,,,,,0,0.0,0.0,0.0
v28s_boundary_monotonic_light_v001,chronological_holdout,late_lte_180s,12,9,0.21614983573248361,0.08333333333333333,0.03871740435376408,0.1733856020280922,0.1441800523478682,0.9166666666666666,,,4,0.3333333333333333,59.0,18.16265647092986
v28s_boundary_monotonic_light_v001,chronological_holdout,fresh_feed_lte_1000ms,0,0,,,,,,,,,0,0.0,0.0,0.0
v28s_boundary_monotonic_light_v001,chronological_holdout,stale_feed_gt_1000ms,0,0,,,,,,,,,0,0.0,0.0,0.0
v28s_boundary_monotonic_light_v001,chronological_holdout,entry_source,33,20,0.4407023354784168,0.45454545454545453,0.0835004156808682,0.30644493118565674,0.033491466397017125,0.9090909090909091,0.24876738796149278,1.217285239284347,33,1.0,341.0,230.47816088984337
v28s_boundary_monotonic_light_v001,chronological_holdout,rejected_actionable_source,126,36,0.48412523652173484,0.36507936507936506,0.18012659022161132,0.5248206972918448,0.11904587144236974,0.6984126984126984,-0.7030473857920978,1.1259235437644561,53,0.42063492063492064,-245.0,236.37073167607318
v28s_boundary_monotonic_light_v001,post_freeze_forward,all_rows,0,0,,,,,,,,,0,0.0,0.0,0.0
v28s_boundary_monotonic_light_v001,post_freeze_forward,near_boundary_v28_40_60,0,0,,,,,,,,,0,0.0,0.0,0.0
v28s_boundary_monotonic_light_v001,post_freeze_forward,near_boundary_abs_d_lte_1,0,0,,,,,,,,,0,0.0,0.0,0.0
v28s_boundary_monotonic_light_v001,post_freeze_forward,high_recross,0,0,,,,,,,,,0,0.0,0.0,0.0
v28s_boundary_monotonic_light_v001,post_freeze_forward,prior_recross_seen,0,0,,,,,,,,,0,0.0,0.0,0.0
v28s_boundary_monotonic_light_v001,post_freeze_forward,adverse_memory_gt_1sigma,0,0,,,,,,,,,0,0.0,0.0,0.0
v28s_boundary_monotonic_light_v001,post_freeze_forward,late_lte_180s,0,0,,,,,,,,,0,0.0,0.0,0.0
v28s_boundary_monotonic_light_v001,post_freeze_forward,fresh_feed_lte_1000ms,0,0,,,,,,,,,0,0.0,0.0,0.0
v28s_boundary_monotonic_light_v001,post_freeze_forward,stale_feed_gt_1000ms,0,0,,,,,,,,,0,0.0,0.0,0.0
v28s_boundary_monotonic_light_v001,post_freeze_forward,entry_source,0,0,,,,,,,,,0,0.0,0.0,0.0
v28s_boundary_monotonic_light_v001,post_freeze_forward,rejected_actionable_source,0,0,,,,,,,,,0,0.0,0.0,0.0
v28s_boundary_monotonic_time_safe_v001,all,all_rows,795,176,0.5161491077964419,0.4968553459119497,0.16315667234374856,0.5006084797816228,0.04567039876336869,0.7509433962264151,-0.11354712033017207,0.9444265570830939,423,0.5320754716981132,976.0,2425.206210520746
v28s_boundary_monotonic_time_safe_v001,all,near_boundary_v28_40_60,237,119,0.5085439605461285,0.47257383966244726,0.23903367382199095,0.671043949368781,0.052556918469717516,0.5949367088607594,-0.22704136107252926,3.018239286318296,85,0.35864978902953587,107.0,428.5819587356784
v28s_boundary_monotonic_time_safe_v001,all,near_boundary_abs_d_lte_1,0,0,,,,,,,,,0,0.0,0.0,0.0
v28s_boundary_monotonic_time_safe_v001,all,high_recross,349,168,0.49632003925304574,0.4785100286532951,0.2319439737479592,0.652759768430272,0.07757984922171608,0.5959885386819485,-0.0762134366425582,1.1259015046159007,137,0.39255014326647564,477.0,764.8024990037353
v28s_boundary_monotonic_time_safe_v001,all,prior_recross_seen,0,0,,,,,,,,,0,0.0,0.0,0.0
v28s_boundary_monotonic_time_safe_v001,all,adverse_memory_gt_1sigma,0,0,,,,,,,,,0,0.0,0.0,0.0
v28s_boundary_monotonic_time_safe_v001,all,late_lte_180s,61,43,0.45735067213114755,0.32786885245901637,0.13746061264457377,0.5338799443771307,0.15307686885245902,0.8360655737704918,-0.9255266710238059,0.7263107545577319,23,0.3770491803278688,-12.0,260.5764
v28s_boundary_monotonic_time_safe_v001,all,fresh_feed_lte_1000ms,0,0,,,,,,,,,0,0.0,0.0,0.0
v28s_boundary_monotonic_time_safe_v001,all,stale_feed_gt_1000ms,0,0,,,,,,,,,0,0.0,0.0,0.0
v28s_boundary_monotonic_time_safe_v001,all,entry_source,173,107,0.5437082425990506,0.5260115606936416,0.13346954793705534,0.4724656162457914,0.03993887225594961,0.8439306358381503,-0.08088564173071365,0.7619172850044031,173,1.0,853.0,1543.6530521782843
v28s_boundary_monotonic_time_safe_v001,all,rejected_actionable_source,622,174,0.5084839465088996,0.4887459807073955,0.17141370212245907,0.5084359964885341,0.04727546934292241,0.72508038585209,-0.11848025906792214,1.0819676142046244,250,0.40192926045016075,123.0,881.5531583424619
v28s_boundary_monotonic_time_safe_v001,train,all_rows,497,105,0.5326110736050855,0.5231388329979879,0.16121178995815835,0.49763466722722416,0.051695036982163066,0.7505030181086519,-0.05049163546888759,0.925540458289794,265,0.5331991951710262,834.0,1423.8676683923827
v28s_boundary_monotonic_time_safe_v001,train,near_boundary_v28_40_60,136,67,0.5072464710473868,0.4632352941176471,0.240906704276561,0.6748084770104604,0.048499351617119914,0.5882352941176471,-0.2382113753388498,2.7759713403378097,46,0.3382352941176471,400.0,172.335571137282
v28s_boundary_monotonic_time_safe_v001,train,near_boundary_abs_d_lte_1,0,0,,,,,,,,,0,0.0,0.0,0.0
v28s_boundary_monotonic_time_safe_v001,train,high_recross,208,99,0.4897245012975531,0.5,0.23491010798198747,0.6580593236005309,0.07661591893159607,0.5769230769230769,0.04234962448621577,0.9549019065320808,78,0.375,657.0,384.42490295493997
v28s_boundary_monotonic_time_safe_v001,train,prior_recross_seen,0,0,,,,,,,,,0,0.0,0.0,0.0
v28s_boundary_monotonic_time_safe_v001,train,adverse_memory_gt_1sigma,0,0,,,,,,,,,0,0.0,0.0,0.0
v28s_boundary_monotonic_time_safe_v001,train,late_lte_180s,42,28,0.48509821428571426,0.38095238095238093,0.1488307680837857,0.6103531309705639,0.13727335714285716,0.8333333333333334,-0.6077883834669151,0.59147374901906,17,0.40476190476190477,-13.0,214.36949999999996
v28s_boundary_monotonic_time_safe_v001,train,fresh_feed_lte_1000ms,0,0,,,,,,,,,0,0.0,0.0,0.0
v28s_boundary_monotonic_time_safe_v001,train,stale_feed_gt_1000ms,0,0,,,,,,,,,0,0.0,0.0,0.0
v28s_boundary_monotonic_time_safe_v001,train,entry_source,113,67,0.5909186899699848,0.5575221238938053,0.1416767024726082,0.5058038188552733,0.06479837676627108,0.831858407079646,-0.10888749581121465,0.7272222141171844,113,1.0,441.0,985.1629794333019
v28s_boundary_monotonic_time_safe_v001,train,rejected_actionable_source,384,103,0.5154528427477063,0.5130208333333334,0.16696039643177077,0.4952307241700118,0.050628078803108024,0.7265625,-0.016991297235709087,1.0826607918399354,152,0.3958333333333333,393.0,438.70468895908084
v28s_boundary_monotonic_time_safe_v001,validation,all_rows,139,35,0.5042499296297511,0.5323741007194245,0.17521072773384122,0.5392898251697786,0.08632291946433204,0.762589928057554,0.1624851110719193,0.8454938446898941,68,0.4892086330935252,-156.0,540.3208184835022
v28s_boundary_monotonic_time_safe_v001,validation,near_boundary_v28_40_60,50,26,0.509715033174856,0.54,0.23295581582943053,0.6588110290770889,0.09119795031097949,0.64,0.024923808203433498,3.502030139455097,20,0.4,-238.0,155.49409813695252
v28s_boundary_monotonic_time_safe_v001,validation,near_boundary_abs_d_lte_1,0,0,,,,,,,,,0,0.0,0.0,0.0
v28s_boundary_monotonic_time_safe_v001,validation,high_recross,66,34,0.5130273727565745,0.5454545454545454,0.2159091648285607,0.6226262816402581,0.1042443544478201,0.6818181818181818,0.0709096030381696,2.860673603952328,28,0.42424242424242425,-149.0,183.5537026994328
v28s_boundary_monotonic_time_safe_v001,validation,prior_recross_seen,0,0,,,,,,,,,0,0.0,0.0,0.0
v28s_boundary_monotonic_time_safe_v001,validation,adverse_memory_gt_1sigma,0,0,,,,,,,,,0,0.0,0.0,0.0
v28s_boundary_monotonic_time_safe_v001,validation,late_lte_180s,7,6,0.6955547142857144,0.42857142857142855,0.23365482582728572,0.6779570702582424,0.3550772857142857,0.7142857142857143,,,2,0.2857142857142857,-58.0,29.9174
v28s_boundary_monotonic_time_safe_v001,validation,fresh_feed_lte_1000ms,0,0,,,,,,,,,0,0.0,0.0,0.0
v28s_boundary_monotonic_time_safe_v001,validation,stale_feed_gt_1000ms,0,0,,,,,,,,,0,0.0,0.0,0.0
v28s_boundary_monotonic_time_safe_v001,validation,entry_source,27,20,0.46426109596480464,0.48148148148148145,0.15995011752099628,0.5343433767306239,0.09618225851591342,0.8148148148148148,0.013942443016424466,0.6045011056658829,27,1.0,71.0,330.6920979929662
v28s_boundary_monotonic_time_safe_v001,validation,rejected_actionable_source,112,35,0.513890094888265,0.5446428571428571,0.17888962483872348,0.5404822725613606,0.09699819582340335,0.75,0.16096218544406918,1.0656176084653592,41,0.36607142857142855,-227.0,209.62872049053604
v28s_boundary_monotonic_time_safe_v001,chronological_holdout,all_rows,159,36,0.47509494904344907,0.3836477987421384,0.158698136786613,0.4760882145651602,0.09144715030131062,0.7421383647798742,-0.5975462356678561,1.1478177429775192,90,0.5660377358490566,298.0,461.01772364486123
v28s_boundary_monotonic_time_safe_v001,chronological_holdout,near_boundary_v28_40_60,51,26,0.5108558221224517,0.43137254901960786,0.2399976102495693,0.6729982681004713,0.0794832731028439,0.5686274509803921,-0.443718338671919,3.107664926568031,19,0.37254901960784315,-55.0,100.75228946144391
v28s_boundary_monotonic_time_safe_v001,chronological_holdout,near_boundary_abs_d_lte_1,0,0,,,,,,,,,0,0.0,0.0,0.0
v28s_boundary_monotonic_time_safe_v001,chronological_holdout,high_recross,75,35,0.4999092110331733,0.36,0.23782852665465815,0.6645798037999655,0.14383762299356265,0.5733333333333334,-0.6143566226567146,1.047131129206453,31,0.41333333333333333,-31.0,196.82389334936255
v28s_boundary_monotonic_time_safe_v001,chronological_holdout,prior_recross_seen,0,0,,,,,,,,,0,0.0,0.0,0.0
v28s_boundary_monotonic_time_safe_v001,chronological_holdout,adverse_memory_gt_1sigma,0,0,,,,,,,,,0,0.0,0.0,0.0
v28s_boundary_monotonic_time_safe_v001,chronological_holdout,late_lte_180s,12,9,0.22128191666666666,0.08333333333333333,0.04155177758408334,0.1821788012027995,0.15076391666666666,0.9166666666666666,,,4,0.3333333333333333,59.0,16.289500000000018
v28s_boundary_monotonic_time_safe_v001,chronological_holdout,fresh_feed_lte_1000ms,0,0,,,,,,,,,0,0.0,0.0,0.0
v28s_boundary_monotonic_time_safe_v001,chronological_holdout,stale_feed_gt_1000ms,0,0,,,,,,,,,0,0.0,0.0,0.0
v28s_boundary_monotonic_time_safe_v001,chronological_holdout,entry_source,33,20,0.44705043672659833,0.45454545454545453,0.08370034062542278,0.3076802699439146,0.034303644014540544,0.9090909090909091,0.17145644879959543,1.2088423196664828,33,1.0,341.0,227.79797475201622
v28s_boundary_monotonic_time_safe_v001,chronological_holdout,rejected_actionable_source,126,36,0.4824399403645289,0.36507936507936506,0.17834041673359138,0.5201950572040578,0.11736057528516385,0.6984126984126984,-0.6982858791653032,1.1369831073968526,57,0.4523809523809524,-43.0,233.21974889284502
v28s_boundary_monotonic_time_safe_v001,post_freeze_forward,all_rows,0,0,,,,,,,,,0,0.0,0.0,0.0
v28s_boundary_monotonic_time_safe_v001,post_freeze_forward,near_boundary_v28_40_60,0,0,,,,,,,,,0,0.0,0.0,0.0
v28s_boundary_monotonic_time_safe_v001,post_freeze_forward,near_boundary_abs_d_lte_1,0,0,,,,,,,,,0,0.0,0.0,0.0
v28s_boundary_monotonic_time_safe_v001,post_freeze_forward,high_recross,0,0,,,,,,,,,0,0.0,0.0,0.0
v28s_boundary_monotonic_time_safe_v001,post_freeze_forward,prior_recross_seen,0,0,,,,,,,,,0,0.0,0.0,0.0
v28s_boundary_monotonic_time_safe_v001,post_freeze_forward,adverse_memory_gt_1sigma,0,0,,,,,,,,,0,0.0,0.0,0.0
v28s_boundary_monotonic_time_safe_v001,post_freeze_forward,late_lte_180s,0,0,,,,,,,,,0,0.0,0.0,0.0
v28s_boundary_monotonic_time_safe_v001,post_freeze_forward,fresh_feed_lte_1000ms,0,0,,,,,,,,,0,0.0,0.0,0.0
v28s_boundary_monotonic_time_safe_v001,post_freeze_forward,stale_feed_gt_1000ms,0,0,,,,,,,,,0,0.0,0.0,0.0
v28s_boundary_monotonic_time_safe_v001,post_freeze_forward,entry_source,0,0,,,,,,,,,0,0.0,0.0,0.0
v28s_boundary_monotonic_time_safe_v001,post_freeze_forward,rejected_actionable_source,0,0,,,,,,,,,0,0.0,0.0,0.0
v28s_boundary_monotonic_micro_time_safe_v001,all,all_rows,795,176,0.5161836845401904,0.4968553459119497,0.1632594889623122,0.5008745317332804,0.05355358126207048,0.7509433962264151,-0.11359284762478852,0.9415990671052287,421,0.529559748427673,778.0,2434.8450809236315
v28s_boundary_monotonic_micro_time_safe_v001,all,near_boundary_v28_40_60,237,119,0.5084127721300833,0.47257383966244726,0.23879572706945995,0.6705543704304604,0.05256927132150595,0.5949367088607594,-0.2241242635533875,2.982162331768245,85,0.35864978902953587,107.0,428.5633676207035
v28s_boundary_monotonic_micro_time_safe_v001,all,near_boundary_abs_d_lte_1,0,0,,,,,,,,,0,0.0,0.0,0.0
v28s_boundary_monotonic_micro_time_safe_v001,all,high_recross,349,168,0.4957899112028478,0.4785100286532951,0.2321747635817485,0.6533764185999598,0.0942946049048604,0.5959885386819485,-0.07360963619248467,1.1069928462764596,136,0.38968481375358166,288.0,767.3534644531437
v28s_boundary_monotonic_micro_time_safe_v001,all,prior_recross_seen,0,0,,,,,,,,,0,0.0,0.0,0.0
v28s_boundary_monotonic_micro_time_safe_v001,all,adverse_memory_gt_1sigma,0,0,,,,,,,,,0,0.0,0.0,0.0
v28s_boundary_monotonic_micro_time_safe_v001,all,late_lte_180s,61,43,0.45735067213114755,0.32786885245901637,0.13746061264457377,0.5338799443771307,0.15307686885245902,0.8360655737704918,-0.9255266710238059,0.7263107545577319,23,0.3770491803278688,-12.0,260.5764
v28s_boundary_monotonic_micro_time_safe_v001,all,fresh_feed_lte_1000ms,0,0,,,,,,,,,0,0.0,0.0,0.0
v28s_boundary_monotonic_micro_time_safe_v001,all,stale_feed_gt_1000ms,0,0,,,,,,,,,0,0.0,0.0,0.0
v28s_boundary_monotonic_micro_time_safe_v001,all,entry_source,173,107,0.5445600982132411,0.5260115606936416,0.13358365590162874,0.47301381854495755,0.04105082384782721,0.8439306358381503,-0.08667934147937907,0.7615036326124007,173,1.0,853.0,1544.0746956534854
v28s_boundary_monotonic_micro_time_safe_v001,all,rejected_actionable_source,622,174,0.5082912093545991,0.4887459807073955,0.17151337822195567,0.5086235725396789,0.05703103629850792,0.72508038585209,-0.11698351744992892,1.0773303987337661,248,0.3987138263665595,-75.0,890.7703852701463
v28s_boundary_monotonic_micro_time_safe_v001,train,all_rows,497,105,0.5327931910956102,0.5231388329979879,0.16153336896235715,0.4984003447516653,0.06725352773404704,0.7505030181086519,-0.051172645997563965,0.9209050907896946,263,0.5291750503018109,606.0,1434.6681795571944
v28s_boundary_monotonic_micro_time_safe_v001,train,near_boundary_v28_40_60,136,67,0.507178622196569,0.4632352941176471,0.24076182869563478,0.6745067550291148,0.04867529960278302,0.5882352941176471,-0.2360271451726771,2.7364702295213124,46,0.3382352941176471,400.0,173.62303134118457
v28s_boundary_monotonic_micro_time_safe_v001,train,near_boundary_abs_d_lte_1,0,0,,,,,,,,,0,0.0,0.0,0.0
v28s_boundary_monotonic_micro_time_safe_v001,train,high_recross,208,99,0.4892432503892659,0.5,0.2356092197389,0.6597153840351211,0.11222817553419459,0.5769230769230769,0.04294466180324448,0.9255934692777316,76,0.36538461538461536,429.0,387.9698199259617
v28s_boundary_monotonic_micro_time_safe_v001,train,prior_recross_seen,0,0,,,,,,,,,0,0.0,0.0,0.0
v28s_boundary_monotonic_micro_time_safe_v001,train,adverse_memory_gt_1sigma,0,0,,,,,,,,,0,0.0,0.0,0.0
v28s_boundary_monotonic_micro_time_safe_v001,train,late_lte_180s,42,28,0.48509821428571426,0.38095238095238093,0.1488307680837857,0.6103531309705639,0.13727335714285716,0.8333333333333334,-0.6077883834669151,0.59147374901906,17,0.40476190476190477,-13.0,214.36949999999996
v28s_boundary_monotonic_micro_time_safe_v001,train,fresh_feed_lte_1000ms,0,0,,,,,,,,,0,0.0,0.0,0.0
v28s_boundary_monotonic_micro_time_safe_v001,train,stale_feed_gt_1000ms,0,0,,,,,,,,,0,0.0,0.0,0.0
v28s_boundary_monotonic_micro_time_safe_v001,train,entry_source,113,67,0.5918901662830308,0.5575221238938053,0.14185031083217362,0.506561745465562,0.06603480860510255,0.831858407079646,-0.11482064045774049,0.7265782945172106,113,1.0,441.0,987.5555938299906
v28s_boundary_monotonic_micro_time_safe_v001,train,rejected_actionable_source,384,103,0.5154026749597286,0.5130208333333334,0.16732551888087469,0.49599868256241963,0.07031985455182006,0.7265625,-0.016288958059617047,1.0750366636274005,150,0.390625,165.0,447.1125857272039
v28s_boundary_monotonic_micro_time_safe_v001,validation,all_rows,139,35,0.5040278371623066,0.5323741007194245,0.17504179545059514,0.5389321648782099,0.0863077269184363,0.762589928057554,0.16385063318277193,0.8453823937554241,68,0.4892086330935252,-156.0,541.7330555450507
v28s_boundary_monotonic_micro_time_safe_v001,validation,near_boundary_v28_40_60,50,26,0.5093729619524567,0.54,0.2325736564762146,0.6580271693459825,0.09082583709329387,0.64,0.0315187593487794,3.456023959571312,20,0.4,-238.0,155.60749944108574
v28s_boundary_monotonic_micro_time_safe_v001,validation,near_boundary_abs_d_lte_1,0,0,,,,,,,,,0,0.0,0.0,0.0
v28s_boundary_monotonic_micro_time_safe_v001,validation,high_recross,66,34,0.5124431421300026,0.5454545454545454,0.21561156083661226,0.6220081159277633,0.10387753966767933,0.6818181818181818,0.07959813951260614,2.8463873147818326,28,0.42424242424242425,-149.0,185.26618080982982
v28s_boundary_monotonic_micro_time_safe_v001,validation,prior_recross_seen,0,0,,,,,,,,,0,0.0,0.0,0.0
v28s_boundary_monotonic_micro_time_safe_v001,validation,adverse_memory_gt_1sigma,0,0,,,,,,,,,0,0.0,0.0,0.0
v28s_boundary_monotonic_micro_time_safe_v001,validation,late_lte_180s,7,6,0.6955547142857144,0.42857142857142855,0.23365482582728572,0.6779570702582424,0.3550772857142857,0.7142857142857143,,,2,0.2857142857142857,-58.0,29.9174
v28s_boundary_monotonic_micro_time_safe_v001,validation,fresh_feed_lte_1000ms,0,0,,,,,,,,,0,0.0,0.0,0.0
v28s_boundary_monotonic_micro_time_safe_v001,validation,stale_feed_gt_1000ms,0,0,,,,,,,,,0,0.0,0.0,0.0
v28s_boundary_monotonic_micro_time_safe_v001,validation,entry_source,27,20,0.46425498804870063,0.48148148148148145,0.15989949411262316,0.5343797467695173,0.09580319607329257,0.8148148148148148,0.0149708367735519,0.6050776547212992,27,1.0,71.0,329.66862939788984
v28s_boundary_monotonic_micro_time_safe_v001,validation,rejected_actionable_source,112,35,0.5136159347164795,0.5446428571428571,0.1786921716659991,0.5400296228151268,0.096991952497021,0.75,0.16265298696378527,1.0653658295891208,41,0.36607142857142855,-227.0,212.06442614716082
v28s_boundary_monotonic_micro_time_safe_v001,chronological_holdout,all_rows,159,36,0.4748927287381919,0.3836477987421384,0.15835471561706901,0.47533780168747886,0.09124492999605356,0.7421383647798742,-0.5967876033304402,1.1499394910893972,90,0.5660377358490566,328.0,458.44384582138645
v28s_boundary_monotonic_micro_time_safe_v001,chronological_holdout,near_boundary_v28_40_60,51,26,0.5107624760485002,0.43137254901960786,0.23965285860872446,0.6722962478580468,0.07938992702889242,0.5686274509803921,-0.4425828480271864,3.0922093207042627,19,0.37254901960784315,-55.0,99.33283683843315
v28s_boundary_monotonic_micro_time_safe_v001,chronological_holdout,near_boundary_abs_d_lte_1,0,0,,,,,,,,,0,0.0,0.0,0.0
v28s_boundary_monotonic_micro_time_safe_v001,chronological_holdout,high_recross,75,35,0.4992911406432853,0.36,0.23722549025496803,0.6634004608113121,0.14316940556473545,0.5733333333333334,-0.6129188570682513,1.0629709412412476,32,0.4266666666666667,8.0,194.1174637173522
v28s_boundary_monotonic_micro_time_safe_v001,chronological_holdout,prior_recross_seen,0,0,,,,,,,,,0,0.0,0.0,0.0
v28s_boundary_monotonic_micro_time_safe_v001,chronological_holdout,adverse_memory_gt_1sigma,0,0,,,,,,,,,0,0.0,0.0,0.0
v28s_boundary_monotonic_micro_time_safe_v001,chronological_holdout,late_lte_180s,12,9,0.22128191666666666,0.08333333333333333,0.04155177758408334,0.1821788012027995,0.15076391666666666,0.9166666666666666,,,4,0.3333333333333333,59.0,16.289500000000018
v28s_boundary_monotonic_micro_time_safe_v001,chronological_holdout,fresh_feed_lte_1000ms,0,0,,,,,,,,,0,0.0,0.0,0.0
v28s_boundary_monotonic_micro_time_safe_v001,chronological_holdout,stale_feed_gt_1000ms,0,0,,,,,,,,,0,0.0,0.0,0.0
v28s_boundary_monotonic_micro_time_safe_v001,chronological_holdout,entry_source,33,20,0.44819465223010074,0.45454545454545453,0.08374548502743408,0.307929097208854,0.034590765931634876,0.9090909090909091,0.15811874187720476,1.2081492764413264,33,1.0,341.0,226.85047242560486
v28s_boundary_monotonic_micro_time_safe_v001,chronological_holdout,rejected_actionable_source,126,36,0.48188508210935865,0.36507936507936506,0.17789522839054484,0.5191829385747377,0.11680571702999362,0.6984126984126984,-0.6959549826396589,1.139893307420804,57,0.4523809523809524,-13.0,231.5933733957816
v28s_boundary_monotonic_micro_time_safe_v001,post_freeze_forward,all_rows,0,0,,,,,,,,,0,0.0,0.0,0.0
v28s_boundary_monotonic_micro_time_safe_v001,post_freeze_forward,near_boundary_v28_40_60,0,0,,,,,,,,,0,0.0,0.0,0.0
v28s_boundary_monotonic_micro_time_safe_v001,post_freeze_forward,near_boundary_abs_d_lte_1,0,0,,,,,,,,,0,0.0,0.0,0.0
v28s_boundary_monotonic_micro_time_safe_v001,post_freeze_forward,high_recross,0,0,,,,,,,,,0,0.0,0.0,0.0
v28s_boundary_monotonic_micro_time_safe_v001,post_freeze_forward,prior_recross_seen,0,0,,,,,,,,,0,0.0,0.0,0.0
v28s_boundary_monotonic_micro_time_safe_v001,post_freeze_forward,adverse_memory_gt_1sigma,0,0,,,,,,,,,0,0.0,0.0,0.0
v28s_boundary_monotonic_micro_time_safe_v001,post_freeze_forward,late_lte_180s,0,0,,,,,,,,,0,0.0,0.0,0.0
v28s_boundary_monotonic_micro_time_safe_v001,post_freeze_forward,fresh_feed_lte_1000ms,0,0,,,,,,,,,0,0.0,0.0,0.0
v28s_boundary_monotonic_micro_time_safe_v001,post_freeze_forward,stale_feed_gt_1000ms,0,0,,,,,,,,,0,0.0,0.0,0.0
v28s_boundary_monotonic_micro_time_safe_v001,post_freeze_forward,entry_source,0,0,,,,,,,,,0,0.0,0.0,0.0
v28s_boundary_monotonic_micro_time_safe_v001,post_freeze_forward,rejected_actionable_source,0,0,,,,,,,,,0,0.0,0.0,0.0
v28s_late_dsigma_residual_tilt_v001,all,all_rows,795,176,0.5161985031446541,0.4968553459119497,0.16330634137287547,0.5009962822456109,0.056954143396226405,0.7509433962264151,-0.11360396084075779,0.9403008942477011,425,0.5345911949685535,613.0,2436.4871999999996
v28s_late_dsigma_residual_tilt_v001,all,near_boundary_v28_40_60,237,119,0.5083565485232068,0.47257383966244726,0.2386954029044135,0.6703476622106317,0.05257456540084391,0.5949367088607594,-0.2228365490384484,2.965501306544786,86,0.3628691983122363,59.0,427.5678
v28s_late_dsigma_residual_tilt_v001,all,near_boundary_abs_d_lte_1,0,0,,,,,,,,,0,0.0,0.0,0.0
v28s_late_dsigma_residual_tilt_v001,all,high_recross,349,168,0.4955627134670487,0.4785100286532951,0.23227838506587678,0.653652024861407,0.1015083123209169,0.5959885386819485,-0.07253660232398366,1.0986681038748138,139,0.3982808022922636,112.0,765.9011999999999
v28s_late_dsigma_residual_tilt_v001,all,prior_recross_seen,0,0,,,,,,,,,0,0.0,0.0,0.0
v28s_late_dsigma_residual_tilt_v001,all,adverse_memory_gt_1sigma,0,0,,,,,,,,,0,0.0,0.0,0.0
v28s_late_dsigma_residual_tilt_v001,all,late_lte_180s,61,43,0.45735067213114755,0.32786885245901637,0.13746061264457377,0.5338799443771307,0.15307686885245902,0.8360655737704918,-0.9255266710238057,0.7263107545577318,23,0.3770491803278688,-12.0,260.57640000000004
v28s_late_dsigma_residual_tilt_v001,all,fresh_feed_lte_1000ms,0,0,,,,,,,,,0,0.0,0.0,0.0
v28s_late_dsigma_residual_tilt_v001,all,stale_feed_gt_1000ms,0,0,,,,,,,,,0,0.0,0.0,0.0
v28s_late_dsigma_residual_tilt_v001,all,entry_source,173,107,0.5449251791907515,0.5260115606936416,0.13363403471027746,0.47325610936565615,0.041544219653179185,0.8439306358381503,-0.08915912821103333,0.7613033498166051,173,1.0,853.0,1544.2553999999998
v28s_late_dsigma_residual_tilt_v001,all,rejected_actionable_source,622,174,0.5082086077170418,0.4887459807073955,0.17155924981761736,0.5087117965675275,0.061240183279742774,0.72508038585209,-0.11634393726286865,1.0752419867988101,252,0.40514469453376206,-240.0,892.2317999999998
v28s_late_dsigma_residual_tilt_v001,train,all_rows,497,105,0.5328712414486922,0.5231388329979879,0.16167412796192154,0.4987378799302173,0.07257437223340044,0.7505030181086519,-0.051457575439360595,0.9188453996422301,267,0.5372233400402414,441.0,1436.3059999999998
v28s_late_dsigma_residual_tilt_v001,train,near_boundary_v28_40_60,136,67,0.507149544117647,0.4632352941176471,0.24070137511974998,0.6743805167182808,0.04875070588235298,0.5882352941176471,-0.23506049436959167,2.7183281469965825,47,0.34558823529411764,352.0,173.18719999999996
v28s_late_dsigma_residual_tilt_v001,train,near_boundary_abs_d_lte_1,0,0,,,,,,,,,0,0.0,0.0,0.0
v28s_late_dsigma_residual_tilt_v001,train,high_recross,208,99,0.489037,0.5,0.23591405907840385,0.6604395405736615,0.12427182692307692,0.5769230769230769,0.04314196329258669,0.9130067366848168,79,0.3798076923076923,253.0,386.48199999999997
v28s_late_dsigma_residual_tilt_v001,train,prior_recross_seen,0,0,,,,,,,,,0,0.0,0.0,0.0
v28s_late_dsigma_residual_tilt_v001,train,adverse_memory_gt_1sigma,0,0,,,,,,,,,0,0.0,0.0,0.0
v28s_late_dsigma_residual_tilt_v001,train,late_lte_180s,42,28,0.48509821428571426,0.38095238095238093,0.14883076808378573,0.6103531309705639,0.13727335714285713,0.8333333333333334,-0.607788383466915,0.5914737490190599,17,0.40476190476190477,-13.0,214.3695
v28s_late_dsigma_residual_tilt_v001,train,fresh_feed_lte_1000ms,0,0,,,,,,,,,0,0.0,0.0,0.0
v28s_late_dsigma_residual_tilt_v001,train,stale_feed_gt_1000ms,0,0,,,,,,,,,0,0.0,0.0,0.0
v28s_late_dsigma_residual_tilt_v001,train,entry_source,113,67,0.5923065132743363,0.5575221238938053,0.14192628612061947,0.5068949875694521,0.06656470796460179,0.831858407079646,-0.11735552132648762,0.7262787945737506,113,1.0,441.0,988.5809999999999
v28s_late_dsigma_residual_tilt_v001,train,rejected_actionable_source,384,103,0.5153811744791666,0.5130208333333334,0.16748534183709637,0.4963374810676299,0.07701570052083334,0.7265625,-0.01599793996060573,1.0716854759783878,154,0.4010416666666667,0.0,447.7249999999998
v28s_late_dsigma_residual_tilt_v001,validation,all_rows,139,35,0.503932654676259,0.5323741007194245,0.1749721360266259,0.5387830854366437,0.08630121582733814,0.762589928057554,0.16445263650589212,0.845153802350287,68,0.4892086330935252,-156.0,542.3383
v28s_late_dsigma_residual_tilt_v001,validation,near_boundary_v28_40_60,50,26,0.50922636,0.54,0.23241162082992,0.6576944625907282,0.09066636000000004,0.64,0.034341089841686816,3.4356000578143937,20,0.4,-238.0,155.6561
v28s_late_dsigma_residual_tilt_v001,validation,near_boundary_abs_d_lte_1,0,0,,,,,,,,,0,0.0,0.0,0.0
v28s_late_dsigma_residual_tilt_v001,validation,high_recross,66,34,0.5121927575757576,0.5454545454545454,0.21548868441139396,0.621750134405794,0.10372033333333334,0.6818181818181818,0.08327138033760505,2.83957937965538,28,0.42424242424242425,-149.0,186.00009999999997
v28s_late_dsigma_residual_tilt_v001,validation,prior_recross_seen,0,0,,,,,,,,,0,0.0,0.0,0.0
v28s_late_dsigma_residual_tilt_v001,validation,adverse_memory_gt_1sigma,0,0,,,,,,,,,0,0.0,0.0,0.0
v28s_late_dsigma_residual_tilt_v001,validation,late_lte_180s,7,6,0.6955547142857142,0.42857142857142855,0.2336548258272857,0.6779570702582423,0.3550772857142857,0.7142857142857143,,,2,0.2857142857142857,-58.0,29.9174
v28s_late_dsigma_residual_tilt_v001,validation,fresh_feed_lte_1000ms,0,0,,,,,,,,,0,0.0,0.0,0.0
v28s_late_dsigma_residual_tilt_v001,validation,stale_feed_gt_1000ms,0,0,,,,,,,,,0,0.0,0.0,0.0
v28s_late_dsigma_residual_tilt_v001,validation,entry_source,27,20,0.4642523703703703,0.48148148148148145,0.1598787355417037,0.5343978291737055,0.09564074074074072,0.8148148148148148,0.015397589309743397,0.605313100652937,27,1.0,71.0,329.23
v28s_late_dsigma_residual_tilt_v001,validation,rejected_actionable_source,112,35,0.5134984375,0.5446428571428571,0.1786107236435268,0.5398402454286019,0.09698927678571428,0.75,0.16338198560124464,1.0651170723891095,41,0.36607142857142855,-227.0,213.1083
v28s_late_dsigma_residual_tilt_v001,chronological_holdout,all_rows,159,36,0.47480606289308175,0.3836477987421384,0.1582098923689308,0.47502181876886274,0.0911582641509434,0.7421383647798742,-0.5964528229140543,1.1507794291285072,90,0.5660377358490566,328.0,457.8429
v28s_late_dsigma_residual_tilt_v001,chronological_holdout,near_boundary_v28_40_60,51,26,0.5107224705882353,0.43137254901960786,0.2395067143247843,0.6719984811901396,0.07934992156862743,0.5686274509803921,-0.4420079908260097,3.0840152062778903,19,0.37254901960784315,-55.0,98.7245
v28s_late_dsigma_residual_tilt_v001,chronological_holdout,near_boundary_abs_d_lte_1,0,0,,,,,,,,,0,0.0,0.0,0.0
v28s_late_dsigma_residual_tilt_v001,chronological_holdout,high_recross,75,35,0.49902625333333334,0.36,0.23697038571374668,0.6629016448870272,0.14288302666666666,0.5733333333333334,-0.6122644608834542,1.0694789277423844,32,0.4266666666666667,8.0,193.41910000000001
v28s_late_dsigma_residual_tilt_v001,chronological_holdout,prior_recross_seen,0,0,,,,,,,,,0,0.0,0.0,0.0
v28s_late_dsigma_residual_tilt_v001,chronological_holdout,adverse_memory_gt_1sigma,0,0,,,,,,,,,0,0.0,0.0,0.0
v28s_late_dsigma_residual_tilt_v001,chronological_holdout,late_lte_180s,12,9,0.22128191666666666,0.08333333333333333,0.04155177758408334,0.1821788012027995,0.15076391666666666,0.9166666666666666,,,4,0.3333333333333333,59.0,16.289500000000018
v28s_late_dsigma_residual_tilt_v001,chronological_holdout,fresh_feed_lte_1000ms,0,0,,,,,,,,,0,0.0,0.0,0.0
v28s_late_dsigma_residual_tilt_v001,chronological_holdout,stale_feed_gt_1000ms,0,0,,,,,,,,,0,0.0,0.0,0.0
v28s_late_dsigma_residual_tilt_v001,chronological_holdout,entry_source,33,20,0.4486850303030303,0.45454545454545453,0.08376641859460605,0.30804339203698133,0.03471381818181817,0.9090909090909091,0.15240360121661584,1.2078151630057568,33,1.0,341.0,226.44439999999997
v28s_late_dsigma_residual_tilt_v001,chronological_holdout,rejected_actionable_source,126,36,0.4816472857142857,0.36507936507936506,0.17770699264315873,0.518754263865308,0.11656792063492064,0.6984126984126984,-0.6949453875093428,1.1410631403369658,57,0.4523809523809524,-13.0,231.3985
v28s_late_dsigma_residual_tilt_v001,post_freeze_forward,all_rows,0,0,,,,,,,,,0,0.0,0.0,0.0
v28s_late_dsigma_residual_tilt_v001,post_freeze_forward,near_boundary_v28_40_60,0,0,,,,,,,,,0,0.0,0.0,0.0
v28s_late_dsigma_residual_tilt_v001,post_freeze_forward,near_boundary_abs_d_lte_1,0,0,,,,,,,,,0,0.0,0.0,0.0
v28s_late_dsigma_residual_tilt_v001,post_freeze_forward,high_recross,0,0,,,,,,,,,0,0.0,0.0,0.0
v28s_late_dsigma_residual_tilt_v001,post_freeze_forward,prior_recross_seen,0,0,,,,,,,,,0,0.0,0.0,0.0
v28s_late_dsigma_residual_tilt_v001,post_freeze_forward,adverse_memory_gt_1sigma,0,0,,,,,,,,,0,0.0,0.0,0.0
v28s_late_dsigma_residual_tilt_v001,post_freeze_forward,late_lte_180s,0,0,,,,,,,,,0,0.0,0.0,0.0
v28s_late_dsigma_residual_tilt_v001,post_freeze_forward,fresh_feed_lte_1000ms,0,0,,,,,,,,,0,0.0,0.0,0.0
v28s_late_dsigma_residual_tilt_v001,post_freeze_forward,stale_feed_gt_1000ms,0,0,,,,,,,,,0,0.0,0.0,0.0
v28s_late_dsigma_residual_tilt_v001,post_freeze_forward,entry_source,0,0,,,,,,,,,0,0.0,0.0,0.0
v28s_late_dsigma_residual_tilt_v001,post_freeze_forward,rejected_actionable_source,0,0,,,,,,,,,0,0.0,0.0,0.0
