model,split,n,brier,logloss,side_accuracy,mean_p_yes,yes_rate
v28_live_surface,all,19021,0.14719568906947586,0.4411537473875953,0.7765627464381473,0.5078122247425724,0.4958204090216077
v28_live_surface,validation,3818,0.1366720507095461,0.4104850288259039,0.785751702462022,0.5210804959207964,0.5188580408590885
v28_live_surface,holdout,3805,0.1487204016274989,0.44382708999913917,0.7742444152431012,0.4780149591844347,0.4323258869908016
v31_avg90_final60_exact,all,19021,0.14636507140410496,0.4408385257607266,0.7762998790810157,0.5071252777811508,0.4958204090216077
v31_avg90_final60_exact,validation,3818,0.13599565559248408,0.4068628352037104,0.785751702462022,0.5202567411599972,0.5188580408590885
v31_avg90_final60_exact,holdout,3805,0.14727833389730557,0.43872041198809725,0.7734559789750328,0.47554230555413,0.4323258869908016
book_mid_probability,all,19021,0.13334377792976482,0.4001298250689712,0.7941748593659639,0.507785588717733,0.4958204090216077
book_mid_probability,validation,3818,0.12134192640136668,0.3648676110361702,0.8038239916186485,0.5173454447354636,0.5188580408590885
book_mid_probability,holdout,3805,0.13682437582141682,0.4097166094088441,0.7942181340341655,0.4674559687253614,0.4323258869908016
v31_book_logit_blend_w0.00,all,19021,0.14636507140410496,0.44083852576072685,0.7762998790810157,0.5071252777811508,0.4958204090216077
v31_book_logit_blend_w0.00,validation,3818,0.13599565559248408,0.4068628352037104,0.785751702462022,0.5202567411599972,0.5188580408590885
v31_book_logit_blend_w0.00,holdout,3805,0.14727833389730557,0.43872041198809725,0.7734559789750328,0.47554230555413,0.4323258869908016
v31_book_logit_blend_w0.05,all,19021,0.1452217420890178,0.43727512634853827,0.7778770832238052,0.5071677418013354,0.4958204090216077
v31_book_logit_blend_w0.05,validation,3818,0.13481137067456114,0.4034703210079437,0.7891566265060241,0.5201901401830838,0.5188580408590885
v31_book_logit_blend_w0.05,holdout,3805,0.14621424160137542,0.4356943318228492,0.7734559789750328,0.47497306895961866,0.4323258869908016
v31_book_logit_blend_w0.10,all,19021,0.14414417274831937,0.43391250875530196,0.7794017138951685,0.5072123303245264,0.4958204090216077
v31_book_logit_blend_w0.10,validation,3818,0.1336753492590461,0.4002240029355433,0.7891566265060241,0.5201200195900633,0.5188580408590885
v31_book_logit_blend_w0.10,holdout,3805,0.14520943100693137,0.43290063382085975,0.7758212877792379,0.4744116383663056,0.4323258869908016
v31_book_logit_blend_w0.15,all,19021,0.14313050207276903,0.4307338878784794,0.7815046527522213,0.5072577197638556,0.4958204090216077
v31_book_logit_blend_w0.15,validation,3818,0.13258866130345778,0.39711971644317795,0.7878470403352541,0.5200457494117507,0.5188580408590885
v31_book_logit_blend_w0.15,holdout,3805,0.1442811936566661,0.430326977755492,0.7800262812089356,0.4738658728285259,0.4323258869908016
v31_book_logit_blend_w0.20,all,19021,0.14217750590473818,0.42772588760385577,0.7839756059092582,0.5073046290535865,0.4958204090216077
v31_book_logit_blend_w0.20,validation,3818,0.13155204342752172,0.3941545930044654,0.7907281299109481,0.5199665233136181,0.5188580408590885
v31_book_logit_blend_w0.20,holdout,3805,0.14343484045520288,0.42795731298993417,0.7821287779237845,0.4733468863523942,0.4323258869908016
v31_book_logit_blend_w0.25,all,19021,0.1412800371368402,0.42487798400144194,0.7863414121234426,0.5073530135453744,0.4958204090216077
v31_book_logit_blend_w0.25,validation,3818,0.1305657706665585,0.39132653679189616,0.7946568884232582,0.5198814519153355,0.5188580408590885
v31_book_logit_blend_w0.25,holdout,3805,0.14266013731799823,0.425772251174083,0.783442838370565,0.4728581554357238,0.4323258869908016
v31_book_logit_blend_w0.30,all,19021,0.140433478089112,0.4221827398652654,0.788076336680511,0.5074014891614979,0.4958204090216077
v31_book_logit_blend_w0.30,validation,3818,0.12962965605494498,0.38863391061462793,0.7954426401257203,0.5197896456572771,0.5188580408590885
v31_book_logit_blend_w0.30,holdout,3805,0.1419463192057139,0.4237545248935019,0.7863337713534823,0.47239585245007354,0.4323258869908016
v31_book_logit_blend_w0.35,all,19021,0.13963458147331323,0.4196355752476322,0.7896009673518742,0.5074483166575297,0.4958204090216077
v31_book_logit_blend_w0.35,validation,3818,0.1287431277831186,0.38607536323296116,0.7988475641697224,0.5196902757229267,0.5188580408590885
v31_book_logit_blend_w0.35,holdout,3805,0.14128743324789877,0.42189163968550714,0.7886990801576873,0.47195472973205765,0.4323258869908016
v31_book_logit_blend_w0.40,all,19021,0.13888134351138706,0.4172340803469137,0.7904947163661217,0.5074920958831937,0.4958204090216077
v31_book_logit_blend_w0.40,validation,3818,0.12790534264829165,0.3836497481943369,0.8017286537454165,0.5195826060527909,0.5188580408590885
v31_book_logit_blend_w0.40,holdout,3805,0.1406802820885332,0.42017519715359775,0.7892247043363995,0.4715309570488733,0.4323258869908016
v31_book_logit_blend_w0.50,all,19021,0.13751009865701852,0.4128650646670802,0.7928605225803059,0.5075682763097727,0.4958204090216077
v31_book_logit_blend_w0.50,validation,3818,0.1263719512053778,0.3791936410758587,0.8040859088528025,0.5193398702940767,0.5188580408590885
v31_book_logit_blend_w0.50,holdout,3805,0.13961258638911322,0.41715996519014326,0.7910643889618922,0.47072721344217183,0.4323258869908016
v31_book_logit_blend_w0.60,all,19021,0.13632010755919066,0.40907558244558373,0.794017138951685,0.5076315587838104,0.4958204090216077
v31_book_logit_blend_w0.60,validation,3818,0.1250212174241858,0.375260336042558,0.8053954950235725,0.5190568446603816,0.5188580408590885
v31_book_logit_blend_w0.60,holdout,3805,0.13872863233731247,0.41467691389949907,0.7939553219448094,0.46997543831664024,0.4323258869908016
v31_book_logit_blend_w0.70,all,19021,0.13529764807786684,0.40587388232999555,0.7935439777088481,0.5076818914883332,0.4958204090216077
v31_book_logit_blend_w0.70,validation,3818,0.12384580835879914,0.3718489187328852,0.8059193294918806,0.5187282525679439,0.5188580408590885
v31_book_logit_blend_w0.70,holdout,3805,0.13801664660177038,0.4127041139262508,0.7936925098554534,0.4692722234644143,0.4323258869908016
v31_book_logit_blend_w0.80,all,19021,0.13443490211300896,0.40328923645736303,0.7933862572945691,0.5077146413231778,0.4958204090216077
v31_book_logit_blend_w0.80,validation,3818,0.1228405730731634,0.3689650562614823,0.8048716605552645,0.5183457067785947,0.5188580408590885
v31_book_logit_blend_w0.80,holdout,3805,0.1374670641180691,0.4112252456409034,0.7936925098554534,0.46861658359995173,0.4323258869908016
v31_book_logit_blend_w1.00,all,19021,0.13334377792976482,0.4001298250689712,0.7941748593659639,0.507785588717733,0.4958204090216077
v31_book_logit_blend_w1.00,validation,3818,0.12134192640136668,0.3648676110361702,0.8038239916186485,0.5173454447354636,0.5188580408590885
v31_book_logit_blend_w1.00,holdout,3805,0.13682437582141682,0.4097166094088441,0.7942181340341655,0.4674559687253614,0.4323258869908016
