model,family,blend_start_seconds,blend_end_seconds,posterior_temperature,two_side_all_heartbeats_train_brier,two_side_all_heartbeats_train_logloss,two_side_all_heartbeats_train_brier_delta_ref,two_side_all_heartbeats_train_logloss_delta_ref,two_side_all_heartbeats_validation_brier,two_side_all_heartbeats_validation_logloss,two_side_all_heartbeats_validation_brier_delta_ref,two_side_all_heartbeats_validation_logloss_delta_ref,two_side_all_heartbeats_holdout_brier,two_side_all_heartbeats_holdout_logloss,two_side_all_heartbeats_holdout_brier_delta_ref,two_side_all_heartbeats_holdout_logloss_delta_ref,two_side_all_heartbeats_all_brier,two_side_all_heartbeats_all_logloss,two_side_all_heartbeats_all_brier_delta_ref,two_side_all_heartbeats_all_logloss_delta_ref,two_side_minute_bucket_train_brier,two_side_minute_bucket_train_logloss,two_side_minute_bucket_train_brier_delta_ref,two_side_minute_bucket_train_logloss_delta_ref,two_side_minute_bucket_validation_brier,two_side_minute_bucket_validation_logloss,two_side_minute_bucket_validation_brier_delta_ref,two_side_minute_bucket_validation_logloss_delta_ref,two_side_minute_bucket_holdout_brier,two_side_minute_bucket_holdout_logloss,two_side_minute_bucket_holdout_brier_delta_ref,two_side_minute_bucket_holdout_logloss_delta_ref,two_side_minute_bucket_all_brier,two_side_minute_bucket_all_logloss,two_side_minute_bucket_all_brier_delta_ref,two_side_minute_bucket_all_logloss_delta_ref,validation_mean_brier_delta_ref,holdout_mean_brier_delta_ref,train_mean_brier_delta_ref,validation_mean_logloss_delta_ref,holdout_mean_logloss_delta_ref,train_mean_logloss_delta_ref,beats_ref_all_validation_holdout_brier,beats_ref_all_validation_holdout_logloss
v35_h150_t102,v35_ref,0,0,1.02,0.14969618587429717,0.4553689386501138,0.0001416570166279385,0.001407866732955787,0.13419778430491588,0.40150876612356073,-0.00014808278631281424,-0.00044736501542425033,0.14694220922649162,0.4379998930478279,-6.711724433355881e-05,-2.617642894719996e-06,0.14603435009611523,0.44108328819939735,4.17352128012638e-05,0.0007533181884299411,0.15254502641913903,0.4557992512868646,0.0003326258660604209,0.0012389434005803945,0.13718678034189316,0.4091543677366657,-0.0002677280420148309,-0.0007132327467898603,0.15033780449665932,0.44616815796626436,-0.0001752083585309927,-0.00011110758310267643,0.14902512836114787,0.4445243462411638,0.00011085995969445372,0.0005779824290084168,-0.00020790541416382258,-0.00012116280143227576,0.0002371414413441797,-0.0005802988811070553,-5.6862612998698214e-05,0.0013234050667680908,True,True
v36_s120_e300_t104,v36_piecewise,120,300,1.04,0.14968558491526987,0.4535970454715183,0.000131056057600637,-0.0003640264456397091,0.13422924742197892,0.40140191521085816,-0.00011661966924977896,-0.0005542159281268222,0.14694251306898845,0.4376563683618115,-6.681340183672946e-05,-0.0003461423289111143,0.1460343738893256,0.4399313452592459,4.1759006011637956e-05,-0.00039862475172153244,0.15230568640119055,0.4545192012156187,9.32858481119403e-05,-4.110667066553608e-05,0.13734367768424707,0.4093265222963012,-0.00011083069966091874,-0.0005410781871543757,0.15047655881310557,0.4460436857728755,-3.6454042084743676e-05,-0.0002355797764915235,0.14894072532704075,0.4437661867603772,2.6456925587337032e-05,-0.00018017705177819643,-0.00011372518445534885,-5.163372196073657e-05,0.00011217095285628864,-0.000547647057640599,-0.0002908610527013189,-0.0002025665581526226,True,True
v36_s120_e300_t102,v36_piecewise,120,300,1.02,0.1496116940165842,0.45369619683214,5.716515891496243e-05,-0.0002648750850179904,0.1342815563297668,0.4016905454071962,-6.43107614619054e-05,-0.00026558573178880884,0.14691309776232633,0.4377817920138056,-9.622870849884668e-05,-0.00022071867691697555,0.14599471150064283,0.4400737854197958,2.096617328861683e-06,-0.0002561845911716043,0.15221432402790327,0.4543906082577207,1.9234748246665934e-06,-0.00016969962856350218,0.13736837088427822,0.40946215052819934,-8.613749962976813e-05,-0.00040544995525620964,0.15042404047327154,0.4460307358604803,-8.897238191876711e-05,-0.0002485296888867228,0.14888038705291967,0.44371365834042975,-3.388134853374303e-05,-0.00023270547172565825,-7.522413054583676e-05,-9.26005452088069e-05,2.9544316869814513e-05,-0.00033551784352250924,-0.00023462418290184917,-0.0002172873567907463,True,True
v36_s120_e300_t100,v36_piecewise,120,300,1.0,0.14954811235885604,0.4538612397218461,-6.416498813194282e-06,-9.983219531189969e-05,0.13434750564405243,0.40205721764203817,1.6385528237294888e-06,0.00010108650305318267,0.1468946111563373,0.43797018170318813,-0.00011471531448786765,-3.2328987534469e-05,0.14596615092082943,0.4402839708052959,-2.646396248454086e-05,-4.599920567149862e-05,0.15213306349836,0.45431761248689767,-7.933705471860342e-05,-0.00024269539938653883,0.13740622180578255,0.40966897731776564,-4.82865781254449e-05,-0.00019862316568991512,0.15038180168183957,0.44607353637636427,-0.00013121117335074262,-0.0002057291730027666,0.14883079877833796,0.4437198856244662,-8.346962311545081e-05,-0.00022647818768922745,-2.3324012650857706e-05,-0.00012296324391930513,-4.287677676589885e-05,-4.876833131836622e-05,-0.0001190290802686178,-0.00017126379734921926,False,False
v36_s180_e450_t104,v36_piecewise,180,450,1.04,0.14974829645634385,0.4538027727057155,0.00019376759867462123,-0.00015829921144250303,0.13431800244799072,0.40167908040135325,-2.7864643237979214e-05,-0.0002770507376317344,0.14704702225262495,0.4377891781198537,3.769578179976807e-05,-0.00021333257086891821,0.1461106743087679,0.44013682535188237,0.00011805942545392578,-0.00019314465908504275,0.15241539129731124,0.4549059668336572,0.00020299074423263397,0.0003456589473729843,0.13744527818747748,0.4097674769265676,-9.230196430509707e-06,-0.00010012355688793217,0.1505744518953687,0.4462905051517277,6.143904017838486e-05,1.1239602360657575e-05,0.14904644686918617,0.4441358732008093,0.000132178467732752,0.00018950938865386346,-1.854741983424446e-05,4.9567410989076466e-05,0.0001983791714536276,-0.00018858714725983328,-0.00010104648425413032,9.367986796524064e-05,False,False
v36_s300_e900_t104,v36_piecewise,300,900,1.04,0.14977074804156193,0.4537201533361264,0.00021621918389269634,-0.00024091858103159058,0.13429554469740568,0.40157771786889,-5.032239382302128e-05,-0.0003784132700949683,0.1471371664391768,0.43779356531324154,0.00012783996835161182,-0.00020894537748106234,0.1461376528118125,0.44006784872327825,0.00014503792849854258,-0.0002621212876891543,0.1524739487192385,0.4549964930653462,0.00026154816615989174,0.0004361851790619653,0.13748378143415396,0.4098865340717476,2.9273050245970378e-05,1.893358829202496e-05,0.15069938103285216,0.446435769051844,0.00018636817766184977,0.00015650350247697897,0.14911423629146414,0.4442430492480904,0.00019996789001072712,0.00029668543593497354,-1.0524671788525453e-05,0.0001571040730067308,0.00023888367502629404,-0.00017973984090147166,-2.6220937502041686e-05,9.763329901518736e-05,False,False
v34_h110_t098,v34_ref,0,0,0.98,0.14955452885766923,0.453961071917158,0.0,0.0,0.1343458670912287,0.401956131138985,0.0,0.0,0.14700932647082518,0.4380025106907226,0.0,0.0,0.14599261488331397,0.4403299700109674,0.0,0.0,0.1522124005530786,0.4545603078862842,0.0,0.0,0.137454508383908,0.40986760048345555,0.0,0.0,0.1505130128551903,0.44627926554936703,0.0,0.0,0.14891426840145341,0.4439463638121554,0.0,0.0,0.0,0.0,0.0,0.0,0.0,0.0,False,False
v36_s180_e600_t104,v36_piecewise,180,600,1.04,0.14975231697828484,0.453758481047375,0.00019778812061560513,-0.00020259086978302587,0.1343411969124724,0.40175882066485724,-4.670178756299714e-06,-0.00019731047412774316,0.14710910111229253,0.4378631674059961,9.977464146734838e-05,-0.0001393432847264786,0.14613015763958698,0.44014109122844325,0.00013754275627300694,-0.00018887878252416002,0.15243576162397665,0.4549283080180845,0.0002233610708980427,0.00036800013180027236,0.13747645438028094,0.4098463324405531,2.1945996372951804e-05,-2.126804290247808e-05,0.15066603330713013,0.44650891904112683,0.0001530204519398226,0.00022965349175979588,0.14908320261883473,0.44420869543405017,0.00016893421738131686,0.00026233162189476245,8.637908808326045e-06,0.0001263975467035855,0.0002105745957568239,-0.00010928925851511062,4.5155103516658635e-05,8.270463100862324e-05,False,False
v36_s300_e900_t102,v36_piecewise,300,900,1.02,0.14967859115535548,0.4537316505740618,0.00012406229768624488,-0.00022942134309622553,0.13433009367848134,0.4017741565842469,-1.577341274736077e-05,-0.00018197455473806246,0.1470921572710879,0.43784084649029886,8.283080026272316e-05,-0.00016166420042373897,0.14608036055253,0.44012362672716465,8.774566921601612e-05,-0.0002063432838027568,0.1523645386061579,0.45478660581412766,0.00015213805307928707,0.00022629792784345515,0.1374909799967906,0.40993713958529704,3.647161288261591e-05,6.953910184148704e-05,0.15063129403625664,0.4463498369648021,0.00011828118106632646,7.057141543509449e-05,0.1490364561758267,0.444110138731369,0.00012218777437328354,0.00016377491921359955,1.034910006762757e-05,0.00010055599066452481,0.00013810017538276598,-5.621772644828771e-05,-4.554639249432224e-05,-1.5617076263851892e-06,False,False
v36_s180_e450_t102,v36_piecewise,180,450,1.02,0.14966731137673314,0.45386587598828154,0.00011278251906390868,-9.51959288764681e-05,0.13436425113433303,0.40193271680391307,1.8384043104335834e-05,-2.341433507191404e-05,0.14701086503297595,0.43788081016680247,1.5385621507657543e-06,-0.00012170052392013186,0.14606419574961152,0.4402438804456367,7.158086629754923e-05,-8.608956533068257e-05,0.15231678575628707,0.454743051075634,0.00010438520320846245,0.00018274318934979883,0.13746373667754655,0.4098701136454312,9.228293638557927e-06,2.5131619756368906e-06,0.15051485651305038,0.44624501729231025,1.8436578600733444e-06,-3.424825705677925e-05,0.14897910078380674,0.44404964527805346,6.483238235333033e-05,0.00010328146589805298,1.380616837144688e-05,1.6911100054195494e-06,0.00010858386113618557,-1.0450586548138574e-05,-7.797439048845556e-05,4.377363023666536e-05,False,False
v36_s300_e600_t104,v36_piecewise,300,600,1.04,0.14975825717199354,0.45375441036930014,0.00020372831432430294,-0.00020666154785786706,0.1343550541274051,0.40181854564724373,9.187036176389052e-06,-0.00013758549174125445,0.14715373729961156,0.4379055925368274,0.00014441082878638434,-9.691815389517577e-05,0.14614542780767764,0.4401591270844376,0.0001528129243636711,-0.0001708429265298017,0.1524621571478069,0.45501453967384814,0.00024975659472828426,0.0004542317875639301,0.1375117371698055,0.4099887183409432,5.722878589750624e-05,0.00012111785748764037,0.15071779221596493,0.4465783257425409,0.00020477936077462067,0.00029906019317388344,0.14911644434222526,0.4443028259593257,0.0002021759407718482,0.0003564621471702778,3.3207911036947646e-05,0.0001745950947805025,0.0002267424545262936,-8.233817126807041e-06,0.00010107101963935383,0.00012378511985303153,False,False
v36_s180_e600_t102,v36_piecewise,180,600,1.02,0.14966749192024986,0.45380249933341466,0.00011296306258062883,-0.00015857258374335492,0.1343838906518895,0.40199494194705127,3.802356066079371e-05,3.881080806628079e-05,0.14707007891462137,0.437939693449512,6.075244379619149e-05,-6.281724121059984e-05,0.1460800913561882,0.44023017240584067,8.747647287424276e-05,-9.979760512673908e-05,0.1523335511420459,0.4547481864737418,0.00012115058896727815,0.00018787858745761277,0.13749169619570636,0.4099320924192244,3.7187811798372605e-05,6.449193576885115e-05,0.15060364209029592,0.4464519075786397,9.062923510561038e-05,0.0001726420292726405,0.1490124909930224,0.444106462275917,9.822259156899715e-05,0.0001600984637615821,3.760568622958316e-05,7.569083945090094e-05,0.00011705682577395349,5.165137191756597e-05,5.491239403102033e-05,1.4653001857128922e-05,False,False
v36_s300_e900_t100,v36_piecewise,300,900,1.0,0.14959649252249044,0.453805186400237,4.196366482120406e-05,-0.00015588551692102826,0.13437812761085804,0.40204527179900207,3.226051962934573e-05,8.91406600170841e-05,0.1470577521989597,0.4379476644146484,4.842572813451573e-05,-5.484627607421633e-05,0.14603392356377914,0.44024347959708887,4.130868046517411e-05,-8.649041387853718e-05,0.1522649669099982,0.4546287894468417,5.2566356919581114e-05,6.848156055749843e-05,0.1375111806035167,0.4100559730955365,5.667221960869995e-05,0.0001883726120809337,0.15057315582743563,0.44631645489871585,6.0142972245325055e-05,3.718934934882068e-05,0.14896917079082486,0.4440326341089387,5.490238937144731e-05,8.627029678326403e-05,4.446636961902284e-05,5.4284350189920394e-05,4.726501087039259e-05,0.0001387566360490089,-8.828463362697825e-06,-4.370197818176491e-05,False,False
v36_s300_e600_t102,v36_piecewise,300,600,1.02,0.1496703855651557,0.4537842502890179,0.00011585670748645582,-0.00017682162814008917,0.1343946917689789,0.40204044787237225,4.882467775019217e-05,8.431673338726853e-05,0.1471124796835424,0.437970433028323,0.00010315321271722744,-3.207766239959886e-05,0.14609247531893618,0.44023452039554767,9.986043562221214e-05,-9.54496154197404e-05,0.15235708811464146,0.45482237115592944,0.00014468756156285623,0.00026206326964522964,0.13752410246114652,0.41006204681060615,6.959407723852729e-05,0.00019444632715059917,0.1506533204206421,0.44651059254559455,0.00014030756545180267,0.00023132699622752106,0.1490430259022153,0.44418873334702474,0.00012875750076188353,0.00024236953486933555,5.920937749435973e-05,0.00012173038908451506,0.00013027213452465602,0.00013938153026893385,9.96246669139611e-05,4.262082075257023e-05,False,False
v36_s180_e450_t100,v36_piecewise,180,450,1.0,0.14959659968390487,0.45399348312444265,4.2070826235640624e-05,3.241120728464386e-05,0.1344241400691125,0.40226343644631113,7.827297788379206e-05,0.00030730530732614447,0.14698553128688013,0.4380340601119435,-2.379518394504676e-05,3.154942122091109e-05,0.14602877643276369,0.4404173870842942,3.6161549449714725e-05,8.741707332676762e-05,0.15222823292288507,0.45463445335892155,1.5832369806456636e-05,7.414547263734361e-05,0.13749536597145423,0.4100431361975034,4.085758754623914e-05,0.0001755357140478253,0.15046543596611942,0.4462539765309521,-4.757688907089386e-05,-2.528901841492015e-05,0.1489224569388055,0.4440209825973317,8.188537352071812e-06,7.461878517628362e-05,5.95652827150156e-05,-3.568603650797031e-05,2.895159802104863e-05,0.0002414205106869849,3.1302014029954695e-06,5.327833996099374e-05,False,False
v36_s180_e600_t100,v36_piecewise,180,600,1.0,0.14959288607659266,0.45391016842747156,3.835721892342381e-05,-5.090348968644909e-05,0.13444019161265353,0.4023074774289201,9.432452142482672e-05,0.0003513462899351061,0.1470418172991018,0.4380771561020702,3.2490828276610095e-05,7.464541134760694e-05,0.1460410326429313,0.44038492337565394,4.84177596173363e-05,5.495336468652745e-05,0.1522413416480078,0.4546216131434159,2.8941094929180178e-05,6.13052571317163e-05,0.13752007834000068,0.4100876161438028,6.556995609269256e-05,0.00022001566034723918,0.15055134718653423,0.4464488182289521,3.83343313439255e-05,0.00016955267958507214,0.14895242879545897,0.44406110304134044,3.8160394005559706e-05,0.00011473922918503465,7.994723875875964e-05,3.54125798102678e-05,3.364915692630199e-05,0.00028568097514117263,0.00012209904546633954,5.200883722633609e-06,False,False
v36_s300_e600_t100,v36_piecewise,300,600,1.0,0.14959268843602375,0.45387710253511343,3.8159578354513e-05,-8.396938204457971e-05,0.13444790250876418,0.40233821569462175,0.00010203541753547873,0.0003820845556367636,0.14708192927799618,0.43809568744288296,7.260280717100165e-05,9.317675216036214e-05,0.1460504860667176,0.4403749862224625,5.78711834036405e-05,4.501621149510804e-05,0.15226197818886436,0.4546832083239503,4.957763578575247e-05,0.00012290043766610692,0.13754957482698343,0.41020467863387894,9.506644307544221e-05,0.0003370781504233866,0.15059889521479022,0.44649630252942374,8.588235959991475e-05,0.00021703698005670624,0.14898021517334545,0.44413100129604155,6.594677189203368e-05,0.00018463748388614087,9.855093030546047e-05,7.92425833854582e-05,4.386860707013274e-05,0.0003595813530300751,0.0001551068661085342,1.9465527810763605e-05,False,False
